{"Head": [[0.009615384615384616, -0.225], [0.008012820512820512, -0.21388888888888888], [0.00641025641025641, -0.14166666666666666], [0.004807692307692308, -0.07777777777777778], [-0.08814102564102565, -0.08055555555555556], [-0.19230769230769232, -0.04722222222222222], [-0.5016025641025641, -0.5027777777777778], [-0.3333333333333333, 0.03611111111111111], [-0.34455128205128205, 0.008333333333333333], [-0.34455128205128205, -0.005555555555555556]], "R-Sho": [[-0.008012820512820512, -0.18611111111111112], [-0.019230769230769232, -0.1638888888888889], [-0.00641025641025641, -0.12222222222222222], [-0.019230769230769232, -0.075], [-0.09775641025641026, -0.041666666666666664], [-0.18269230769230768, -0.016666666666666666], [0.0, 0.0], [-0.3269230769230769, 0.06111111111111111], [-0.32532051282051283, 0.041666666666666664], [-0.3317307692307692, 0.03333333333333333]], "R-Elb": [[-0.017628205128205128, -0.14444444444444443], [-0.030448717948717948, -0.12222222222222222], [-0.020833333333333332, -0.09722222222222222], [-0.030448717948717948, -0.03333333333333333], [-0.09775641025641026, -0.041666666666666664], [-0.19391025641025642, 0.0], [0.0, 0.0], [-0.34134615384615385, 0.075], [-0.32532051282051283, 0.07777777777777778], [-0.32371794871794873, 0.05555555555555555]], "R-Wr": [[-0.009615384615384616, -0.1], [-0.03365384615384615, -0.08055555555555556], [0.030448717948717948, -0.10555555555555556], [-0.020833333333333332, -0.011111111111111112], [-0.10576923076923077, 0.005555555555555556], [-0.20833333333333334, 0.013888888888888888], [0.0, 0.0], [-0.358974358974359, 0.075], [-0.34775641025641024, 0.07777777777777778], [-0.34134615384615385, 0.06111111111111111]], "L-Sho": [[0.028846153846153848, -0.18611111111111112], [0.019230769230769232, -0.1638888888888889], [0.019230769230769232, -0.11944444444444445], [-0.046474358974358976, -0.03611111111111111], [-0.04487179487179487, -0.03888888888888889], [-0.22596153846153846, 0.025], [0.0, 0.0], [-0.3060897435897436, 0.027777777777777776], [-0.3092948717948718, 0.03333333333333333], [-0.3189102564102564, 0.016666666666666666]], "L-Elb": [[0.030448717948717948, -0.14444444444444443], [0.04326923076923077, -0.14166666666666666], [0.030448717948717948, -0.09722222222222222], [0.028846153846153848, -0.03611111111111111], [-0.019230769230769232, 0.005555555555555556], [-0.16506410256410256, -0.05], [-0.27564102564102566, 0.027777777777777776], [-0.3157051282051282, 0.011111111111111112], [-0.30128205128205127, 0.027777777777777776], [-0.3141025641025641, -0.005555555555555556]], "L-Wr": [[0.03205128205128205, -0.10277777777777777], [0.04326923076923077, -0.11944444444444445], [0.019230769230769232, -0.03611111111111111], [0.030448717948717948, -0.013888888888888888], [-0.035256410256410256, -0.016666666666666666], [-0.15224358974358973, -0.06666666666666667], [-0.25961538461538464, 0.06944444444444445], [-0.32371794871794873, 0.005555555555555556], [-0.2948717948717949, 0.022222222222222223], [-0.3189102564102564, -0.013888888888888888]], "R-Hip": [[-0.00641025641025641, -0.09722222222222222], [-0.008012820512820512, -0.07777777777777778], [-0.00641025641025641, -0.05277777777777778], [-0.02564102564102564, 0.027777777777777776], [-0.017628205128205128, 0.005555555555555556], [-0.028846153846153848, 0.04722222222222222], [-0.27884615384615385, 0.075], [-0.23076923076923078, 0.05555555555555555], [-0.24519230769230768, 0.06944444444444445], [-0.2548076923076923, 0.05]], "R-Knee": [[-0.00641025641025641, -0.030555555555555555], [-0.020833333333333332, -0.013888888888888888], [-0.019230769230769232, -0.011111111111111112], [-0.03365384615384615, 0.058333333333333334], [0.003205128205128205, 0.025], [-0.020833333333333332, 0.05277777777777778], [-0.3060897435897436, 0.08611111111111111], [-0.1955128205128205, 0.06111111111111111], [-0.21474358974358973, 0.075], [-0.23557692307692307, 0.08055555555555556]], "R-Ank": [[-0.00641025641025641, 0.03333333333333333], [0.020833333333333332, -0.06111111111111111], [0.03685897435897436, 0.002777777777777778], [0.01282051282051282, 0.011111111111111112], [0.03365384615384615, 0.044444444444444446], [-0.019230769230769232, 0.05555555555555555], [-0.3269230769230769, 0.08333333333333333], [-0.14583333333333334, 0.04722222222222222], [-0.16666666666666666, 0.05555555555555555], [-0.1842948717948718, 0.03611111111111111]], "L-Hip": [[0.017628205128205128, -0.1], [0.017628205128205128, -0.07777777777777778], [0.017628205128205128, -0.05277777777777778], [0.004807692307692308, -0.013888888888888888], [0.05128205128205128, 0.06666666666666667], [-0.017628205128205128, 0.058333333333333334], [-0.24519230769230768, 0.03611111111111111], [-0.21634615384615385, 0.030555555555555555], [-0.22596153846153846, 0.03888888888888889], [-0.24519230769230768, 0.019444444444444445]], "L-Knee": [[0.028846153846153848, -0.03333333333333333], [0.020833333333333332, -0.013888888888888888], [0.030448717948717948, -0.011111111111111112], [0.030448717948717948, 0.027777777777777776], [0.06570512820512821, 0.07777777777777778], [0.0, 0.06944444444444445], [-0.2467948717948718, 0.0], [-0.1955128205128205, 0.025], [-0.20993589743589744, 0.03888888888888889], [-0.21314102564102563, 0.03888888888888889]], "L-Ank": [[0.030448717948717948, 0.030555555555555555], [0.03205128205128205, 0.05277777777777778], [0.05448717948717949, 0.05277777777777778], [0.05448717948717949, 0.07222222222222222], [0.05929487179487179, 0.075], [-0.035256410256410256, 0.044444444444444446], [-0.2564102564102564, -0.025], [-0.17307692307692307, 0.019444444444444445], [-0.19230769230769232, 0.030555555555555555], [-0.17467948717948717, 0.016666666666666666]]}