{"Head": [[0.004807692307692308, -0.11944444444444445], [0.004807692307692308, -0.12222222222222222], [-0.5016025641025641, -0.5027777777777778], [0.09935897435897435, -0.06944444444444445], [0.0, 0.0], [0.1971153846153846, 0.06666666666666667], [0.19391025641025642, 0.1], [0.20192307692307693, 0.11388888888888889], [0.18269230769230768, 0.05], [0.1778846153846154, -0.04722222222222222]], "R-Sho": [[-0.019230769230769232, -0.1], [-0.008012820512820512, -0.1], [0.00641025641025641, -0.07777777777777778], [0.07371794871794872, -0.05555555555555555], [0.0, 0.0], [0.17307692307692307, 0.06666666666666667], [0.18269230769230768, 0.06944444444444445], [0.1842948717948718, 0.1111111111111111], [0.16506410256410256, 0.06666666666666667], [0.16826923076923078, -0.011111111111111112]], "R-Elb": [[-0.020833333333333332, -0.075], [-0.019230769230769232, -0.07777777777777778], [-0.00641025641025641, -0.05277777777777778], [0.052884615384615384, -0.04722222222222222], [0.17467948717948717, -0.03333333333333333], [0.16987179487179488, 0.041666666666666664], [0.19230769230769232, 0.058333333333333334], [0.18269230769230768, 0.075], [0.15064102564102563, 0.075], [0.15705128205128205, 0.0]], "R-Wr": [[-0.020833333333333332, -0.03333333333333333], [-0.019230769230769232, -0.05277777777777778], [-0.014423076923076924, -0.013888888888888888], [0.04326923076923077, -0.05555555555555555], [0.15384615384615385, -0.03888888888888889], [0.17307692307692307, 0.008333333333333333], [0.20833333333333334, 0.06666666666666667], [0.20352564102564102, 0.09166666666666666], [0.1362179487179487, 0.075], [0.15705128205128205, 0.03611111111111111]], "L-Sho": [[0.017628205128205128, -0.11666666666666667], [0.019230769230769232, -0.11944444444444445], [-0.017628205128205128, 0.016666666666666666], [0.08814102564102565, -0.041666666666666664], [0.14262820512820512, -0.04722222222222222], [0.1971153846153846, 0.08333333333333333], [0.18108974358974358, 0.09722222222222222], [0.22115384615384615, 0.12222222222222222], [0.1955128205128205, 0.07222222222222222], [0.19230769230769232, -0.008333333333333333]], "L-Elb": [[0.030448717948717948, -0.09722222222222222], [0.04326923076923077, -0.09722222222222222], [0.05608974358974359, -0.075], [0.09935897435897435, -0.019444444444444445], [0.1266025641025641, -0.08333333333333333], [0.20032051282051283, 0.13055555555555556], [0.17147435897435898, 0.12777777777777777], [0.1907051282051282, 0.15], [0.20512820512820512, 0.08611111111111111], [0.20512820512820512, 0.008333333333333333]], "L-Wr": [[0.028846153846153848, -0.05555555555555555], [0.04326923076923077, -0.058333333333333334], [0.05128205128205128, -0.05277777777777778], [0.11057692307692307, 0.0], [0.17467948717948717, 0.019444444444444445], [0.21474358974358973, 0.15833333333333333], [0.15865384615384615, 0.15833333333333333], [0.18108974358974358, 0.1638888888888889], [0.21634615384615385, 0.10555555555555556], [0.21794871794871795, 0.03611111111111111]], "R-Hip": [[-0.008012820512820512, -0.03611111111111111], [-0.00641025641025641, -0.05277777777777778], [0.05448717948717949, -0.03333333333333333], [0.060897435897435896, -0.013888888888888888], [0.16185897435897437, 0.013888888888888888], [0.125, 0.10555555555555556], [0.1346153846153846, 0.11388888888888889], [0.17147435897435898, 0.18611111111111112], [0.15064102564102563, 0.1111111111111111], [0.17467948717948717, 0.08055555555555556]], "R-Knee": [[-0.022435897435897436, -0.011111111111111112], [-0.030448717948717948, -0.013888888888888888], [0.009615384615384616, -0.002777777777777778], [0.011217948717948718, 0.03333333333333333], [0.1362179487179487, 0.011111111111111112], [0.10096153846153846, 0.09444444444444444], [0.11217948717948718, 0.10277777777777777], [0.15384615384615385, 0.1111111111111111], [0.14903846153846154, 0.13333333333333333], [0.15384615384615385, 0.075]], "R-Ank": [[-0.03205128205128205, 0.05277777777777778], [-0.03205128205128205, 0.05277777777777778], [-0.003205128205128205, 0.022222222222222223], [-0.030448717948717948, 0.058333333333333334], [0.09775641025641026, 0.03333333333333333], [0.08493589743589744, 0.09166666666666666], [0.11217948717948718, 0.10277777777777777], [0.13782051282051283, 0.1388888888888889], [0.11698717948717949, 0.13333333333333333], [0.15384615384615385, 0.11388888888888889]], "L-Hip": [[0.017628205128205128, -0.05277777777777778], [0.019230769230769232, -0.03611111111111111], [-0.060897435897435896, 0.07222222222222222], [0.07371794871794872, -0.002777777777777778], [0.08173076923076923, 0.03333333333333333], [0.1362179487179487, 0.14166666666666666], [0.12179487179487179, 0.1527777777777778], [0.09455128205128205, 0.11388888888888889], [0.1778846153846154, 0.11666666666666667], [0.1842948717948718, 0.08888888888888889]], "L-Knee": [[0.028846153846153848, -0.011111111111111112], [0.030448717948717948, 0.005555555555555556], [0.017628205128205128, -0.005555555555555556], [0.052884615384615384, 0.041666666666666664], [0.05128205128205128, 0.04722222222222222], [0.10576923076923077, 0.14166666666666666], [0.10416666666666667, 0.13055555555555556], [0.16506410256410256, 0.14166666666666666], [0.20192307692307693, 0.1388888888888889], [0.1971153846153846, 0.10833333333333334]], "L-Ank": [[0.030448717948717948, 0.05277777777777778], [0.030448717948717948, 0.05277777777777778], [0.030448717948717948, 0.019444444444444445], [0.004807692307692308, 0.1], [0.11698717948717949, 0.075], [0.060897435897435896, 0.12777777777777777], [0.08333333333333333, 0.11388888888888889], [0.14903846153846154, 0.16111111111111112], [0.23076923076923078, 0.15555555555555556], [0.21634615384615385, 0.12777777777777777]]}