{"Head": [[0.0, 0.0], [-0.06674473067915691, -0.16666666666666666], [-0.18969555035128804, -0.1], [-0.3009367681498829, -0.010416666666666666], [-0.373536299765808, 0.022916666666666665], [-0.40749414519906324, 0.010416666666666666], [0.1756440281030445, 0.03333333333333333], [0.0, 0.0], [0.0, 0.0], [0.0, 0.0]], "R-Sho": [[0.0, 0.0], [-0.07962529274004684, -0.14375], [-0.18969555035128804, -0.07708333333333334], [-0.28805620608899296, 0.03333333333333333], [-0.3629976580796253, 0.05416666666666667], [-0.39695550351288056, 0.035416666666666666], [0.12763466042154567, 0.11666666666666667], [0.0, 0.0], [0.0, 0.0], [0.0, 0.0]], "R-Elb": [[0.0, 0.0], [-0.08196721311475409, -0.1], [-0.21194379391100704, -0.04791666666666667], [-0.3231850117096019, 0.05625], [-0.3793911007025761, 0.058333333333333334], [-0.4203747072599532, 0.06875], [0.12763466042154567, 0.22708333333333333], [0.0, 0.0], [0.0, 0.0], [0.0, 0.0]], "R-Wr": [[0.0, 0.0], [-0.09250585480093677, -0.0625], [-0.2681498829039813, -0.041666666666666664], [-0.34894613583138173, 0.075], [-0.40398126463700235, 0.06875], [-0.45784543325526933, 0.07291666666666667], [0.1288056206088993, 0.35625], [0.0, 0.0], [0.0, 0.0], [0.0, 0.0]], "L-Sho": [[0.0, 0.0], [-0.04215456674473068, -0.15], [-0.16510538641686182, -0.10833333333333334], [-0.275175644028103, -0.0125], [-0.3360655737704918, 0.03125], [-0.373536299765808, 0.008333333333333333], [0.21311475409836064, 0.008333333333333333], [0.0, 0.0], [0.0, 0.0], [0.0, 0.0]], "L-Elb": [[0.0, 0.0], [-0.01990632318501171, -0.14166666666666666], [-0.15105386416861827, -0.1375], [-0.275175644028103, -0.07708333333333334], [-0.351288056206089, 0.0020833333333333333], [-0.35011709601873536, -0.010416666666666666], [0.28688524590163933, -0.05416666666666667], [0.0, 0.0], [0.0, 0.0], [0.0, 0.0]], "L-Wr": [[0.0, 0.0], [-0.02224824355971897, -0.11458333333333333], [-0.15690866510538642, -0.18333333333333332], [-0.28688524590163933, -0.09583333333333334], [-0.3430913348946136, -0.0375], [-0.3477751756440281, -0.03333333333333333], [0.382903981264637, -0.11875], [0.0, 0.0], [0.0, 0.0], [0.0, 0.0]], "R-Hip": [[0.0, 0.0], [-0.05620608899297424, -0.05416666666666667], [-0.10889929742388758, -0.008333333333333333], [-0.2259953161592506, 0.052083333333333336], [-0.3009367681498829, 0.03333333333333333], [-0.34894613583138173, 0.07291666666666667], [0.23770491803278687, 0.24791666666666667], [0.0, 0.0], [0.0, 0.0], [0.0, 0.0]], "R-Knee": [[-0.026932084309133488, -0.28125], [-0.05503512880562061, 0.008333333333333333], [-0.06791569086651054, 0.022916666666666665], [-0.20140515222482436, 0.052083333333333336], [-0.2716627634660422, 0.058333333333333334], [-0.30562060889929743, 0.08125], [0.21311475409836064, 0.35833333333333334], [0.0, 0.0], [0.0, 0.0], [0.0, 0.0]], "R-Ank": [[-0.04566744730679157, -0.23541666666666666], [-0.01990632318501171, 0.052083333333333336], [-0.03044496487119438, 0.04375], [-0.14988290398126464, 0.05625], [-0.20725995316159251, 0.06875], [-0.2459016393442623, 0.09166666666666666], [0.3091334894613583, 0.37916666666666665], [0.0, 0.0], [0.0, 0.0], [0.0, 0.0]], "L-Hip": [[-0.059718969555035126, -0.18958333333333333], [-0.03161592505854801, -0.075], [-0.08782201405152225, -0.04791666666666667], [-0.19789227166276346, -0.004166666666666667], [-0.27400468384074944, -0.0020833333333333333], [-0.3161592505854801, 0.01875], [0.2857142857142857, 0.18333333333333332], [0.0, 0.0], [0.0, 0.0], [0.0, 0.0]], "L-Knee": [[-0.06674473067915691, -0.12916666666666668], [-0.00585480093676815, -0.03333333333333333], [-0.05503512880562061, -0.029166666666666667], [-0.17798594847775176, -0.03125], [-0.23653395784543327, -0.03333333333333333], [-0.2810304449648712, 0.03125], [0.297423887587822, 0.14166666666666666], [0.0, 0.0], [0.0, 0.0], [0.0, 0.0]], "L-Ank": [[-0.00819672131147541, -0.22083333333333333], [0.03044496487119438, 0.0375], [-0.01873536299765808, -0.004166666666666667], [-0.1358313817330211, -0.04791666666666667], [-0.19320843091334894, -0.06875], [-0.22950819672131148, 0.03125], [0.37236533957845436, 0.3541666666666667], [0.0, 0.0], [0.0, 0.0], [0.0, 0.0]]}