{"Head": [[-0.09133489461358314, -0.18541666666666667], [0.0, 0.0], [-0.06557377049180328, -0.06041666666666667], [-0.1885245901639344, -0.06875], [-0.1885245901639344, -0.09583333333333334], [-0.18149882903981265, -0.15], [0.0, 0.0], [0.0, 0.0], [0.0, 0.0], [0.0, 0.0]], "R-Sho": [[-0.09250585480093677, -0.16666666666666666], [-0.07728337236533958, -0.18541666666666667], [-0.10772833723653395, -0.12708333333333333], [-0.17096018735362997, -0.04583333333333333], [-0.17798594847775176, -0.07708333333333334], [-0.17798594847775176, -0.13125], [0.0, 0.0], [0.0, 0.0], [0.0, 0.0], [0.0, 0.0]], "R-Elb": [[-0.10304449648711944, -0.14375], [-0.08782201405152225, -0.16875], [-0.10772833723653395, -0.10208333333333333], [-0.18266978922716628, -0.04375], [-0.18266978922716628, -0.06041666666666667], [-0.18032786885245902, -0.11666666666666667], [0.0, 0.0], [0.0, 0.0], [0.0, 0.0], [0.0, 0.0]], "R-Wr": [[-0.10421545667447307, -0.12291666666666666], [-0.09953161592505855, -0.1375], [-0.11592505854800937, -0.09375], [-0.19320843091334894, -0.03125], [-0.18384074941451992, -0.05], [-0.18384074941451992, -0.10625], [0.0, 0.0], [0.0, 0.0], [0.0, 0.0], [0.0, 0.0]], "L-Sho": [[-0.09133489461358314, -0.16458333333333333], [-0.10187353629976581, -0.12291666666666666], [-0.117096018735363, -0.07708333333333334], [-0.16510538641686182, -0.06666666666666667], [-0.17798594847775176, -0.08125], [-0.1721311475409836, -0.13333333333333333], [0.0, 0.0], [0.0, 0.0], [0.0, 0.0], [0.0, 0.0]], "L-Elb": [[-0.09133489461358314, -0.14583333333333334], [-0.07142857142857142, -0.16041666666666668], [-0.09718969555035128, -0.10833333333333334], [-0.1756440281030445, -0.07083333333333333], [-0.17096018735362997, -0.07916666666666666], [-0.16393442622950818, -0.11875], [0.0, 0.0], [0.0, 0.0], [0.0, 0.0], [0.0, 0.0]], "L-Wr": [[-0.07259953161592506, -0.13541666666666666], [-0.06791569086651054, -0.14375], [-0.08430913348946135, -0.1], [-0.18384074941451992, -0.08125], [-0.16627634660421545, -0.08125], [-0.15690866510538642, -0.10833333333333334], [0.0, 0.0], [0.0, 0.0], [0.0, 0.0], [0.0, 0.0]], "R-Hip": [[-0.10304449648711944, -0.12291666666666666], [-0.059718969555035126, -0.125], [-0.07142857142857142, -0.08541666666666667], [-0.1405152224824356, -0.05416666666666667], [-0.16744730679156908, -0.06041666666666667], [-0.16978922716627634, -0.09375], [0.0, 0.0], [0.0, 0.0], [0.0, 0.0], [0.0, 0.0]], "R-Knee": [[-0.10421545667447307, -0.1], [-0.08196721311475409, -0.10416666666666667], [-0.09016393442622951, -0.07083333333333333], [-0.11592505854800937, -0.06666666666666667], [-0.16276346604215455, -0.04375], [-0.17798594847775176, -0.07916666666666666], [0.0, 0.0], [0.0, 0.0], [0.0, 0.0], [0.0, 0.0]], "R-Ank": [[-0.1053864168618267, -0.07708333333333334], [-0.09601873536299765, -0.07708333333333334], [-0.07259953161592506, -0.04791666666666667], [-0.09718969555035128, -0.075], [-0.15339578454332553, -0.0375], [-0.19320843091334894, -0.052083333333333336], [0.0, 0.0], [0.0, 0.0], [0.0, 0.0], [0.0, 0.0]], "L-Hip": [[-0.09250585480093677, -0.13958333333333334], [-0.09953161592505855, -0.058333333333333334], [-0.053864168618266976, -0.041666666666666664], [-0.1358313817330211, -0.08125], [-0.15690866510538642, -0.07708333333333334], [-0.16276346604215455, -0.07916666666666666], [0.0, 0.0], [0.0, 0.0], [0.0, 0.0], [0.0, 0.0]], "L-Knee": [[-0.07377049180327869, -0.10833333333333334], [-0.07142857142857142, -0.0875], [-0.06674473067915691, -0.06666666666666667], [-0.1252927400468384, -0.09166666666666666], [-0.148711943793911, -0.0625], [-0.16042154566744732, -0.0625], [0.0, 0.0], [0.0, 0.0], [0.0, 0.0], [0.0, 0.0]], "L-Ank": [[-0.0702576112412178, -0.06666666666666667], [-0.06791569086651054, -0.07291666666666667], [-0.05620608899297424, -0.052083333333333336], [-0.117096018735363, -0.09583333333333334], [-0.13934426229508196, -0.052083333333333336], [-0.16042154566744732, -0.0625], [0.0, 0.0], [0.0, 0.0], [0.0, 0.0], [0.0, 0.0]]}