{"Head": [[0.01288056206088993, -0.014583333333333334], [0.02927400468384075, 0.016666666666666666], [0.06557377049180328, 0.0375], [0.09718969555035128, 0.075], [0.08782201405152225, 0.06875], [0.11124121779859485, 0.08333333333333333], [0.0, 0.0], [0.0, 0.0], [0.0, 0.0], [0.0, 0.0]], "R-Sho": [[0.0117096018735363, -0.0020833333333333333], [0.02107728337236534, 0.027083333333333334], [0.0585480093676815, 0.035416666666666666], [0.08899297423887588, 0.06875], [0.08430913348946135, 0.07916666666666666], [0.10421545667447307, 0.08125], [0.0, 0.0], [0.0, 0.0], [0.0, 0.0], [0.0, 0.0]], "R-Elb": [[0.00585480093676815, 0.0020833333333333333], [0.01405152224824356, 0.027083333333333334], [0.05269320843091335, 0.03333333333333333], [0.08548009367681499, 0.0625], [0.07494145199063232, 0.07916666666666666], [0.09484777517564402, 0.08125], [0.0, 0.0], [0.0, 0.0], [0.0, 0.0], [0.0, 0.0]], "R-Wr": [[0.00468384074941452, 0.0125], [0.00819672131147541, 0.03333333333333333], [0.04215456674473068, 0.029166666666666667], [0.08196721311475409, 0.05625], [0.06088992974238876, 0.07083333333333333], [0.09016393442622951, 0.07916666666666666], [0.0, 0.0], [0.0, 0.0], [0.0, 0.0], [0.0, 0.0]], "L-Sho": [[0.02107728337236534, -0.004166666666666667], [0.03395784543325527, 0.022916666666666665], [0.06557377049180328, 0.052083333333333336], [0.09250585480093677, 0.08958333333333333], [0.09601873536299765, 0.08125], [0.11358313817330211, 0.09166666666666666], [0.0, 0.0], [0.0, 0.0], [0.0, 0.0], [0.0, 0.0]], "L-Elb": [[0.02224824355971897, 0.008333333333333333], [0.0351288056206089, 0.03958333333333333], [0.06557377049180328, 0.058333333333333334], [0.08665105386416862, 0.08958333333333333], [0.10187353629976581, 0.07708333333333334], [0.11475409836065574, 0.1], [0.0, 0.0], [0.0, 0.0], [0.0, 0.0], [0.0, 0.0]], "L-Wr": [[0.026932084309133488, 0.022916666666666665], [0.03981264637002342, 0.05416666666666667], [0.07142857142857142, 0.07291666666666667], [0.07845433255269321, 0.08958333333333333], [0.11241217798594848, 0.07291666666666667], [0.11475409836065574, 0.1125], [0.0, 0.0], [0.0, 0.0], [0.0, 0.0], [0.0, 0.0]], "R-Hip": [[0.00585480093676815, 0.03125], [0.02107728337236534, 0.04791666666666667], [0.0468384074941452, 0.05], [0.07377049180327869, 0.075], [0.09250585480093677, 0.09166666666666666], [0.09836065573770492, 0.10208333333333333], [0.0, 0.0], [0.0, 0.0], [0.0, 0.0], [0.0, 0.0]], "R-Knee": [[0.00702576112412178, 0.05], [0.01405152224824356, 0.05625], [0.03629976580796253, 0.05416666666666667], [0.06323185011709602, 0.07291666666666667], [0.08548009367681499, 0.10416666666666667], [0.08782201405152225, 0.10416666666666667], [0.0, 0.0], [0.0, 0.0], [0.0, 0.0], [0.0, 0.0]], "R-Ank": [[0.00702576112412178, 0.075], [0.00234192037470726, 0.075], [0.026932084309133488, 0.0625], [0.05503512880562061, 0.07083333333333333], [0.08430913348946135, 0.11458333333333333], [0.07494145199063232, 0.10833333333333334], [0.0, 0.0], [0.0, 0.0], [0.0, 0.0], [0.0, 0.0]], "L-Hip": [[0.01756440281030445, 0.022916666666666665], [0.03044496487119438, 0.04583333333333333], [0.04918032786885246, 0.06041666666666667], [0.06908665105386416, 0.08541666666666667], [0.09484777517564402, 0.09375], [0.10187353629976581, 0.1125], [0.0, 0.0], [0.0, 0.0], [0.0, 0.0], [0.0, 0.0]], "L-Knee": [[0.01990632318501171, 0.04791666666666667], [0.02576112412177986, 0.06041666666666667], [0.04332552693208431, 0.06875], [0.06206088992974239, 0.0875], [0.10187353629976581, 0.10625], [0.09836065573770492, 0.12708333333333333], [0.0, 0.0], [0.0, 0.0], [0.0, 0.0], [0.0, 0.0]], "L-Ank": [[0.02576112412177986, 0.06666666666666667], [0.02576112412177986, 0.075], [0.03629976580796253, 0.07291666666666667], [0.05152224824355972, 0.0875], [0.10889929742388758, 0.12916666666666668], [0.09836065573770492, 0.13125], [0.0, 0.0], [0.0, 0.0], [0.0, 0.0], [0.0, 0.0]]}