{"Head": [[0.0, 0.0], [-0.11943793911007025, -0.16875], [-0.08782201405152225, -0.14375], [-0.0234192037470726, -0.12708333333333333], [0.0351288056206089, -0.09583333333333334], [0.06557377049180328, -0.07708333333333334], [0.08899297423887588, -0.07083333333333333], [0.10772833723653395, -0.08541666666666667], [0.0, 0.0], [0.0, 0.0]], "R-Sho": [[0.0, 0.0], [-0.12763466042154567, -0.15416666666666667], [-0.09016393442622951, -0.125], [-0.03395784543325527, -0.12083333333333333], [0.02107728337236534, -0.09791666666666667], [0.07377049180327869, -0.08125], [0.08079625292740047, -0.075], [0.09836065573770492, -0.07916666666666666], [0.0, 0.0], [0.0, 0.0]], "R-Elb": [[0.0, 0.0], [-0.1323185011709602, -0.14583333333333334], [-0.10304449648711944, -0.11666666666666667], [-0.05035128805620609, -0.1125], [0.00936768149882904, -0.09583333333333334], [0.07962529274004684, -0.07291666666666667], [0.07377049180327869, -0.0875], [0.08899297423887588, -0.08333333333333333], [0.0, 0.0], [0.0, 0.0]], "R-Wr": [[-0.1288056206088993, -0.17708333333333334], [-0.13934426229508196, -0.11875], [-0.1053864168618267, -0.10833333333333334], [-0.05737704918032787, -0.11041666666666666], [0.0, -0.09791666666666667], [0.08665105386416862, -0.0625], [0.06674473067915691, -0.09166666666666666], [0.08313817330210772, -0.09166666666666666], [0.0, 0.0], [0.0, 0.0]], "L-Sho": [[-0.1288056206088993, -0.17708333333333334], [-0.11826697892271663, -0.15625], [-0.08196721311475409, -0.12083333333333333], [-0.02576112412177986, -0.1125], [0.02459016393442623, -0.08125], [0.0585480093676815, -0.06041666666666667], [0.08899297423887588, -0.058333333333333334], [0.10421545667447307, -0.075], [0.0, 0.0], [0.0, 0.0]], "L-Elb": [[-0.13348946135831383, -0.16458333333333333], [-0.11124121779859485, -0.13958333333333334], [-0.08313817330210772, -0.10833333333333334], [-0.0351288056206089, -0.10208333333333333], [0.01756440281030445, -0.07083333333333333], [0.07142857142857142, -0.05416666666666667], [0.08430913348946135, -0.052083333333333336], [0.10421545667447307, -0.06875], [0.0, 0.0], [0.0, 0.0]], "L-Wr": [[-0.13934426229508196, -0.15], [-0.1053864168618267, -0.11875], [-0.08196721311475409, -0.09166666666666666], [-0.04449648711943794, -0.08541666666666667], [0.00936768149882904, -0.06666666666666667], [0.08079625292740047, -0.05], [0.08079625292740047, -0.041666666666666664], [0.10655737704918032, -0.04791666666666667], [0.0, 0.0], [0.0, 0.0]], "R-Hip": [[-0.14168618266978922, -0.13333333333333333], [-0.12412177985948478, -0.1125], [-0.10187353629976581, -0.09583333333333334], [-0.05503512880562061, -0.09791666666666667], [-0.00468384074941452, -0.08125], [0.02576112412177986, -0.08333333333333333], [0.06323185011709602, -0.06875], [0.08899297423887588, -0.0625], [0.0, 0.0], [0.0, 0.0]], "R-Knee": [[-0.11826697892271663, -0.17708333333333334], [-0.12997658079625293, -0.1], [-0.11358313817330211, -0.07916666666666666], [-0.07728337236533958, -0.0875], [-0.02459016393442623, -0.08125], [0.00702576112412178, -0.08541666666666667], [0.04800936768149883, -0.08125], [0.07377049180327869, -0.08125], [0.0, 0.0], [0.0, 0.0]], "R-Ank": [[-0.117096018735363, -0.14166666666666666], [-0.1405152224824356, -0.06458333333333334], [-0.1288056206088993, -0.06666666666666667], [-0.09016393442622951, -0.07916666666666666], [-0.03981264637002342, -0.08958333333333333], [-0.00702576112412178, -0.08958333333333333], [0.04215456674473068, -0.09375], [0.0702576112412178, -0.08958333333333333], [0.0, 0.0], [0.0, 0.0]], "L-Hip": [[-0.11475409836065574, -0.12708333333333333], [-0.11592505854800937, -0.10416666666666667], [-0.08899297423887588, -0.09583333333333334], [-0.05620608899297424, -0.08333333333333333], [-0.01756440281030445, -0.07083333333333333], [0.02107728337236534, -0.05625], [0.06440281030444965, -0.05], [0.07962529274004684, -0.05625], [0.0, 0.0], [0.0, 0.0]], "L-Knee": [[-0.1358313817330211, -0.12083333333333333], [-0.11475409836065574, -0.08333333333333333], [-0.09601873536299765, -0.07916666666666666], [-0.06791569086651054, -0.075], [-0.02810304449648712, -0.06875], [0.00819672131147541, -0.06458333333333334], [0.05620608899297424, -0.05], [0.07962529274004684, -0.041666666666666664], [0.0, 0.0], [0.0, 0.0]], "L-Ank": [[-0.13700234192037472, -0.10208333333333333], [-0.10889929742388758, -0.06666666666666667], [-0.09953161592505855, -0.058333333333333334], [-0.08196721311475409, -0.058333333333333334], [-0.04332552693208431, -0.06875], [-0.00468384074941452, -0.0625], [0.04449648711943794, -0.052083333333333336], [0.08079625292740047, -0.03125], [0.0, 0.0], [0.0, 0.0]]}