{"Head": [[0.0, 0.0], [-0.50078125, -0.5013888888888889], [-0.01484375, -0.20277777777777778], [-0.01328125, -0.20555555555555555], [-0.015625, -0.19027777777777777], [-0.01796875, -0.1625], [-0.034375, -0.14166666666666666], [-0.05625, -0.12083333333333333], [-0.08515625, -0.06944444444444445], [0.0, 0.0]], "R-Sho": [[-0.0140625, -0.20555555555555555], [-0.01640625, -0.20277777777777778], [-0.0203125, -0.19444444444444445], [-0.01875, -0.19444444444444445], [-0.01953125, -0.18055555555555555], [-0.021875, -0.1486111111111111], [-0.03359375, -0.13333333333333333], [-0.05625, -0.10694444444444444], [-0.08359375, -0.06388888888888888], [0.0, 0.0]], "R-Elb": [[-0.01875, -0.1986111111111111], [-0.01875, -0.19722222222222222], [-0.0234375, -0.18611111111111112], [-0.02421875, -0.18055555555555555], [-0.0265625, -0.1763888888888889], [-0.0265625, -0.14583333333333334], [-0.03359375, -0.12638888888888888], [-0.059375, -0.10416666666666667], [-0.0921875, -0.06111111111111111], [0.0, 0.0]], "R-Wr": [[-0.02265625, -0.18888888888888888], [-0.021875, -0.18611111111111112], [-0.02578125, -0.17916666666666667], [-0.02734375, -0.16666666666666666], [-0.028125, -0.1638888888888889], [-0.028125, -0.14305555555555555], [-0.03515625, -0.11666666666666667], [-0.0734375, -0.10138888888888889], [-0.096875, -0.06111111111111111], [0.0, 0.0]], "L-Sho": [[-0.0265625, -0.17916666666666667], [-0.02421875, -0.1763888888888889], [-0.0125, -0.2], [-0.009375, -0.19166666666666668], [-0.01328125, -0.18611111111111112], [-0.01640625, -0.15555555555555556], [-0.02578125, -0.14305555555555555], [-0.05390625, -0.11666666666666667], [-0.078125, -0.07777777777777778], [0.0, 0.0]], "L-Elb": [[-0.0140625, -0.19444444444444445], [-0.0125, -0.19166666666666668], [-0.01171875, -0.18888888888888888], [-0.00703125, -0.18194444444444444], [-0.0125, -0.18055555555555555], [-0.0140625, -0.15416666666666667], [-0.02109375, -0.14166666666666666], [-0.06015625, -0.11805555555555555], [-0.08125, -0.08611111111111111], [0.0, 0.0]], "L-Wr": [[-0.01015625, -0.18472222222222223], [-0.01015625, -0.17777777777777778], [-0.00703125, -0.1763888888888889], [-0.00546875, -0.17083333333333334], [-0.0015625, -0.1625], [-0.01015625, -0.15138888888888888], [-0.0140625, -0.14166666666666666], [-0.06640625, -0.11805555555555555], [-0.0875, -0.08888888888888889], [0.0, 0.0]], "R-Hip": [[-0.00234375, -0.1736111111111111], [-0.00703125, -0.16666666666666666], [-0.0171875, -0.1763888888888889], [-0.0140625, -0.17083333333333334], [-0.0171875, -0.1625], [-0.0171875, -0.14444444444444443], [-0.0265625, -0.12222222222222222], [-0.04296875, -0.09583333333333334], [-0.06640625, -0.06666666666666667], [0.0, 0.0]], "R-Knee": [[-0.01875, -0.16805555555555557], [-0.01953125, -0.16944444444444445], [-0.0203125, -0.1597222222222222], [-0.01953125, -0.15138888888888888], [-0.01875, -0.14722222222222223], [-0.02109375, -0.13333333333333333], [-0.02578125, -0.11388888888888889], [-0.03515625, -0.08611111111111111], [-0.05625, -0.06666666666666667], [0.0, 0.0]], "R-Ank": [[-0.0203125, -0.15694444444444444], [-0.0203125, -0.16111111111111112], [-0.0234375, -0.13472222222222222], [-0.02265625, -0.1388888888888889], [-0.02265625, -0.12777777777777777], [-0.0203125, -0.125], [-0.01875, -0.1], [-0.02890625, -0.08472222222222223], [-0.0421875, -0.06527777777777778], [0.0, 0.0]], "L-Hip": [[-0.02421875, -0.13472222222222222], [-0.02421875, -0.14444444444444443], [-0.01015625, -0.17083333333333334], [-0.0109375, -0.16944444444444445], [-0.01015625, -0.1597222222222222], [-0.0140625, -0.14444444444444443], [-0.0234375, -0.13194444444444445], [-0.0390625, -0.10138888888888889], [-0.06171875, -0.07916666666666666], [0.0, 0.0]], "L-Knee": [[-0.01015625, -0.16666666666666666], [-0.01484375, -0.1736111111111111], [-0.009375, -0.15416666666666667], [-0.01015625, -0.1625], [-0.009375, -0.15138888888888888], [-0.0125, -0.14027777777777778], [-0.01875, -0.12777777777777777], [-0.03125, -0.10277777777777777], [-0.053125, -0.07916666666666666], [0.0, 0.0]], "L-Ank": [[-0.0078125, -0.14583333333333334], [-0.01328125, -0.1597222222222222], [-0.0078125, -0.14444444444444443], [-0.01015625, -0.15], [-0.00625, -0.13472222222222222], [-0.00703125, -0.13055555555555556], [-0.00234375, -0.11388888888888889], [-0.01796875, -0.09305555555555556], [-0.03828125, -0.0875], [0.0, 0.0]]}