{"Head": [[-0.03046875, -0.2777777777777778], [0.0, 0.0], [-0.021875, -0.24583333333333332], [0.00390625, -0.2361111111111111], [0.01953125, -0.22777777777777777], [0.0328125, -0.20277777777777778], [0.04140625, -0.18888888888888888], [0.05625, -0.17222222222222222], [0.0640625, -0.15555555555555556], [0.07421875, -0.1527777777777778]], "R-Sho": [[-0.0328125, -0.2777777777777778], [-0.0296875, -0.2625], [-0.028125, -0.24166666666666667], [-0.00390625, -0.23055555555555557], [0.01484375, -0.21388888888888888], [0.02578125, -0.19583333333333333], [0.0328125, -0.18611111111111112], [0.04296875, -0.16944444444444445], [0.05390625, -0.15555555555555556], [0.0625, -0.1486111111111111]], "R-Elb": [[-0.04296875, -0.28194444444444444], [-0.03203125, -0.24861111111111112], [-0.0359375, -0.24305555555555555], [-0.01171875, -0.23194444444444445], [0.0109375, -0.21388888888888888], [0.01875, -0.19583333333333333], [0.02421875, -0.18472222222222223], [0.03984375, -0.16944444444444445], [0.04921875, -0.1597222222222222], [0.05625, -0.15138888888888888]], "R-Wr": [[-0.0484375, -0.2875], [-0.0359375, -0.24861111111111112], [-0.040625, -0.24444444444444444], [-0.01875, -0.23472222222222222], [0.00390625, -0.21388888888888888], [0.01328125, -0.19722222222222222], [0.01875, -0.18472222222222223], [0.03359375, -0.17222222222222222], [0.0421875, -0.1597222222222222], [0.05234375, -0.15416666666666667]], "L-Sho": [[-0.02734375, -0.275], [-0.0390625, -0.24861111111111112], [-0.02109375, -0.24027777777777778], [0.00546875, -0.23472222222222222], [0.02265625, -0.2125], [0.034375, -0.19722222222222222], [0.0375, -0.18333333333333332], [0.04609375, -0.16527777777777777], [0.0609375, -0.15138888888888888], [0.0640625, -0.14722222222222223]], "L-Elb": [[-0.021875, -0.28055555555555556], [-0.02578125, -0.2611111111111111], [-0.01875, -0.2388888888888889], [0.00625, -0.22777777777777777], [0.0234375, -0.2013888888888889], [0.03359375, -0.17777777777777778], [0.0375, -0.17083333333333334], [0.046875, -0.15138888888888888], [0.0609375, -0.14166666666666666], [0.0640625, -0.14166666666666666]], "L-Wr": [[-0.009375, -0.2875], [-0.02421875, -0.25555555555555554], [-0.01484375, -0.23333333333333334], [0.00859375, -0.21805555555555556], [0.02421875, -0.18888888888888888], [0.03359375, -0.1638888888888889], [0.0296875, -0.15555555555555556], [0.05, -0.14583333333333334], [0.06171875, -0.13055555555555556], [0.065625, -0.13333333333333333]], "R-Hip": [[-0.03125, -0.25416666666666665], [-0.02109375, -0.2513888888888889], [-0.03125, -0.23472222222222222], [-0.015625, -0.21944444444444444], [0.00703125, -0.19583333333333333], [0.0171875, -0.18055555555555555], [0.0234375, -0.16527777777777777], [0.0390625, -0.1527777777777778], [0.0484375, -0.14027777777777778], [0.04140625, -0.1375]], "R-Knee": [[-0.03671875, -0.24444444444444444], [-0.03359375, -0.24027777777777778], [-0.034375, -0.2263888888888889], [-0.02890625, -0.20833333333333334], [-0.0125, -0.1986111111111111], [-0.00078125, -0.18333333333333332], [0.0078125, -0.16527777777777777], [0.0328125, -0.1375], [0.04375, -0.12777777777777777], [0.0515625, -0.12638888888888888]], "R-Ank": [[-0.0421875, -0.22916666666666666], [-0.0359375, -0.23333333333333334], [-0.0375, -0.2152777777777778], [-0.040625, -0.20833333333333334], [-0.02734375, -0.20555555555555555], [-0.015625, -0.18194444444444444], [-0.0015625, -0.1638888888888889], [0.0234375, -0.13472222222222222], [0.03046875, -0.12638888888888888], [0.040625, -0.10555555555555556]], "L-Hip": [[-0.02734375, -0.2513888888888889], [-0.03828125, -0.22083333333333333], [-0.0234375, -0.23194444444444445], [-0.0109375, -0.2125], [0.00703125, -0.19027777777777777], [0.01796875, -0.17777777777777778], [0.0265625, -0.15833333333333333], [0.04375, -0.15138888888888888], [0.053125, -0.1388888888888889], [0.0546875, -0.13333333333333333]], "L-Knee": [[-0.02421875, -0.24305555555555555], [-0.025, -0.24166666666666667], [-0.025, -0.22361111111111112], [-0.01328125, -0.2], [0.00625, -0.18333333333333332], [0.0171875, -0.16944444444444445], [0.0203125, -0.15], [0.0421875, -0.13472222222222222], [0.0515625, -0.12638888888888888], [0.06015625, -0.11944444444444445]], "L-Ank": [[-0.01953125, -0.2361111111111111], [-0.025, -0.23333333333333334], [-0.02734375, -0.20277777777777778], [-0.0359375, -0.18888888888888888], [-0.01015625, -0.18055555555555555], [0.0015625, -0.1638888888888889], [0.00625, -0.14305555555555555], [0.0359375, -0.12916666666666668], [0.0515625, -0.1125], [0.05, -0.10833333333333334]]}