{"Head": [[0.02927400468384075, -0.05625], [0.03161592505854801, -0.05], [0.01288056206088993, -0.029166666666666667], [-0.03278688524590164, -0.016666666666666666], [-0.07845433255269321, -0.022916666666666665], [-0.14168618266978922, -0.016666666666666666], [-0.19086651053864168, 0.029166666666666667], [-0.21428571428571427, 0.058333333333333334], [-0.24004683840749413, 0.07916666666666666], [0.0, 0.0]], "R-Sho": [[0.01756440281030445, -0.05416666666666667], [0.01639344262295082, -0.03125], [-0.00468384074941452, -0.004166666666666667], [-0.03629976580796253, 0.010416666666666666], [-0.07728337236533958, 0.004166666666666667], [-0.13466042154566746, 0.020833333333333332], [-0.16978922716627634, 0.05416666666666667], [-0.19789227166276346, 0.0875], [-0.22950819672131148, 0.11666666666666667], [0.0, 0.0]], "R-Elb": [[-0.00702576112412178, -0.035416666666666666], [-0.00585480093676815, 0.010416666666666666], [-0.01522248243559719, 0.0125], [-0.05152224824355972, 0.03333333333333333], [-0.0936768149882904, 0.025], [-0.14988290398126464, 0.025], [-0.18266978922716628, 0.0625], [-0.20960187353629978, 0.10625], [-0.23302107728337237, 0.14166666666666666], [0.0, 0.0]], "R-Wr": [[-0.01873536299765808, -0.014583333333333334], [0.00468384074941452, 0.052083333333333336], [-0.04215456674473068, 0.016666666666666666], [-0.04332552693208431, 0.05], [-0.06206088992974239, 0.03333333333333333], [-0.16159250585480095, 0.025], [-0.20140515222482436, 0.0625], [-0.22131147540983606, 0.14375], [-0.2611241217798595, 0.15], [0.0, 0.0]], "L-Sho": [[0.04918032786885246, -0.04583333333333333], [0.04215456674473068, -0.022916666666666665], [0.02927400468384075, -0.00625], [-0.02224824355971897, 0.0], [-0.059718969555035126, -0.008333333333333333], [-0.11943793911007025, -0.00625], [-0.15339578454332553, 0.027083333333333334], [-0.17681498829039813, 0.05416666666666667], [-0.22014051522248243, 0.09375], [0.0, 0.0]], "L-Elb": [[0.053864168618266976, -0.010416666666666666], [0.053864168618266976, 0.010416666666666666], [0.04566744730679157, 0.010416666666666666], [-0.00117096018735363, 0.0], [-0.03981264637002342, 0.0020833333333333333], [-0.12060889929742388, -0.027083333333333334], [-0.1686182669789227, 0.025], [-0.1873536299765808, 0.06666666666666667], [-0.234192037470726, 0.1], [0.0, 0.0]], "L-Wr": [[0.053864168618266976, 0.0125], [0.05503512880562061, 0.052083333333333336], [0.059718969555035126, 0.03333333333333333], [0.0117096018735363, 0.022916666666666665], [-0.02107728337236534, 0.020833333333333332], [-0.1252927400468384, -0.035416666666666666], [-0.19672131147540983, 0.00625], [-0.20023419203747073, 0.06875], [-0.2459016393442623, 0.12083333333333333], [0.0, 0.0]], "R-Hip": [[0.01756440281030445, 0.010416666666666666], [0.01756440281030445, 0.052083333333333336], [0.00351288056206089, 0.05416666666666667], [0.00117096018735363, 0.06875], [-0.03747072599531616, 0.0625], [-0.08196721311475409, 0.07083333333333333], [-0.12412177985948478, 0.0875], [-0.14754098360655737, 0.13333333333333333], [-0.18032786885245902, 0.14583333333333334], [0.0, 0.0]], "R-Knee": [[0.00351288056206089, 0.05625], [0.0, 0.08541666666666667], [0.00351288056206089, 0.07708333333333334], [0.00468384074941452, 0.10833333333333334], [-0.01405152224824356, 0.10625], [-0.0468384074941452, 0.09583333333333334], [-0.09953161592505855, 0.11041666666666666], [-0.10655737704918032, 0.125], [-0.15105386416861827, 0.15208333333333332], [0.0, 0.0]], "R-Ank": [[-0.00702576112412178, 0.12083333333333333], [-0.00702576112412178, 0.10416666666666667], [0.02576112412177986, 0.11875], [0.03278688524590164, 0.14375], [0.02224824355971897, 0.1375], [0.01990632318501171, 0.14583333333333334], [-0.06557377049180328, 0.125], [-0.07494145199063232, 0.11666666666666667], [-0.12295081967213115, 0.13541666666666666], [0.0, 0.0]], "L-Hip": [[0.04566744730679157, 0.027083333333333334], [0.03864168618266979, 0.058333333333333334], [0.02459016393442623, 0.052083333333333336], [0.02459016393442623, 0.08333333333333333], [-0.00468384074941452, 0.04583333333333333], [-0.06088992974238876, 0.03333333333333333], [-0.10655737704918032, 0.05], [-0.13348946135831383, 0.09166666666666666], [-0.16393442622950818, 0.11041666666666666], [0.0, 0.0]], "L-Knee": [[0.05620608899297424, 0.05416666666666667], [0.05503512880562061, 0.075], [0.05152224824355972, 0.07708333333333334], [0.05269320843091335, 0.1], [0.026932084309133488, 0.075], [-0.01756440281030445, 0.052083333333333336], [-0.06674473067915691, 0.0625], [-0.09016393442622951, 0.08125], [-0.13466042154566746, 0.10416666666666667], [0.0, 0.0]], "L-Ank": [[0.07728337236533958, 0.12083333333333333], [0.06674473067915691, 0.13958333333333334], [0.08548009367681499, 0.14791666666666667], [0.07142857142857142, 0.125], [0.06088992974238876, 0.12083333333333333], [0.04918032786885246, 0.08958333333333333], [-0.00117096018735363, 0.06041666666666667], [-0.06557377049180328, 0.07291666666666667], [-0.11358313817330211, 0.09791666666666667], [0.0, 0.0]]}