{"Head": [[-0.01706910907577019, -0.1194620253164557], [-0.01706910907577019, -0.1194620253164557], [-0.01706910907577019, -0.1194620253164557], [-0.01706910907577019, -0.1194620253164557], [-0.01706910907577019, -0.09889240506329114], [0.004995836802664446, -0.07753164556962025], [-0.06328059950041633, -0.05458860759493671], [-0.15611990008326396, -0.05063291139240506], [-0.23646960865945046, 0.0245253164556962], [-0.27768526228143214, 0.06091772151898734]], "R-Sho": [[-0.028309741881765195, -0.0981012658227848], [-0.028309741881765195, -0.0981012658227848], [-0.028309741881765195, -0.0981012658227848], [-0.028726061615320566, -0.0981012658227848], [-0.028726061615320566, -0.09731012658227849], [-0.017485428809325562, -0.055379746835443035], [-0.05745212323064113, -0.013449367088607595], [-0.15195670274771025, -0.003955696202531646], [-0.2218984179850125, 0.07753164556962025], [-0.2597835137385512, 0.0814873417721519]], "R-Elb": [[-0.03996669442131557, -0.07674050632911393], [-0.03996669442131557, -0.07674050632911393], [-0.03996669442131557, -0.07674050632911393], [-0.03996669442131557, -0.07674050632911393], [-0.03996669442131557, -0.05458860759493671], [-0.029142381348875937, -0.03401898734177215], [-0.08118234804329726, -0.006329113924050633], [-0.1623646960865945, 0.02531645569620253], [-0.20441298917568693, 0.09098101265822785], [-0.2402164862614488, 0.08386075949367089]], "R-Wr": [[-0.04079933388842631, -0.030854430379746837], [-0.04288093255620316, -0.023734177215189875], [-0.040383014154870944, -0.03401898734177215], [-0.05120732722731058, -0.03322784810126582], [-0.03788509575353872, -0.015031645569620253], [-0.0507910074937552, -0.011075949367088608], [-0.09866777685262282, 0.010284810126582278], [-0.18900915903413823, 0.041930379746835444], [-0.20441298917568693, 0.06962025316455696], [-0.2331390507910075, 0.09335443037974683]], "L-Sho": [[0.004995836802664446, -0.09889240506329114], [0.004995836802664446, -0.09889240506329114], [0.004995836802664446, -0.09889240506329114], [-0.005412156536219817, -0.0981012658227848], [0.005828476269775187, -0.08623417721518987], [0.01665278934221482, -0.06091772151898734], [-0.03330557868442964, -0.04667721518987342], [-0.14363030807660282, -0.061708860759493674], [-0.21523730224812657, 0.02610759493670886], [-0.26477935054121565, 0.04272151898734177]], "L-Elb": [[0.01623646960865945, -0.07674050632911393], [0.01665278934221482, -0.07674050632911393], [0.01665278934221482, -0.07674050632911393], [0.013738551207327226, -0.06645569620253164], [0.020399666944213156, -0.056962025316455694], [0.026228143213988343, -0.027689873417721517], [-0.04579517069109076, -0.07120253164556962], [-0.15029142381348876, -0.0981012658227848], [-0.19442131557035802, -0.0007911392405063291], [-0.2781015820149875, 0.0379746835443038]], "L-Wr": [[0.01665278934221482, -0.03401898734177215], [0.01665278934221482, -0.03401898734177215], [0.01665278934221482, -0.03401898734177215], [0.01665278934221482, -0.03401898734177215], [0.027893422148209824, -0.03322784810126582], [0.040383014154870944, 0.004746835443037975], [-0.07368859283930058, -0.07911392405063292], [-0.1623646960865945, -0.15664556962025317], [-0.2077435470441299, 0.0007911392405063291], [-0.2918401332223147, 0.07674050632911393]], "R-Hip": [[-0.028309741881765195, -0.05458860759493671], [-0.027893422148209824, -0.05458860759493671], [-0.027893422148209824, -0.05458860759493671], [-0.028309741881765195, -0.05458860759493671], [-0.017901748542880933, -0.03322784810126582], [-0.01706910907577019, -0.011867088607594937], [-0.03913405495420483, -0.0023734177215189874], [-0.10699417152373022, 0.011867088607594937], [-0.18109908409658618, 0.07515822784810126], [-0.23105745212323064, 0.07120253164556962]], "R-Knee": [[-0.03996669442131557, -0.011075949367088608], [-0.03996669442131557, -0.011075949367088608], [-0.03996669442131557, -0.011075949367088608], [-0.03996669442131557, -0.011867088607594937], [-0.03996669442131557, 0.00949367088607595], [-0.0395503746877602, 0.010284810126582278], [-0.03205661948376353, 0.03322784810126582], [-0.06203164029975021, 0.02531645569620253], [-0.14446294754371358, 0.08465189873417721], [-0.2414654454621149, 0.0925632911392405]], "R-Ank": [[-0.05120732722731058, 0.05458860759493671], [-0.05120732722731058, 0.05458860759493671], [-0.05120732722731058, 0.05458860759493671], [-0.05120732722731058, 0.05379746835443038], [-0.051623646960865945, 0.05458860759493671], [-0.0395503746877602, 0.05458860759493671], [0.009991673605328892, 0.06882911392405064], [-0.022064945878434637, 0.037183544303797465], [-0.10241465445462115, 0.07990506329113924], [-0.20108243130724396, 0.06724683544303797]], "L-Hip": [[-0.005828476269775187, -0.05458860759493671], [-0.005828476269775187, -0.05458860759493671], [-0.005828476269775187, -0.05458860759493671], [-0.005828476269775187, -0.05458860759493671], [-0.005828476269775187, -0.03401898734177215], [0.004163197335553705, -0.013449367088607595], [-0.018734388009991675, -0.01661392405063291], [-0.09866777685262282, -0.021360759493670885], [-0.1794338051623647, 0.0379746835443038], [-0.2302248126561199, 0.03322784810126582]], "L-Knee": [[0.005828476269775187, -0.011075949367088608], [0.005828476269775187, -0.011075949367088608], [0.005828476269775187, -0.011075949367088608], [0.005412156536219817, -0.011075949367088608], [0.01665278934221482, -0.010284810126582278], [0.027893422148209824, 0.011075949367088608], [0.002497918401332223, 0.011867088607594937], [-0.0649458784346378, -0.011867088607594937], [-0.15570358034970858, 0.0031645569620253164], [-0.22273105745212324, 0.028481012658227847]], "L-Ank": [[0.01706910907577019, 0.05458860759493671], [0.01706910907577019, 0.05458860759493671], [0.01706910907577019, 0.05379746835443038], [0.01706910907577019, 0.05458860759493671], [0.028309741881765195, 0.05458860759493671], [0.0395503746877602, 0.05458860759493671], [0.042464612822647796, 0.06091772151898734], [-0.027060782681099085, -0.0015822784810126582], [-0.11740216486261448, -0.013449367088607595], [-0.1906744379683597, 0.013449367088607595]]}