{"Head": [[-0.02414654454621149, -0.11191626409017713], [-0.02497918401332223, -0.10225442834138486], [-0.021232306411323898, -0.09098228663446055], [-0.022064945878434637, -0.07648953301127215], [-0.01582014987510408, -0.028985507246376812], [-0.05412156536219817, -0.013687600644122383], [-0.12447960033305579, 0.04428341384863124], [-0.15445462114904246, 0.06521739130434782], [-0.18859283930058285, 0.13285024154589373], [-0.22564529558701082, 0.143317230273752]], "R-Sho": [[-0.03413821815154038, -0.07648953301127215], [-0.03413821815154038, -0.07648953301127215], [-0.03413821815154038, -0.05555555555555555], [-0.033721898417985015, -0.033816425120772944], [-0.033721898417985015, -0.011272141706924315], [-0.06286427976686094, 0.02254428341384863], [-0.11906744379683597, 0.07648953301127215], [-0.1540383014154871, 0.0893719806763285], [-0.18859283930058285, 0.15780998389694043], [-0.2119067443796836, 0.14170692431561996]], "R-Elb": [[-0.044962531223980015, -0.033011272141706925], [-0.044962531223980015, -0.033011272141706925], [-0.044962531223980015, -0.012077294685990338], [-0.044962531223980015, 0.00966183574879227], [-0.044962531223980015, 0.0322061191626409], [-0.06827643630308076, 0.06843800322061191], [-0.13238967527060783, 0.08373590982286634], [-0.1723563696919234, 0.09420289855072464], [-0.2031640299750208, 0.16988727858293076], [-0.20233139050791007, 0.16022544283413848]], "R-Wr": [[-0.04537885095753539, 0.010466988727858293], [-0.044962531223980015, 0.011272141706924315], [-0.044962531223980015, 0.03140096618357488], [-0.044962531223980015, 0.033011272141706925], [-0.05661948376353039, 0.08051529790660225], [-0.09242298084929226, 0.09742351046698873], [-0.1552872606161532, 0.0861513687600644], [-0.19150707743547044, 0.07246376811594203], [-0.22356369691923397, 0.15942028985507245], [-0.22772689425478768, 0.17310789049919484]], "L-Sho": [[-0.005412156536219817, -0.071658615136876], [-0.011240632805995004, -0.07648953301127215], [-0.011240632805995004, -0.07568438003220612], [-0.00041631973355537054, -0.033011272141706925], [-0.00041631973355537054, -0.0024154589371980675], [-0.035803497085761866, 0.01610305958132045], [-0.10824313072439634, 0.033011272141706925], [-0.14321398834304747, 0.05636070853462158], [-0.17443796835970024, 0.11916264090177134], [-0.20982514571190675, 0.12318840579710146]], "L-Elb": [[-0.00041631973355537054, -0.033011272141706925], [-0.00041631973355537054, -0.033011272141706925], [-0.00041631973355537054, -0.0322061191626409], [0.0, 0.010466988727858293], [0.011240632805995004, 0.033011272141706925], [-0.027893422148209824, 0.0748792270531401], [-0.09533721898417985, 0.039452495974235106], [-0.13363863447127394, 0.07648953301127215], [-0.18484596169858453, 0.09903381642512077], [-0.19733555370524564, 0.14653784219001612]], "L-Wr": [[-0.00041631973355537054, 0.010466988727858293], [-0.010824313072439634, 0.010466988727858293], [0.00041631973355537054, 0.036231884057971016], [0.0, 0.0322061191626409], [0.02164862614487927, 0.08454106280193237], [-0.052872606161532054, 0.09742351046698873], [-0.12822647793505412, 0.033816425120772944], [-0.16611157368859283, 0.071658615136876], [-0.21232306411323898, 0.09500805152979067], [-0.21107410491257286, 0.18357487922705315]], "R-Hip": [[-0.033721898417985015, 0.010466988727858293], [-0.033721898417985015, 0.010466988727858293], [-0.033721898417985015, 0.011272141706924315], [-0.033721898417985015, 0.05314009661835749], [-0.03413821815154038, 0.05475040257648953], [-0.04995836802664446, 0.0861513687600644], [-0.08034970857618651, 0.10789049919484701], [-0.11948376353039133, 0.14170692431561996], [-0.15320566194837634, 0.1682769726247987], [-0.16819317235636969, 0.16908212560386474]], "R-Knee": [[-0.04454621149042465, 0.07568438003220612], [-0.04454621149042465, 0.07568438003220612], [-0.03413821815154038, 0.07648953301127215], [-0.03913405495420483, 0.10064412238325282], [-0.04621149042464613, 0.09581320450885668], [-0.04537885095753539, 0.1288244766505636], [-0.05328892589508743, 0.14412238325281804], [-0.07410491257285595, 0.14251207729468598], [-0.11615320566194838, 0.15458937198067632], [-0.13821815154038303, 0.13365539452495975]], "R-Ank": [[-0.044962531223980015, 0.14170692431561996], [-0.044962531223980015, 0.14170692431561996], [-0.044962531223980015, 0.14170692431561996], [-0.036219816819317234, 0.14009661835748793], [-0.02331390507910075, 0.14090177133655393], [-0.012489592006661115, 0.16666666666666666], [-0.009575353871773521, 0.16344605475040258], [-0.035803497085761866, 0.1473429951690821], [-0.07951706910907577, 0.16022544283413848], [-0.09408825978351373, 0.14492753623188406]], "L-Hip": [[-0.011656952539550375, 0.010466988727858293], [-0.011656952539550375, 0.010466988727858293], [-0.011656952539550375, 0.01610305958132045], [-0.011240632805995004, 0.033011272141706925], [-0.012489592006661115, 0.061191626409017714], [-0.03455453788509576, 0.07971014492753623], [-0.06661115736885928, 0.0853462157809984], [-0.11282264779350541, 0.10466988727858294], [-0.1498751040799334, 0.1360708534621578], [-0.16736053288925895, 0.14009661835748793]], "L-Knee": [[-0.011240632805995004, 0.07568438003220612], [-0.011240632805995004, 0.07568438003220612], [-0.011240632805995004, 0.07648953301127215], [0.010407993338884263, 0.0748792270531401], [0.008742714404662781, 0.10386473429951691], [-0.0016652789342214821, 0.11272141706924316], [-0.03455453788509576, 0.107085346215781], [-0.07368859283930058, 0.1111111111111111], [-0.12239800166527894, 0.13446054750402575], [-0.1398834304746045, 0.11916264090177134]], "L-Ank": [[-0.00041631973355537054, 0.14090177133655393], [-0.0008326394671107411, 0.14170692431561996], [-0.00041631973355537054, 0.14170692431561996], [0.010824313072439634, 0.14009661835748793], [0.03288925895087427, 0.15539452495974235], [0.03663613655287261, 0.15861513687600645], [0.011240632805995004, 0.1360708534621578], [-0.02289758534554538, 0.11996779388083736], [-0.08576186511240633, 0.12560386473429952], [-0.09492089925062448, 0.13687600644122383]]}