{"Head": [[-0.004579517069109076, -0.10443037974683544], [-0.005828476269775187, -0.09731012658227849], [-0.005828476269775187, -0.05458860759493671], [0.03164029975020816, -0.015031645569620253], [0.07119067443796837, 0.006329113924050633], [0.12447960033305579, 0.05063291139240506], [0.15778517901748543, 0.09572784810126582], [0.19150707743547044, 0.12183544303797468], [0.20524562864279766, 0.12420886075949367], [0.0, 0.0]], "R-Sho": [[-0.017485428809325562, -0.07753164556962025], [-0.017485428809325562, -0.07515822784810126], [-0.01706910907577019, -0.03243670886075949], [0.019150707743547043, 0.003955696202531646], [0.050374687760199835, 0.00949367088607595], [0.09783513738551207, 0.04667721518987342], [0.1398834304746045, 0.10284810126582279], [0.17194004995836804, 0.10917721518987342], [0.186511240632806, 0.10284810126582279], [0.0, 0.0]], "R-Elb": [[-0.03996669442131557, -0.0981012658227848], [-0.035803497085761866, -0.06487341772151899], [-0.028726061615320566, -0.011867088607594937], [0.004995836802664446, 0.029272151898734177], [0.07660283097418817, 0.03401898734177215], [0.10616153205661949, 0.07199367088607594], [0.11906744379683597, 0.12974683544303797], [0.14654454621149043, 0.11075949367088607], [0.1652789342214821, 0.0893987341772152], [0.0, 0.0]], "R-Wr": [[-0.06286427976686094, -0.14161392405063292], [-0.04746044962531224, -0.07990506329113924], [-0.051623646960865945, 0.0], [0.0016652789342214821, 0.05617088607594937], [0.09242298084929226, 0.05458860759493671], [0.12531223980016654, 0.0814873417721519], [0.1298917568692756, 0.15348101265822786], [0.13030807660283097, 0.11867088607594936], [0.15195670274771025, 0.09572784810126582], [0.0, 0.0]], "L-Sho": [[0.011240632805995004, -0.08227848101265822], [0.008742714404662781, -0.07120253164556962], [0.013322231473771857, -0.029272151898734177], [0.040383014154870944, 0.015822784810126583], [0.0649458784346378, 0.037183544303797465], [0.11490424646128226, 0.08306962025316456], [0.15320566194837634, 0.1463607594936709], [0.175270607826811, 0.15110759493670886], [0.19691923397169026, 0.15901898734177214], [0.0, 0.0]], "L-Elb": [[0.027893422148209824, -0.09889240506329114], [0.0324729392173189, -0.07041139240506329], [0.027477102414654453, 0.00949367088607595], [0.04412989175686927, 0.051424050632911396], [0.07785179017485429, 0.0625], [0.10824313072439634, 0.09731012658227849], [0.14113238967527061, 0.16139240506329114], [0.15070774354704414, 0.1574367088607595], [0.17735220649458786, 0.15901898734177214], [0.0, 0.0]], "L-Wr": [[0.0395503746877602, -0.12104430379746836], [0.05661948376353039, -0.06882911392405064], [0.01706910907577019, 0.05379746835443038], [0.0395503746877602, 0.08386075949367089], [0.10366361365528726, 0.05775316455696203], [0.12656119900083265, 0.09651898734177215], [0.1315570358034971, 0.17009493670886075], [0.1315570358034971, 0.15427215189873417], [0.1511240632805995, 0.1463607594936709], [0.0, 0.0]], "R-Hip": [[-0.017485428809325562, 0.00949367088607595], [-0.013322231473771857, 0.003955696202531646], [-0.01665278934221482, 0.03243670886075949], [0.010824313072439634, 0.05775316455696203], [0.026644462947543714, 0.05458860759493671], [0.07119067443796837, 0.07515822784810126], [0.09658617818484597, 0.1194620253164557], [0.11615320566194838, 0.11867088607594936], [0.13905079100749376, 0.11075949367088607], [0.0, 0.0]], "R-Knee": [[-0.017485428809325562, 0.07436708860759493], [-0.022481265611990008, 0.07120253164556962], [-0.028309741881765195, 0.0759493670886076], [-0.01623646960865945, 0.10205696202531646], [0.0020815986677768525, 0.10126582278481013], [0.04704412989175687, 0.10126582278481013], [0.0791007493755204, 0.11550632911392406], [0.0974188176519567, 0.0981012658227848], [0.11656952539550375, 0.08702531645569621], [0.0, 0.0]], "R-Ank": [[-0.01706910907577019, 0.14082278481012658], [-0.028309741881765195, 0.14003164556962025], [-0.040383014154870944, 0.14082278481012658], [-0.04579517069109076, 0.1463607594936709], [-0.03288925895087427, 0.13686708860759494], [0.014571190674437969, 0.13449367088607594], [0.04454621149042465, 0.11392405063291139], [0.07119067443796837, 0.0893987341772152], [0.09200666111573688, 0.060126582278481014], [0.0, 0.0]], "L-Hip": [[0.004579517069109076, 0.011075949367088608], [0.005412156536219817, 0.010284810126582278], [0.005412156536219817, 0.03322784810126582], [0.0253955037468776, 0.06329113924050633], [0.04412989175686927, 0.07278481012658228], [0.07868442964196502, 0.1115506329113924], [0.10366361365528726, 0.16218354430379747], [0.12031640299750208, 0.15268987341772153], [0.13863447127393838, 0.1495253164556962], [0.0, 0.0]], "L-Knee": [[0.009159034138218152, 0.0759493670886076], [0.005412156536219817, 0.07515822784810126], [0.02164862614487927, 0.08544303797468354], [0.02497918401332223, 0.11075949367088607], [0.03413821815154038, 0.10443037974683544], [0.05203996669442131, 0.13132911392405064], [0.08201498751040799, 0.15427215189873417], [0.09866777685262282, 0.14161392405063292], [0.11490424646128226, 0.12974683544303797], [0.0, 0.0]], "L-Ank": [[0.013322231473771857, 0.14319620253164558], [0.005412156536219817, 0.14003164556962025], [0.004995836802664446, 0.1194620253164557], [-0.006661115736885929, 0.1550632911392405], [-0.0016652789342214821, 0.1574367088607595], [0.017901748542880933, 0.1518987341772152], [0.05120732722731058, 0.1606012658227848], [0.06994171523730225, 0.13291139240506328], [0.09283930058284763, 0.1360759493670886], [0.0, 0.0]]}