{"Head": [[0.02903907074973601, -0.12729124236252545], [0.04487856388595565, -0.054989816700611], [0.0559662090813094, -0.07739307535641547], [0.11246040126715945, -0.03360488798370672], [0.1795142555438226, 0.0855397148676171], [0.1863780359028511, 0.0845213849287169], [0.17898627243928195, 0.06924643584521385], [0.15047518479408659, 0.013238289205702648], [0.16842661034846884, 0.009164969450101833], [0.18004223864836325, -0.031568228105906315]], "R-Sho": [[0.02164730728616684, -0.09877800407331976], [0.03326293558606125, -0.03360488798370672], [0.04487856388595565, -0.0560081466395112], [0.10084477296726505, -0.012219959266802444], [0.16578669482576558, 0.07026476578411406], [0.17581837381203802, 0.07637474541751528], [0.1610348468848997, 0.06924643584521385], [0.14413938753959873, 0.034623217922606926], [0.1562829989440338, 0.009164969450101833], [0.16842661034846884, -0.032586558044806514]], "R-Elb": [[0.011087645195353749, -0.07637474541751528], [0.02270327349524815, -0.01120162932790224], [0.0337909186906019, -0.03054989816700611], [0.11140443505807814, 0.014256619144602852], [0.16420274551214362, 0.09266802443991853], [0.18690601900739176, 0.06517311608961303], [0.15311510031678988, 0.09063136456211812], [0.14413938753959873, 0.07637474541751528], [0.15153115100316789, 0.04175152749490835], [0.1573389651531151, 0.01120162932790224]], "R-Wr": [[0.009503695881731784, -0.023421588594704685], [0.006335797254487857, 0.019348268839103868], [0.02006335797254488, -0.008146639511201629], [0.13833157338965152, 0.015274949083503055], [0.18479408658922913, 0.11405295315682282], [0.20432946145723338, 0.06008146639511202], [0.1689545934530095, 0.11303462321792261], [0.15945089757127773, 0.10692464358452139], [0.1583949313621964, 0.09266802443991853], [0.1678986272439282, 0.07535641547861507]], "L-Sho": [[0.044350580781414996, -0.09877800407331976], [0.0559662090813094, -0.03360488798370672], [0.06705385427666315, -0.07535641547861507], [0.11246040126715945, -0.01120162932790224], [0.16842661034846884, 0.10692464358452139], [0.17581837381203802, 0.1120162932790224], [0.16525871172122492, 0.09979633401221996], [0.1457233368532207, 0.032586558044806514], [0.1610348468848997, 0.003054989816700611], [0.1737064413938754, -0.013238289205702648]], "L-Elb": [[0.04487856388595565, -0.07739307535641547], [0.0665258711721225, -0.012219959266802444], [0.07866948257655755, -0.054989816700611], [0.12302006335797254, 0.010183299389002037], [0.17053854276663147, 0.12118126272912423], [0.1932418162618796, 0.1120162932790224], [0.1573389651531151, 0.1120162932790224], [0.15681098204857444, 0.07535641547861507], [0.15469904963041184, 0.048879837067209775], [0.1678986272439282, 0.010183299389002037]], "L-Wr": [[0.05543822597676874, -0.0560081466395112], [0.07761351636747624, 0.010183299389002037], [0.09239704329461457, -0.01120162932790224], [0.14625131995776136, 0.034623217922606926], [0.1842661034846885, 0.12016293279022404], [0.2085533262935586, 0.109979633401222], [0.1853220696937698, 0.1109979633401222], [0.1689545934530095, 0.09775967413441955], [0.1726504751847941, 0.07331975560081466], [0.17687434002111932, 0.07433808553971487]], "R-Hip": [[0.022175290390707498, -0.03360488798370672], [0.03326293558606125, 0.010183299389002037], [0.04487856388595565, -0.01120162932790224], [0.07866948257655755, 0.031568228105906315], [0.13146779303062303, 0.0824847250509165], [0.14625131995776136, 0.0835030549898167], [0.13780359028511088, 0.07942973523421588], [0.11140443505807814, 0.0539714867617108], [0.1119324181626188, 0.031568228105906315], [0.1235480464625132, -0.032586558044806514]], "R-Knee": [[0.011615628299894404, 0.010183299389002037], [0.02164730728616684, 0.031568228105906315], [0.03326293558606125, 0.010183299389002037], [0.0559662090813094, 0.0539714867617108], [0.1061246040126716, 0.06517311608961303], [0.13991552270327348, 0.03054989816700611], [0.11985216473072861, 0.09674134419551934], [0.09609292502639916, 0.109979633401222], [0.0897571277719113, 0.07535641547861507], [0.1457233368532207, 0.031568228105906315]], "R-Ank": [[0.011615628299894404, 0.0539714867617108], [0.010559662090813094, 0.07637474541751528], [0.022175290390707498, 0.07535641547861507], [0.028511087645195353, 0.09979633401221996], [0.06388595564941922, 0.06313645621181263], [0.10718057022175291, 0.01120162932790224], [0.08025343189017951, 0.09979633401221996], [0.056494192185850056, 0.11405295315682282], [0.0559662090813094, 0.09775967413441955], [0.1235480464625132, 0.07637474541751528]], "L-Hip": [[0.034318901795142555, -0.05295315682281059], [0.0454065469904963, 0.009164969450101833], [0.06705385427666315, -0.01120162932790224], [0.10084477296726505, 0.032586558044806514], [0.13146779303062303, 0.10896130346232179], [0.14730728616684266, 0.10896130346232179], [0.14149947201689547, 0.11405295315682282], [0.11246040126715945, 0.07535641547861507], [0.12302006335797254, 0.05295315682281059], [0.13833157338965152, -0.025458248472505093]], "L-Knee": [[0.04487856388595565, -0.010183299389002037], [0.06705385427666315, 0.031568228105906315], [0.0781414994720169, 0.01120162932790224], [0.11615628299894404, 0.059063136456211814], [0.10929250263991552, 0.10488798370672098], [0.1235480464625132, 0.09674134419551934], [0.12407602956705385, 0.11812627291242363], [0.10084477296726505, 0.09572301425661914], [0.14044350580781415, 0.051934826883910386], [0.11246040126715945, 0.032586558044806514]], "L-Ank": [[0.05543822597676874, 0.0539714867617108], [0.0781414994720169, 0.07535641547861507], [0.0781414994720169, 0.07535641547861507], [0.0839493136219641, 0.08655804480651731], [0.07972544878563886, 0.09164969450101833], [0.08817317845828933, 0.10386965376782077], [0.08342133051742344, 0.12016293279022404], [0.10084477296726505, 0.09775967413441955], [0.1246040126715945, 0.09775967413441955], [0.08130939809926083, 0.07841140529531568]]}