{"Head": [[0.02164730728616684, -0.09775967413441955], [0.044350580781414996, -0.09674134419551934], [0.05543822597676874, -0.07637474541751528], [0.09028511087645195, -0.054989816700611], [0.13463569165786696, -0.032586558044806514], [0.1573389651531151, -0.010183299389002037], [0.17581837381203802, 0.034623217922606926], [0.16842661034846884, 0.032586558044806514], [0.15681098204857444, 0.0539714867617108], [0.15945089757127773, 0.07026476578411406]], "R-Sho": [[0.0005279831045406547, -0.07637474541751528], [0.03326293558606125, -0.07739307535641547], [0.044350580781414996, -0.07637474541751528], [0.0781414994720169, -0.03360488798370672], [0.11246040126715945, -0.031568228105906315], [0.14519535374868003, 0.010183299389002037], [0.15522703273495247, 0.034623217922606926], [0.1573389651531151, 0.032586558044806514], [0.14519535374868003, 0.0539714867617108], [0.13991552270327348, 0.05804480651731161]], "R-Elb": [[0.0, -0.0539714867617108], [0.02164730728616684, -0.054989816700611], [0.0337909186906019, -0.054989816700611], [0.06810982048574446, -0.01120162932790224], [0.1119324181626188, -0.010183299389002037], [0.133051742344245, 0.028513238289205704], [0.14994720168954592, 0.045824847250509164], [0.14413938753959873, 0.04175152749490835], [0.13674762407602956, 0.0560081466395112], [0.12143611404435058, 0.048879837067209775]], "R-Wr": [[-0.0005279831045406547, -0.01120162932790224], [0.012143611404435059, -0.03360488798370672], [0.023231256599788808, -0.02240325865580448], [0.0781414994720169, 0.010183299389002037], [0.1235480464625132, 0.012219959266802444], [0.14413938753959873, 0.03971486761710794], [0.13780359028511088, 0.038696537678207736], [0.13252375923970433, 0.04073319755600815], [0.1341077085533263, 0.0539714867617108], [0.10823653643083421, 0.04684317718940937]], "L-Sho": [[0.03326293558606125, -0.07637474541751528], [0.0559662090813094, -0.07739307535641547], [0.06705385427666315, -0.07637474541751528], [0.10084477296726505, -0.03360488798370672], [0.1351636747624076, -0.01120162932790224], [0.1678986272439282, 0.031568228105906315], [0.17740232312565998, 0.06008146639511202], [0.16842661034846884, 0.07535641547861507], [0.15681098204857444, 0.07637474541751528], [0.14994720168954592, 0.09572301425661914]], "L-Elb": [[0.044350580781414996, -0.054989816700611], [0.06705385427666315, -0.07637474541751528], [0.0781414994720169, -0.0539714867617108], [0.11615628299894404, -0.010183299389002037], [0.14519535374868003, 0.010183299389002037], [0.1689545934530095, 0.0539714867617108], [0.18373812038014783, 0.08961303462321792], [0.1678986272439282, 0.09674134419551934], [0.1562829989440338, 0.09368635437881874], [0.13833157338965152, 0.10896130346232179]], "L-Wr": [[0.04487856388595565, -0.032586558044806514], [0.07708553326293559, -0.04175152749490835], [0.08289334741288279, -0.008146639511201629], [0.12196409714889124, 0.015274949083503055], [0.14625131995776136, 0.034623217922606926], [0.14994720168954592, 0.051934826883910386], [0.19482576557550157, 0.10285132382892057], [0.16842661034846884, 0.07535641547861507], [0.15047518479408659, 0.09368635437881874], [0.12302006335797254, 0.09775967413441955]], "R-Hip": [[0.011087645195353749, -0.032586558044806514], [0.0337909186906019, -0.032586558044806514], [0.0454065469904963, -0.032586558044806514], [0.08606124604012672, 0.0010183299389002036], [0.11140443505807814, 0.03054989816700611], [0.13357972544878563, 0.054989816700611], [0.14625131995776136, 0.06517311608961303], [0.13885955649419218, 0.06313645621181263], [0.12302006335797254, 0.07535641547861507], [0.12724392819429778, 0.09266802443991853]], "R-Knee": [[-0.0005279831045406547, 0.01120162932790224], [0.02270327349524815, 0.010183299389002037], [0.0337909186906019, 0.01120162932790224], [0.0559662090813094, 0.03360488798370672], [0.0791974656810982, 0.0539714867617108], [0.1119324181626188, 0.07535641547861507], [0.1351636747624076, 0.06313645621181263], [0.12302006335797254, 0.0539714867617108], [0.1119324181626188, 0.07535641547861507], [0.11087645195353749, 0.10285132382892057]], "R-Ank": [[-0.022175290390707498, 0.054989816700611], [0.011615628299894404, 0.05295315682281059], [0.03326293558606125, 0.054989816700611], [0.03326293558606125, 0.07535641547861507], [0.0501583949313622, 0.07841140529531568], [0.08922914466737064, 0.09572301425661914], [0.10084477296726505, 0.09674134419551934], [0.0897571277719113, 0.09674134419551934], [0.10084477296726505, 0.07637474541751528], [0.09345300950369588, 0.11914460285132383]], "L-Hip": [[0.03326293558606125, -0.032586558044806514], [0.0559662090813094, -0.032586558044806514], [0.06705385427666315, -0.032586558044806514], [0.09767687434002112, 0.014256619144602852], [0.1235480464625132, 0.032586558044806514], [0.1457233368532207, 0.07637474541751528], [0.15205913410770855, 0.0855397148676171], [0.14730728616684266, 0.0855397148676171], [0.1235480464625132, 0.09674134419551934], [0.1246040126715945, 0.06720977596741344]], "L-Knee": [[0.0337909186906019, 0.010183299389002037], [0.0559662090813094, 0.03054989816700611], [0.0675818373812038, 0.01120162932790224], [0.10876451953537487, 0.026476578411405296], [0.1341077085533263, 0.032586558044806514], [0.1583949313621964, 0.09979633401221996], [0.16367476240760295, 0.09470468431771895], [0.16156282998944033, 0.09368635437881874], [0.11246040126715945, 0.10183299389002037], [0.11034846884899684, 0.06924643584521385]], "L-Ank": [[0.0337909186906019, 0.054989816700611], [0.0454065469904963, 0.054989816700611], [0.06810982048574446, 0.05295315682281059], [0.10137275607180571, 0.07535641547861507], [0.1119324181626188, 0.07637474541751528], [0.11246040126715945, 0.09775967413441955], [0.1341077085533263, 0.10692464358452139], [0.1235480464625132, 0.09674134419551934], [0.1003167898627244, 0.10183299389002037], [0.08817317845828933, 0.06619144602851323]]}