{"Head": [[-0.012143611404435059, -0.09979633401221996], [-0.02270327349524815, -0.09877800407331976], [-0.02270327349524815, -0.09877800407331976], [-0.02270327349524815, -0.012219959266802444], [-0.09028511087645195, 0.003054989816700611], [-0.19165786694825765, 0.02240325865580448], [-0.2587117212249208, 0.09775967413441955], [-0.30359028511087643, 0.20468431771894094], [-0.2587117212249208, 0.1415478615071283], [0.0, 0.0]], "R-Sho": [[-0.034318901795142555, -0.0560081466395112], [-0.04487856388595565, -0.054989816700611], [-0.0454065469904963, -0.054989816700611], [-0.0454065469904963, 0.01120162932790224], [-0.10665258711721225, 0.0560081466395112], [-0.18690601900739176, 0.09775967413441955], [-0.2692713833157339, 0.14052953156822812], [-0.2914466737064414, 0.22708757637474541], [-0.2692713833157339, 0.1629327902240326], [0.0, 0.0]], "R-Elb": [[-0.0454065469904963, -0.010183299389002037], [-0.0454065469904963, 0.010183299389002037], [-0.056494192185850056, 0.010183299389002037], [-0.06599788806758183, 0.05804480651731161], [-0.11246040126715945, 0.09674134419551934], [-0.20274551214361142, 0.10488798370672098], [-0.2898627243928194, 0.159877800407332], [-0.2925026399155227, 0.26171079429735233], [-0.28141499472016895, 0.20672097759674135], [0.0, 0.0]], "R-Wr": [[-0.0454065469904963, 0.0539714867617108], [-0.056494192185850056, 0.07433808553971487], [-0.056494192185850056, 0.054989816700611], [-0.0839493136219641, 0.10183299389002037], [-0.1235480464625132, 0.14052953156822812], [-0.19957761351636746, 0.06822810590631365], [-0.2676874340021119, 0.1670061099796334], [-0.32470960929250264, 0.2790224032586558], [-0.2930306230200634, 0.2505091649694501], [0.0, 0.0]], "L-Sho": [[0.0, -0.07535641547861507], [-0.0005279831045406547, -0.054989816700611], [-0.0005279831045406547, -0.054989816700611], [-0.005279831045406547, 0.026476578411405296], [-0.06546990496304118, 0.03971486761710794], [-0.16578669482576558, 0.03360488798370672], [-0.2365364308342133, 0.12016293279022404], [-0.2692713833157339, 0.20570264765784113], [-0.22597676874340022, 0.16191446028513237], [0.0, 0.0]], "L-Elb": [[0.011087645195353749, -0.01120162932790224], [0.010559662090813094, -0.010183299389002037], [0.0, 0.010183299389002037], [0.011087645195353749, 0.07535641547861507], [-0.04593453009503696, 0.06924643584521385], [-0.14361140443505807, 0.062118126272912425], [-0.22069693769799367, 0.12423625254582485], [-0.2592397043294615, 0.2494908350305499], [-0.2249208025343189, 0.20570264765784113], [0.0, 0.0]], "L-Wr": [[0.011087645195353749, 0.0539714867617108], [0.011087645195353749, 0.0539714867617108], [0.0005279831045406547, 0.07433808553971487], [0.030623020063357972, 0.13747454175152748], [-0.04276663146779303, 0.10081466395112017], [-0.1737064413938754, 0.07128309572301425], [-0.2085533262935586, 0.13238289205702647], [-0.29197465681098206, 0.2708757637474542], [-0.23600844772967264, 0.269857433808554], [0.0, 0.0]], "R-Hip": [[-0.0337909186906019, 0.054989816700611], [-0.034318901795142555, 0.07433808553971487], [-0.034318901795142555, 0.07535641547861507], [-0.0454065469904963, 0.11914460285132383], [-0.07497360084477296, 0.13747454175152748], [-0.13833157338965152, 0.15885947046843177], [-0.20327349524815205, 0.19653767820773932], [-0.24234424498416052, 0.2525458248472505], [-0.23600844772967264, 0.22912423625254583], [0.0, 0.0]], "R-Knee": [[-0.034318901795142555, 0.16191446028513237], [-0.04487856388595565, 0.16191446028513237], [-0.034318901795142555, 0.1415478615071283], [-0.04593453009503696, 0.17413441955193482], [-0.06494192185850053, 0.19042769857433808], [-0.09503695881731784, 0.21792260692464357], [-0.14836325237592396, 0.23828920570264767], [-0.22228088701161564, 0.27189409368635437], [-0.20485744456177402, 0.2729124236252546], [0.0, 0.0]], "R-Ank": [[-0.04487856388595565, 0.22912423625254583], [-0.03484688489968321, 0.2484725050916497], [-0.034318901795142555, 0.22708757637474541], [-0.03009503695881732, 0.23014256619144602], [-0.0337909186906019, 0.2606924643584521], [-0.038542766631467794, 0.2494908350305499], [-0.09345300950369588, 0.19653767820773932], [-0.15997888067581836, 0.27189409368635437], [-0.15417106652587118, 0.27494908350305497], [0.0, 0.0]], "L-Hip": [[-0.0010559662090813093, 0.054989816700611], [-0.011087645195353749, 0.07433808553971487], [-0.011087645195353749, 0.07535641547861507], [-0.02270327349524815, 0.11914460285132383], [-0.056494192185850056, 0.11405295315682282], [-0.11298838437170011, 0.11812627291242363], [-0.1890179514255544, 0.15682281059063136], [-0.2375923970432946, 0.21079429735234215], [-0.20644139387539598, 0.21181262729124237], [0.0, 0.0]], "L-Knee": [[0.0, 0.16089613034623218], [0.0, 0.16191446028513237], [0.0, 0.16191446028513237], [0.006335797254487857, 0.15478615071283094], [-0.014783526927138331, 0.17515274949083504], [-0.07127771911298839, 0.1354378818737271], [-0.13938753959873285, 0.1384928716904277], [-0.20591341077085534, 0.20875763747454176], [-0.17740232312565998, 0.20977596741344195], [0.0, 0.0]], "L-Ank": [[0.010559662090813094, 0.2484725050916497], [0.0005279831045406547, 0.2484725050916497], [0.0005279831045406547, 0.22912423625254583], [0.020591341077085535, 0.2525458248472505], [0.0279831045406547, 0.24439918533604887], [-0.01689545934530095, 0.15580448065173116], [-0.09926082365364308, 0.11608961303462322], [-0.1536430834213305, 0.20977596741344195], [-0.13885955649419218, 0.23217922606924643], [0.0, 0.0]]}