{"Head": [[0.04012671594508976, -0.09368635437881874], [0.03326293558606125, -0.09775967413441955], [0.03273495248152059, -0.07637474541751528], [0.011087645195353749, -0.054989816700611], [-0.017423442449841606, -0.021384928716904276], [-0.04593453009503696, -0.019348268839103868], [-0.09186906019007392, -0.004073319755600814], [-0.1235480464625132, -0.004073319755600814], [-0.1351636747624076, 0.05295315682281059], [0.0, 0.0]], "R-Sho": [[0.022175290390707498, -0.07637474541751528], [0.022175290390707498, -0.07637474541751528], [0.011615628299894404, -0.054989816700611], [0.0, -0.054989816700611], [-0.02587117212249208, -0.008146639511201629], [-0.04276663146779303, 0.009164969450101833], [-0.09028511087645195, 0.017311608961303463], [-0.117740232312566, 0.017311608961303463], [-0.12407602956705385, 0.0539714867617108], [0.0, 0.0]], "R-Elb": [[0.02164730728616684, -0.031568228105906315], [0.011087645195353749, -0.03360488798370672], [0.01003167898627244, -0.032586558044806514], [-0.011615628299894404, -0.032586558044806514], [-0.026399155227032733, 0.013238289205702648], [-0.05438225976768744, 0.009164969450101833], [-0.10876451953537487, 0.004073319755600814], [-0.13938753959873285, 0.01120162932790224], [-0.1457233368532207, 0.07535641547861507], [0.0, 0.0]], "R-Wr": [[0.01689545934530095, 0.0010183299389002036], [0.011087645195353749, 0.0010183299389002036], [0.0, -0.012219959266802444], [-0.017423442449841606, 0.0], [-0.02903907074973601, 0.031568228105906315], [-0.0559662090813094, -0.021384928716904276], [-0.12196409714889124, -0.02240325865580448], [-0.15892291446673706, -0.014256619144602852], [-0.15997888067581836, 0.09063136456211812], [0.0, 0.0]], "L-Sho": [[0.0454065469904963, -0.07739307535641547], [0.04487856388595565, -0.07637474541751528], [0.044350580781414996, -0.054989816700611], [0.022175290390707498, -0.054989816700611], [-0.005279831045406547, -0.017311608961303463], [-0.02692713833157339, -0.004073319755600814], [-0.07391763463569166, -0.008146639511201629], [-0.1061246040126716, -0.004073319755600814], [-0.11246040126715945, 0.054989816700611], [0.0, 0.0]], "L-Elb": [[0.0559662090813094, -0.054989816700611], [0.05543822597676874, -0.0539714867617108], [0.0454065469904963, -0.03360488798370672], [0.0337909186906019, -0.032586558044806514], [0.010559662090813094, 0.019348268839103868], [-0.032206969376979935, -0.019348268839103868], [-0.08870116156282999, -0.025458248472505093], [-0.12565997888067582, -0.015274949083503055], [-0.12407602956705385, 0.07433808553971487], [0.0, 0.0]], "L-Wr": [[0.0559662090813094, -0.03360488798370672], [0.0559662090813094, -0.009164969450101833], [0.049102428722280884, -0.010183299389002037], [0.04751847940865892, -0.004073319755600814], [-0.003695881731784583, 0.025458248472505093], [-0.0454065469904963, -0.03767820773930754], [-0.11404435058078141, -0.031568228105906315], [-0.1525871172122492, -0.023421588594704685], [-0.1351636747624076, 0.07637474541751528], [0.0, 0.0]], "R-Hip": [[0.03326293558606125, -0.01120162932790224], [0.02270327349524815, -0.01120162932790224], [0.022175290390707498, -0.010183299389002037], [0.010559662090813094, 0.010183299389002037], [-0.012143611404435059, 0.031568228105906315], [-0.03326293558606125, 0.031568228105906315], [-0.06969376979936642, 0.04073319755600815], [-0.09028511087645195, 0.051934826883910386], [-0.10295670538542767, 0.08655804480651731], [0.0, 0.0]], "R-Knee": [[0.022175290390707498, 0.05295315682281059], [0.022175290390707498, 0.032586558044806514], [0.011615628299894404, 0.05295315682281059], [-0.0005279831045406547, 0.0539714867617108], [-0.022175290390707498, 0.054989816700611], [-0.03326293558606125, 0.07535641547861507], [-0.04593453009503696, 0.07535641547861507], [-0.05755015839493136, 0.0814663951120163], [-0.07866948257655755, 0.10183299389002037], [0.0, 0.0]], "R-Ank": [[0.022175290390707498, 0.09775967413441955], [0.011087645195353749, 0.09674134419551934], [0.011087645195353749, 0.09775967413441955], [0.011087645195353749, 0.09674134419551934], [-0.011615628299894404, 0.09775967413441955], [-0.011615628299894404, 0.11812627291242363], [-0.006335797254487857, 0.1120162932790224], [-0.014255543822597676, 0.10285132382892057], [-0.034318901795142555, 0.11914460285132383], [0.0, 0.0]], "L-Hip": [[0.04487856388595565, -0.01120162932790224], [0.04487856388595565, -0.01120162932790224], [0.04382259767687434, -0.010183299389002037], [0.022175290390707498, 0.010183299389002037], [-0.0005279831045406547, 0.01120162932790224], [-0.020591341077085535, 0.02240325865580448], [-0.061246040126715945, 0.019348268839103868], [-0.0791974656810982, 0.025458248472505093], [-0.08922914466737064, 0.06924643584521385], [0.0, 0.0]], "L-Knee": [[0.0559662090813094, 0.032586558044806514], [0.05543822597676874, 0.032586558044806514], [0.0454065469904963, 0.05295315682281059], [0.03326293558606125, 0.05295315682281059], [0.011087645195353749, 0.0539714867617108], [0.0, 0.0539714867617108], [-0.03695881731784583, 0.04480651731160896], [-0.04963041182682154, 0.05804480651731161], [-0.073389651531151, 0.07637474541751528], [0.0, 0.0]], "L-Ank": [[0.0665258711721225, 0.09674134419551934], [0.056494192185850056, 0.09674134419551934], [0.0665258711721225, 0.09775967413441955], [0.05543822597676874, 0.09775967413441955], [0.0337909186906019, 0.09775967413441955], [0.02270327349524815, 0.09674134419551934], [-0.010559662090813094, 0.0835030549898167], [-0.022175290390707498, 0.08044806517311609], [-0.046990496304118265, 0.09164969450101833], [0.0, 0.0]]}