{"Head": [[-0.034318901795142555, -0.01120162932790224], [-0.0337909186906019, 0.010183299389002037], [-0.03484688489968321, 0.010183299389002037], [-0.0454065469904963, 0.009164969450101833], [-0.056494192185850056, -0.01120162932790224], [-0.0791974656810982, -0.010183299389002037], [-0.1246040126715945, 0.010183299389002037], [-0.21383315733896516, 0.01120162932790224], [-0.2713833157338965, 0.054989816700611], [-0.3262935586061246, 0.1109979633401222]], "R-Sho": [[-0.056494192185850056, 0.010183299389002037], [-0.056494192185850056, 0.031568228105906315], [-0.057022175290390706, 0.031568228105906315], [-0.06335797254487856, 0.02240325865580448], [-0.0791974656810982, 0.010183299389002037], [-0.10137275607180571, 0.032586558044806514], [-0.1351636747624076, 0.032586558044806514], [-0.1969376979936642, 0.05091649694501019], [-0.26504751847940866, 0.09063136456211812], [-0.31784582893347413, 0.1334012219959267]], "R-Elb": [[-0.0675818373812038, 0.031568228105906315], [-0.07444561774023231, 0.05295315682281059], [-0.07866948257655755, 0.0539714867617108], [-0.08447729672650475, 0.031568228105906315], [-0.09028511087645195, 0.054989816700611], [-0.11246040126715945, 0.07535641547861507], [-0.14625131995776136, 0.054989816700611], [-0.21383315733896516, 0.07535641547861507], [-0.2808870116156283, 0.13034623217922606], [-0.3437170010559662, 0.15274949083503056]], "R-Wr": [[-0.06705385427666315, 0.0539714867617108], [-0.06863780359028511, 0.0824847250509165], [-0.0675818373812038, 0.07637474541751528], [-0.09239704329461457, 0.07841140529531568], [-0.09926082365364308, 0.08961303462321792], [-0.11246040126715945, 0.12016293279022404], [-0.1610348468848997, 0.04989816700610998], [-0.2470960929250264, 0.07535641547861507], [-0.3078141499472017, 0.14663951120162932], [-0.3743400211193242, 0.14765784114052954]], "L-Sho": [[-0.02270327349524815, 0.010183299389002037], [-0.02270327349524815, 0.031568228105906315], [-0.023231256599788808, 0.031568228105906315], [-0.0337909186906019, 0.012219959266802444], [-0.0454065469904963, 0.010183299389002037], [-0.0781414994720169, 0.01120162932790224], [-0.11510031678986272, 0.020366598778004074], [-0.18954593453009505, 0.020366598778004074], [-0.26029567053854274, 0.045824847250509164], [-0.307286166842661, 0.09470468431771895]], "L-Elb": [[-0.018479408658922915, 0.02240325865580448], [-0.017423442449841606, 0.04684317718940937], [-0.01900739176346357, 0.04684317718940937], [-0.027455121436114043, 0.025458248472505093], [-0.032206969376979935, 0.032586558044806514], [-0.056494192185850056, 0.05295315682281059], [-0.09028511087645195, 0.019348268839103868], [-0.17845828933474128, -0.002036659877800407], [-0.25237592397043296, 0.09368635437881874], [-0.28352692713833155, 0.109979633401222]], "L-Wr": [[-0.011615628299894404, 0.06008146639511202], [-0.011615628299894404, 0.07331975560081466], [-0.013727560718057022, 0.08044806517311609], [-0.02270327349524815, 0.054989816700611], [-0.023231256599788808, 0.07433808553971487], [-0.04593453009503696, 0.0539714867617108], [-0.117740232312566, -0.010183299389002037], [-0.20538542766631468, 0.0010183299389002036], [-0.2666314677930306, 0.12219959266802444], [-0.27560718057022177, 0.14052953156822812]], "R-Hip": [[-0.056494192185850056, 0.0539714867617108], [-0.0559662090813094, 0.06924643584521385], [-0.057022175290390706, 0.07535641547861507], [-0.06810982048574446, 0.07433808553971487], [-0.07866948257655755, 0.0539714867617108], [-0.09028511087645195, 0.09674134419551934], [-0.10137275607180571, 0.07535641547861507], [-0.15417106652587118, 0.0814663951120163], [-0.21594508975712778, 0.09368635437881874], [-0.26029567053854274, 0.14358452138492872]], "R-Knee": [[-0.0675818373812038, 0.07637474541751528], [-0.0675818373812038, 0.09775967413441955], [-0.0675818373812038, 0.09674134419551934], [-0.06810982048574446, 0.09674134419551934], [-0.0791974656810982, 0.07637474541751528], [-0.0850052798310454, 0.10590631364562118], [-0.0897571277719113, 0.09775967413441955], [-0.12618796198521648, 0.10183299389002037], [-0.17317845828933473, 0.12627291242362526], [-0.21594508975712778, 0.1446028513238289]], "R-Ank": [[-0.0675818373812038, 0.16089613034623218], [-0.0675818373812038, 0.16191446028513237], [-0.0675818373812038, 0.16089613034623218], [-0.0675818373812038, 0.16191446028513237], [-0.0675818373812038, 0.12016293279022404], [-0.0675818373812038, 0.16191446028513237], [-0.0675818373812038, 0.1415478615071283], [-0.0908130939809926, 0.14052953156822812], [-0.14413938753959873, 0.14867617107942974], [-0.1816261879619852, 0.14562118126272913]], "L-Hip": [[-0.034318901795142555, 0.0539714867617108], [-0.036430834213305174, 0.07230142566191446], [-0.04487856388595565, 0.07637474541751528], [-0.0454065469904963, 0.07433808553971487], [-0.0559662090813094, 0.0539714867617108], [-0.06810982048574446, 0.07637474541751528], [-0.0908130939809926, 0.054989816700611], [-0.14519535374868003, 0.059063136456211814], [-0.2122492080253432, 0.05091649694501019], [-0.25976768743400214, 0.10081466395112017]], "L-Knee": [[-0.02270327349524815, 0.07535641547861507], [-0.02270327349524815, 0.09674134419551934], [-0.02270327349524815, 0.07739307535641547], [-0.0337909186906019, 0.09572301425661914], [-0.04487856388595565, 0.07637474541751528], [-0.0501583949313622, 0.10386965376782077], [-0.06071805702217529, 0.10386965376782077], [-0.11457233368532208, 0.07128309572301425], [-0.1737064413938754, 0.059063136456211814], [-0.22175290390707497, 0.07230142566191446]], "L-Ank": [[-0.02270327349524815, 0.16191446028513237], [-0.02270327349524815, 0.16191446028513237], [-0.02270327349524815, 0.16191446028513237], [-0.02270327349524815, 0.1425661914460285], [-0.04487856388595565, 0.1395112016293279], [-0.04487856388595565, 0.1415478615071283], [-0.056494192185850056, 0.14052953156822812], [-0.10084477296726505, 0.1120162932790224], [-0.15100316789862725, 0.0560081466395112], [-0.20380147835269272, 0.034623217922606926]]}