{"Head": [[-0.0203125, -0.1], [-0.0203125, -0.1], [-0.0203125, -0.1], [-0.05625, -0.05555555555555555], [-0.246875, 0.030555555555555555], [-0.3109375, 0.07222222222222222], [-0.325, 0.05277777777777778], [0.0, 0.0], [0.0, 0.0], [0.0, 0.0]], "R-Sho": [[-0.0421875, -0.07777777777777778], [-0.0421875, -0.07777777777777778], [-0.0421875, -0.07777777777777778], [-0.06875, -0.03333333333333333], [-0.24375, 0.08055555555555556], [-0.309375, 0.11666666666666667], [-0.3234375, 0.09166666666666666], [0.0, 0.0], [0.0, 0.0], [0.0, 0.0]], "R-Elb": [[-0.0453125, -0.03333333333333333], [-0.0453125, -0.03333333333333333], [-0.04375, -0.03333333333333333], [-0.0921875, -0.008333333333333333], [-0.2609375, 0.12222222222222222], [-0.3203125, 0.15833333333333333], [-0.321875, 0.11944444444444445], [0.0, 0.0], [0.0, 0.0], [0.0, 0.0]], "R-Wr": [[-0.0546875, 0.011111111111111112], [-0.0546875, 0.011111111111111112], [-0.053125, 0.008333333333333333], [-0.09375, 0.03333333333333333], [-0.275, 0.14722222222222223], [-0.3078125, 0.1638888888888889], [-0.3234375, 0.16111111111111112], [0.0, 0.0], [0.0, 0.0], [0.0, 0.0]], "L-Sho": [[-0.0046875, -0.07777777777777778], [-0.0046875, -0.07777777777777778], [-0.0046875, -0.07777777777777778], [-0.03125, -0.03333333333333333], [-0.2328125, 0.05555555555555555], [-0.2953125, 0.07777777777777778], [-0.2984375, 0.05277777777777778], [0.0, 0.0], [0.0, 0.0], [0.0, 0.0]], "L-Elb": [[0.00625, -0.03333333333333333], [0.00625, -0.03333333333333333], [0.0046875, -0.03333333333333333], [-0.0203125, 0.008333333333333333], [-0.1984375, 0.06666666666666667], [-0.275, 0.08333333333333333], [-0.2640625, 0.05], [0.0, 0.0], [0.0, 0.0], [0.0, 0.0]], "L-Wr": [[0.00625, 0.011111111111111112], [0.00625, 0.011111111111111112], [0.00625, 0.011111111111111112], [-0.0078125, 0.05277777777777778], [-0.184375, 0.03333333333333333], [-0.2546875, 0.05], [-0.2859375, 0.05277777777777778], [0.0, 0.0], [0.0, 0.0], [0.0, 0.0]], "R-Hip": [[-0.03125, 0.008333333333333333], [-0.0328125, 0.008333333333333333], [-0.0328125, 0.008333333333333333], [-0.0578125, 0.03333333333333333], [-0.20625, 0.13333333333333333], [-0.278125, 0.125], [-0.2875, 0.1388888888888889], [0.0, 0.0], [0.0, 0.0], [0.0, 0.0]], "R-Knee": [[-0.0453125, 0.05555555555555555], [-0.0453125, 0.05555555555555555], [-0.0453125, 0.05277777777777778], [-0.0796875, 0.05277777777777778], [-0.1953125, 0.16111111111111112], [-0.2875, 0.1527777777777778], [-0.3125, 0.15833333333333333], [0.0, 0.0], [0.0, 0.0], [0.0, 0.0]], "R-Ank": [[-0.05625, 0.1388888888888889], [-0.05625, 0.1388888888888889], [-0.0546875, 0.1388888888888889], [-0.065625, 0.1388888888888889], [-0.14375, 0.16111111111111112], [-0.2375, 0.16666666666666666], [-0.2640625, 0.16111111111111112], [0.0, 0.0], [0.0, 0.0], [0.0, 0.0]], "L-Hip": [[-0.0078125, 0.008333333333333333], [-0.0078125, 0.008333333333333333], [-0.0078125, 0.008333333333333333], [-0.0421875, 0.03333333333333333], [-0.1859375, 0.10833333333333334], [-0.2546875, 0.11944444444444445], [-0.2640625, 0.11944444444444445], [0.0, 0.0], [0.0, 0.0], [0.0, 0.0]], "L-Knee": [[0.00625, 0.05555555555555555], [0.00625, 0.07222222222222222], [0.00625, 0.07222222222222222], [-0.0078125, 0.075], [-0.14375, 0.10833333333333334], [-0.2375, 0.075], [-0.2890625, 0.10555555555555556], [0.0, 0.0], [0.0, 0.0], [0.0, 0.0]], "L-Ank": [[0.0078125, 0.1388888888888889], [0.0078125, 0.1388888888888889], [0.015625, 0.1388888888888889], [0.00625, 0.1361111111111111], [-0.1109375, 0.125], [-0.18125, 0.075], [-0.2625, 0.1638888888888889], [0.0, 0.0], [0.0, 0.0], [0.0, 0.0]]}