{"Head": [[-0.0078125, -0.14444444444444443], [-0.0078125, -0.14444444444444443], [-0.009375, -0.14166666666666666], [-0.0328125, -0.07777777777777778], [-0.1234375, -0.04722222222222222], [-0.221875, 0.013888888888888888], [-0.2953125, 0.05555555555555555], [-0.3234375, 0.07222222222222222], [-0.3515625, 0.022222222222222223], [0.0, 0.0]], "R-Sho": [[-0.0203125, -0.12222222222222222], [-0.0203125, -0.12222222222222222], [-0.03125, -0.11944444444444445], [-0.0421875, -0.05277777777777778], [-0.1265625, -0.022222222222222223], [-0.2140625, 0.03888888888888889], [-0.2734375, 0.058333333333333334], [-0.2953125, 0.08611111111111111], [-0.35625, 0.05], [0.0, 0.0]], "R-Elb": [[-0.046875, -0.12222222222222222], [-0.0453125, -0.12222222222222222], [-0.0546875, -0.1], [-0.0484375, -0.016666666666666666], [-0.1375, 0.013888888888888888], [-0.23125, 0.05555555555555555], [-0.25625, 0.08888888888888889], [-0.284375, 0.10277777777777777], [-0.359375, 0.09166666666666666], [0.0, 0.0]], "R-Wr": [[-0.0796875, -0.1111111111111111], [-0.06875, -0.11944444444444445], [-0.0671875, -0.1], [-0.05625, 0.011111111111111112], [-0.16875, 0.016666666666666666], [-0.265625, 0.08611111111111111], [-0.290625, 0.09444444444444444], [-0.2640625, 0.10833333333333334], [-0.3328125, 0.09722222222222222], [0.0, 0.0]], "L-Sho": [[0.0046875, -0.12222222222222222], [0.00625, -0.12222222222222222], [0.0046875, -0.11944444444444445], [-0.015625, -0.04722222222222222], [-0.10625, -0.04722222222222222], [-0.1953125, 0.005555555555555556], [-0.2765625, 0.044444444444444446], [-0.321875, 0.03888888888888889], [-0.3359375, 0.030555555555555555], [0.0, 0.0]], "L-Elb": [[0.01875, -0.11944444444444445], [0.0296875, -0.12222222222222222], [0.0203125, -0.1], [0.0046875, -0.022222222222222223], [-0.0875, -0.044444444444444446], [-0.209375, 0.013888888888888888], [-0.259375, 0.08333333333333333], [-0.3, 0.03333333333333333], [-0.321875, 0.041666666666666664], [0.0, 0.0]], "L-Wr": [[0.0421875, -0.11944444444444445], [0.0546875, -0.11944444444444445], [0.0421875, -0.08055555555555556], [0.0265625, -0.002777777777777778], [-0.071875, -0.030555555555555555], [-0.240625, 0.013888888888888888], [-0.2921875, 0.1], [-0.28125, 0.03333333333333333], [-0.3078125, 0.04722222222222222], [0.0, 0.0]], "R-Hip": [[-0.01875, -0.05555555555555555], [-0.01875, -0.05555555555555555], [-0.0203125, -0.05277777777777778], [-0.0265625, 0.008333333333333333], [-0.078125, 0.03333333333333333], [-0.1765625, 0.06388888888888888], [-0.2265625, 0.08888888888888889], [-0.2703125, 0.08333333333333333], [-0.3078125, 0.10555555555555556], [0.0, 0.0]], "R-Knee": [[-0.03125, 0.008333333333333333], [-0.03125, 0.008333333333333333], [-0.03125, -0.011111111111111112], [-0.0359375, 0.027777777777777776], [-0.0515625, 0.06666666666666667], [-0.10625, 0.075], [-0.190625, 0.09444444444444444], [-0.2296875, 0.08333333333333333], [-0.2734375, 0.09444444444444444], [0.0, 0.0]], "R-Ank": [[-0.03125, 0.05555555555555555], [-0.03125, 0.06944444444444445], [-0.03125, 0.05277777777777778], [-0.0140625, 0.075], [-0.0125, 0.08333333333333333], [-0.065625, 0.08055555555555556], [-0.1515625, 0.075], [-0.190625, 0.06666666666666667], [-0.2359375, 0.08333333333333333], [0.0, 0.0]], "L-Hip": [[0.003125, -0.05555555555555555], [0.0046875, -0.05555555555555555], [-0.0046875, -0.05277777777777778], [-0.0078125, -0.008333333333333333], [-0.0640625, 0.005555555555555556], [-0.1609375, 0.030555555555555555], [-0.2203125, 0.05], [-0.2671875, 0.05], [-0.2984375, 0.07222222222222222], [0.0, 0.0]], "L-Knee": [[0.00625, 0.008333333333333333], [0.00625, 0.008333333333333333], [0.00625, 0.008333333333333333], [0.00625, 0.030555555555555555], [-0.0375, 0.03611111111111111], [-0.11875, 0.044444444444444446], [-0.1953125, 0.05277777777777778], [-0.234375, 0.027777777777777776], [-0.275, 0.075], [0.0, 0.0]], "L-Ank": [[0.00625, 0.05555555555555555], [0.00625, 0.05555555555555555], [0.0171875, 0.05555555555555555], [0.0296875, 0.075], [-0.0078125, 0.06388888888888888], [-0.0828125, 0.06944444444444445], [-0.1625, 0.05277777777777778], [-0.2015625, -0.011111111111111112], [-0.24375, 0.06111111111111111], [0.0, 0.0]]}