{"Head": [[0.01875, -0.16666666666666666], [0.0296875, -0.1638888888888889], [0.028125, -0.1638888888888889], [0.01875, -0.14166666666666666], [-0.00625, -0.058333333333333334], [-0.09375, -0.025], [-0.159375, 0.025], [-0.225, 0.09722222222222222], [-0.2515625, 0.075], [0.0, 0.0]], "R-Sho": [[0.0046875, -0.14444444444444443], [0.0046875, -0.14166666666666666], [0.0046875, -0.14166666666666666], [0.0046875, -0.12222222222222222], [-0.01875, -0.05277777777777778], [-0.096875, 0.013888888888888888], [-0.1546875, 0.06388888888888888], [-0.2140625, 0.11666666666666667], [-0.228125, 0.07777777777777778], [0.0, 0.0]], "R-Elb": [[-0.0203125, -0.1638888888888889], [-0.0296875, -0.14166666666666666], [0.0046875, -0.08055555555555556], [-0.0078125, -0.09722222222222222], [-0.0203125, -0.011111111111111112], [-0.1109375, 0.05], [-0.178125, 0.09166666666666666], [-0.196875, 0.125], [-0.209375, 0.09444444444444444], [0.0, 0.0]], "R-Wr": [[-0.0328125, -0.16666666666666666], [-0.0546875, -0.12222222222222222], [0.0046875, -0.05555555555555555], [-0.01875, -0.05555555555555555], [-0.0203125, 0.011111111111111112], [-0.1359375, 0.075], [-0.215625, 0.1], [-0.2125, 0.15], [-0.2046875, 0.12222222222222222], [0.0, 0.0]], "L-Sho": [[0.040625, -0.14444444444444443], [0.0421875, -0.14166666666666666], [0.040625, -0.1388888888888889], [0.0421875, -0.11944444444444445], [0.015625, -0.05555555555555555], [-0.0796875, -0.013888888888888888], [-0.134375, 0.019444444444444445], [-0.209375, 0.08611111111111111], [-0.240625, 0.09722222222222222], [0.0, 0.0]], "L-Elb": [[0.065625, -0.14722222222222223], [0.065625, -0.1388888888888889], [0.0421875, -0.08055555555555556], [0.053125, -0.07777777777777778], [0.028125, -0.030555555555555555], [-0.05625, -0.030555555555555555], [-0.11875, 0.011111111111111112], [-0.2203125, 0.11944444444444445], [-0.2625, 0.11944444444444445], [0.0, 0.0]], "L-Wr": [[0.0796875, -0.1638888888888889], [0.078125, -0.14166666666666666], [0.0296875, -0.05555555555555555], [0.0546875, -0.05277777777777778], [0.0421875, 0.008333333333333333], [-0.0328125, -0.041666666666666664], [-0.103125, -0.05277777777777778], [-0.26875, 0.14166666666666666], [-0.2765625, 0.1361111111111111], [0.0, 0.0]], "R-Hip": [[-0.0046875, -0.05555555555555555], [0.0171875, -0.05277777777777778], [0.0046875, -0.05555555555555555], [0.0078125, -0.03611111111111111], [-0.00625, 0.008333333333333333], [-0.053125, 0.03333333333333333], [-0.1046875, 0.09166666666666666], [-0.1546875, 0.12777777777777777], [-0.178125, 0.1], [0.0, 0.0]], "R-Knee": [[-0.01875, 0.013888888888888888], [-0.00625, 0.013888888888888888], [-0.0078125, 0.011111111111111112], [-0.00625, 0.030555555555555555], [-0.0203125, 0.03333333333333333], [-0.0625, 0.08888888888888889], [-0.096875, 0.125], [-0.0984375, 0.11944444444444445], [-0.1421875, 0.11944444444444445], [0.0, 0.0]], "R-Ank": [[-0.0296875, 0.09444444444444444], [-0.01875, 0.09166666666666666], [-0.021875, 0.09166666666666666], [-0.01875, 0.09444444444444444], [-0.01875, 0.09722222222222222], [-0.0234375, 0.11666666666666667], [-0.0515625, 0.13333333333333333], [-0.059375, 0.10833333333333334], [-0.1046875, 0.09166666666666666], [0.0, 0.0]], "L-Hip": [[0.01875, -0.05277777777777778], [0.040625, -0.05277777777777778], [0.0296875, -0.05277777777777778], [0.03125, -0.03611111111111111], [0.0171875, 0.008333333333333333], [-0.0375, 0.0], [-0.0859375, 0.06944444444444445], [-0.1515625, 0.09444444444444444], [-0.1890625, 0.11944444444444445], [0.0, 0.0]], "L-Knee": [[0.03125, 0.030555555555555555], [0.053125, 0.027777777777777776], [0.0421875, 0.027777777777777776], [0.053125, 0.030555555555555555], [0.0421875, 0.05277777777777778], [0.0109375, 0.06666666666666667], [-0.05, 0.06944444444444445], [-0.109375, 0.06111111111111111], [-0.134375, 0.07777777777777778], [0.0, 0.0]], "L-Ank": [[0.053125, 0.09444444444444444], [0.0546875, 0.09444444444444444], [0.0546875, 0.09444444444444444], [0.05625, 0.09444444444444444], [0.05625, 0.1], [0.040625, 0.10555555555555556], [-0.015625, 0.08055555555555556], [-0.084375, 0.058333333333333334], [-0.115625, 0.019444444444444445], [0.0, 0.0]]}