{"Head": [[-0.00625, -0.07777777777777778], [-0.0875, 0.041666666666666664], [-0.2015625, 0.125], [-0.225, 0.07777777777777778], [0.0, 0.0], [0.0, 0.0], [0.0, 0.0], [0.0, 0.0], [0.0, 0.0], [0.0, 0.0]], "R-Sho": [[-0.0078125, -0.05555555555555555], [-0.078125, 0.075], [-0.1890625, 0.1527777777777778], [-0.2375, 0.11666666666666667], [0.0, 0.0], [0.0, 0.0], [0.0, 0.0], [0.0, 0.0], [0.0, 0.0], [0.0, 0.0]], "R-Elb": [[-0.01875, -0.03333333333333333], [-0.0984375, 0.10277777777777777], [-0.2015625, 0.16666666666666666], [-0.2390625, 0.15833333333333333], [0.0, 0.0], [0.0, 0.0], [0.0, 0.0], [0.0, 0.0], [0.0, 0.0], [0.0, 0.0]], "R-Wr": [[-0.0265625, 0.016666666666666666], [-0.0984375, 0.07777777777777778], [-0.221875, 0.16111111111111112], [-0.2328125, 0.18055555555555555], [0.0, 0.0], [0.0, 0.0], [0.0, 0.0], [0.0, 0.0], [0.0, 0.0], [0.0, 0.0]], "L-Sho": [[0.0046875, -0.05555555555555555], [-0.0609375, 0.04722222222222222], [-0.18125, 0.11944444444444445], [-0.2109375, 0.10277777777777777], [0.0, 0.0], [0.0, 0.0], [0.0, 0.0], [0.0, 0.0], [0.0, 0.0], [0.0, 0.0]], "L-Elb": [[0.0046875, -0.03333333333333333], [-0.0453125, 0.06388888888888888], [-0.1734375, 0.14166666666666666], [-0.20625, 0.12222222222222222], [0.0, 0.0], [0.0, 0.0], [0.0, 0.0], [0.0, 0.0], [0.0, 0.0], [0.0, 0.0]], "L-Wr": [[0.00625, -0.011111111111111112], [-0.05, 0.09166666666666666], [-0.18125, 0.175], [-0.2, 0.13333333333333333], [0.0, 0.0], [0.0, 0.0], [0.0, 0.0], [0.0, 0.0], [0.0, 0.0], [0.0, 0.0]], "R-Hip": [[-0.0078125, 0.005555555555555556], [-0.05, 0.1111111111111111], [-0.1546875, 0.15833333333333333], [-0.2203125, 0.1388888888888889], [0.0, 0.0], [0.0, 0.0], [0.0, 0.0], [0.0, 0.0], [0.0, 0.0], [0.0, 0.0]], "R-Knee": [[-0.0234375, 0.06666666666666667], [-0.0296875, 0.13055555555555556], [-0.134375, 0.1638888888888889], [-0.225, 0.1638888888888889], [0.0, 0.0], [0.0, 0.0], [0.0, 0.0], [0.0, 0.0], [0.0, 0.0], [0.0, 0.0]], "R-Ank": [[-0.025, 0.10555555555555556], [-0.0078125, 0.14166666666666666], [-0.1109375, 0.16666666666666666], [-0.1984375, 0.16944444444444445], [0.0, 0.0], [0.0, 0.0], [0.0, 0.0], [0.0, 0.0], [0.0, 0.0], [0.0, 0.0]], "L-Hip": [[0.009375, 0.016666666666666666], [-0.0359375, 0.075], [-0.1546875, 0.11944444444444445], [-0.2109375, 0.13055555555555556], [0.0, 0.0], [0.0, 0.0], [0.0, 0.0], [0.0, 0.0], [0.0, 0.0], [0.0, 0.0]], "L-Knee": [[0.015625, 0.06944444444444445], [-0.015625, 0.09166666666666666], [-0.134375, 0.12222222222222222], [-0.196875, 0.1388888888888889], [0.0, 0.0], [0.0, 0.0], [0.0, 0.0], [0.0, 0.0], [0.0, 0.0], [0.0, 0.0]], "L-Ank": [[0.025, 0.1], [-0.003125, 0.10833333333333334], [-0.109375, 0.11666666666666667], [-0.18125, 0.14444444444444443], [0.0, 0.0], [0.0, 0.0], [0.0, 0.0], [0.0, 0.0], [0.0, 0.0], [0.0, 0.0]]}