{"Head": [[0.0125, -0.17777777777777778], [0.0171875, -0.18611111111111112], [0.00625, -0.18333333333333332], [-0.00625, -0.14444444444444443], [0.0390625, -0.1], [0.1625, -0.005555555555555556], [0.0, 0.0], [0.0, 0.0], [0.0, 0.0], [0.0, 0.0]], "R-Sho": [[0.0046875, -0.16111111111111112], [0.0046875, -0.1638888888888889], [-0.00625, -0.14444444444444443], [-0.0203125, -0.125], [0.028125, -0.08055555555555556], [0.146875, -0.005555555555555556], [0.0, 0.0], [0.0, 0.0], [0.0, 0.0], [0.0, 0.0]], "R-Elb": [[0.003125, -0.12222222222222222], [-0.00625, -0.11944444444444445], [-0.01875, -0.12222222222222222], [-0.0328125, -0.1], [0.0171875, -0.05555555555555555], [0.134375, 0.0], [0.0, 0.0], [0.0, 0.0], [0.0, 0.0], [0.0, 0.0]], "R-Wr": [[0.0046875, -0.1], [-0.00625, -0.08055555555555556], [-0.0203125, -0.09722222222222222], [-0.0265625, -0.075], [0.01875, -0.03333333333333333], [0.1234375, 0.016666666666666666], [0.0, 0.0], [0.0, 0.0], [0.0, 0.0], [0.0, 0.0]], "L-Sho": [[0.01875, -0.16111111111111112], [0.0296875, -0.1638888888888889], [0.01875, -0.14444444444444443], [0.00625, -0.12222222222222222], [0.0421875, -0.07777777777777778], [0.1625, 0.03611111111111111], [0.0, 0.0], [0.0, 0.0], [0.0, 0.0], [0.0, 0.0]], "L-Elb": [[0.01875, -0.11944444444444445], [0.0296875, -0.11944444444444445], [0.0296875, -0.11666666666666667], [0.0171875, -0.1], [0.0484375, -0.03888888888888889], [0.1703125, 0.06388888888888888], [0.0, 0.0], [0.0, 0.0], [0.0, 0.0], [0.0, 0.0]], "L-Wr": [[0.0171875, -0.09722222222222222], [0.0296875, -0.07777777777777778], [0.0296875, -0.07777777777777778], [0.0265625, -0.06388888888888888], [0.0421875, -0.013888888888888888], [0.1890625, 0.09166666666666666], [0.0, 0.0], [0.0, 0.0], [0.0, 0.0], [0.0, 0.0]], "R-Hip": [[0.0046875, -0.08055555555555556], [0.0046875, -0.07777777777777778], [-0.00625, -0.07777777777777778], [-0.01875, -0.05555555555555555], [0.0125, -0.025], [0.121875, 0.03611111111111111], [0.0, 0.0], [0.0, 0.0], [0.0, 0.0], [0.0, 0.0]], "R-Knee": [[-0.00625, -0.030555555555555555], [-0.00625, -0.03333333333333333], [-0.0078125, -0.013888888888888888], [-0.03125, -0.011111111111111112], [-0.00625, 0.022222222222222223], [0.09375, 0.027777777777777776], [0.0, 0.0], [0.0, 0.0], [0.0, 0.0], [0.0, 0.0]], "R-Ank": [[-0.01875, 0.030555555555555555], [-0.01875, 0.030555555555555555], [-0.01875, 0.05], [-0.04375, 0.030555555555555555], [-0.01875, 0.05277777777777778], [0.0578125, 0.06944444444444445], [0.0, 0.0], [0.0, 0.0], [0.0, 0.0], [0.0, 0.0]], "L-Hip": [[0.0171875, -0.08055555555555556], [0.01875, -0.07777777777777778], [0.0171875, -0.07777777777777778], [0.0046875, -0.05555555555555555], [0.0296875, -0.03333333333333333], [0.125, 0.05555555555555555], [0.0, 0.0], [0.0, 0.0], [0.0, 0.0], [0.0, 0.0]], "L-Knee": [[0.0296875, -0.030555555555555555], [0.0296875, -0.03333333333333333], [0.028125, -0.013888888888888888], [0.01875, -0.011111111111111112], [0.0296875, 0.005555555555555556], [0.1015625, 0.10555555555555556], [0.0, 0.0], [0.0, 0.0], [0.0, 0.0], [0.0, 0.0]], "L-Ank": [[0.040625, 0.03611111111111111], [0.040625, 0.03333333333333333], [0.0296875, 0.05], [0.0296875, 0.05277777777777778], [0.0171875, 0.05277777777777778], [0.0671875, 0.1], [0.0, 0.0], [0.0, 0.0], [0.0, 0.0], [0.0, 0.0]]}