{"Head": [[-0.03125, -0.18055555555555555], [-0.040625, -0.20833333333333334], [-0.0390625, -0.18333333333333332], [-0.04375, -0.20833333333333334], [-0.04375, -0.18611111111111112], [0.0046875, -0.06388888888888888], [0.10625, 0.027777777777777776], [0.15, 0.030555555555555555], [0.16875, 0.005555555555555556], [0.0, 0.0]], "R-Sho": [[-0.05625, -0.1638888888888889], [-0.0546875, -0.1638888888888889], [-0.05625, -0.1638888888888889], [-0.065625, -0.16666666666666666], [-0.05625, -0.14166666666666666], [-0.0109375, -0.06111111111111111], [0.090625, 0.016666666666666666], [0.1265625, 0.022222222222222223], [0.1671875, 0.025], [0.0, 0.0]], "R-Elb": [[-0.0578125, -0.11666666666666667], [-0.065625, -0.12222222222222222], [-0.0671875, -0.11944444444444445], [-0.06875, -0.12222222222222222], [-0.06875, -0.1], [-0.046875, -0.06111111111111111], [0.0796875, 0.019444444444444445], [0.1390625, 0.05], [0.1671875, 0.05277777777777778], [0.0, 0.0]], "R-Wr": [[-0.065625, -0.075], [-0.0671875, -0.07777777777777778], [-0.0703125, -0.10277777777777777], [-0.0703125, -0.08055555555555556], [-0.0796875, -0.05555555555555555], [-0.075, -0.06111111111111111], [0.05625, 0.03333333333333333], [0.159375, 0.06666666666666667], [0.1671875, 0.08611111111111111], [0.0, 0.0]], "L-Sho": [[-0.01875, -0.16111111111111112], [-0.0140625, -0.16666666666666666], [-0.01875, -0.16666666666666666], [-0.03125, -0.1638888888888889], [-0.0296875, -0.14166666666666666], [0.025, -0.041666666666666664], [0.1125, 0.04722222222222222], [0.1375, 0.075], [0.153125, 0.002777777777777778], [0.0, 0.0]], "L-Elb": [[-0.0078125, -0.11666666666666667], [-0.0078125, -0.11944444444444445], [-0.01875, -0.11666666666666667], [-0.01875, -0.12222222222222222], [-0.01875, -0.1], [0.034375, -0.016666666666666666], [0.1015625, 0.08611111111111111], [0.1296875, 0.1], [0.153125, 0.030555555555555555], [0.0, 0.0]], "L-Wr": [[-0.0078125, -0.075], [-0.0078125, -0.07777777777777778], [-0.01875, -0.08055555555555556], [-0.01875, -0.08055555555555556], [-0.009375, -0.05555555555555555], [0.021875, 0.016666666666666666], [0.121875, 0.09722222222222222], [0.109375, 0.10277777777777777], [0.153125, 0.06388888888888888], [0.0, 0.0]], "R-Hip": [[-0.0453125, -0.058333333333333334], [-0.04375, -0.07777777777777778], [-0.0546875, -0.075], [-0.0546875, -0.07777777777777778], [-0.0546875, -0.05555555555555555], [-0.01875, 0.005555555555555556], [0.0625, 0.058333333333333334], [0.096875, 0.041666666666666664], [0.1171875, 0.0], [0.0, 0.0]], "R-Knee": [[-0.04375, 0.008333333333333333], [-0.04375, 0.005555555555555556], [-0.0546875, 0.005555555555555556], [-0.0546875, -0.008333333333333333], [-0.0765625, -0.005555555555555556], [-0.0546875, 0.05555555555555555], [0.0203125, 0.058333333333333334], [0.121875, 0.05], [0.115625, 0.06388888888888888], [0.0, 0.0]], "R-Ank": [[-0.04375, 0.075], [-0.04375, 0.075], [-0.0546875, 0.075], [-0.0546875, 0.075], [-0.084375, 0.07222222222222222], [-0.090625, 0.09722222222222222], [-0.015625, 0.07222222222222222], [0.071875, 0.07222222222222222], [0.0703125, 0.08888888888888889], [0.0, 0.0]], "L-Hip": [[-0.0203125, -0.058333333333333334], [-0.0203125, -0.07777777777777778], [-0.03125, -0.075], [-0.03125, -0.07777777777777778], [-0.03125, -0.05555555555555555], [0.003125, 0.03333333333333333], [0.0765625, 0.08888888888888889], [0.109375, 0.08333333333333333], [0.134375, 0.013888888888888888], [0.0, 0.0]], "L-Knee": [[-0.01875, 0.005555555555555556], [-0.01875, -0.011111111111111112], [-0.0203125, -0.008333333333333333], [-0.0296875, -0.011111111111111112], [-0.03125, 0.011111111111111112], [0.0109375, 0.058333333333333334], [0.0359375, 0.09444444444444444], [0.1234375, 0.09166666666666666], [0.134375, 0.08611111111111111], [0.0, 0.0]], "L-Ank": [[-0.0171875, 0.075], [-0.0171875, 0.06944444444444445], [-0.01875, 0.07222222222222222], [-0.01875, 0.07222222222222222], [-0.03125, 0.07777777777777778], [-0.0171875, 0.09444444444444444], [-0.0015625, 0.10833333333333334], [0.0515625, 0.10277777777777777], [0.0953125, 0.10555555555555556], [0.0, 0.0]]}