{"Head": [[0.0171875, -0.16111111111111112], [0.028125, -0.14166666666666666], [0.0859375, -0.06944444444444445], [0.2125, -0.008333333333333333], [0.2828125, 0.06666666666666667], [0.303125, 0.016666666666666666], [0.0, 0.0], [0.0, 0.0], [0.0, 0.0], [0.0, 0.0]], "R-Sho": [[0.0046875, -0.1388888888888889], [0.0171875, -0.11944444444444445], [0.0734375, -0.06111111111111111], [0.1859375, -0.011111111111111112], [0.265625, 0.05], [0.315625, 0.03333333333333333], [0.0, 0.0], [0.0, 0.0], [0.0, 0.0], [0.0, 0.0]], "R-Elb": [[-0.0046875, -0.1], [0.00625, -0.08055555555555556], [0.0671875, -0.03611111111111111], [0.2109375, -0.044444444444444446], [0.28125, 0.03611111111111111], [0.334375, 0.03611111111111111], [0.0, 0.0], [0.0, 0.0], [0.0, 0.0], [0.0, 0.0]], "R-Wr": [[0.003125, -0.075], [0.0046875, -0.07777777777777778], [0.0859375, -0.016666666666666666], [0.24375, -0.06111111111111111], [0.3, 0.030555555555555555], [0.3328125, 0.08055555555555556], [0.0, 0.0], [0.0, 0.0], [0.0, 0.0], [0.0, 0.0]], "L-Sho": [[0.028125, -0.1388888888888889], [0.0421875, -0.11944444444444445], [0.096875, -0.05277777777777778], [0.196875, 0.025], [0.271875, 0.08333333333333333], [0.290625, 0.044444444444444446], [0.0, 0.0], [0.0, 0.0], [0.0, 0.0], [0.0, 0.0]], "L-Elb": [[0.0296875, -0.1], [0.04375, -0.07777777777777778], [0.0953125, -0.022222222222222223], [0.2234375, 0.008333333333333333], [0.290625, 0.08611111111111111], [0.28125, 0.06111111111111111], [0.0, 0.0], [0.0, 0.0], [0.0, 0.0], [0.0, 0.0]], "L-Wr": [[0.03125, -0.07777777777777778], [0.0421875, -0.05555555555555555], [0.1, 0.002777777777777778], [0.253125, -0.027777777777777776], [0.3109375, 0.08888888888888889], [0.296875, 0.075], [0.0, 0.0], [0.0, 0.0], [0.0, 0.0], [0.0, 0.0]], "R-Hip": [[0.00625, -0.075], [0.0171875, -0.05555555555555555], [0.046875, -0.002777777777777778], [0.16875, 0.005555555555555556], [0.2453125, 0.058333333333333334], [0.303125, 0.06388888888888888], [0.0, 0.0], [0.0, 0.0], [0.0, 0.0], [0.0, 0.0]], "R-Knee": [[0.0046875, -0.011111111111111112], [0.00625, -0.011111111111111112], [0.025, 0.030555555555555555], [0.1265625, 0.025], [0.2203125, 0.05], [0.303125, 0.1], [0.0, 0.0], [0.0, 0.0], [0.0, 0.0], [0.0, 0.0]], "R-Ank": [[-0.0046875, 0.05], [0.0046875, 0.03333333333333333], [0.0046875, 0.05555555555555555], [0.0921875, 0.03888888888888889], [0.1921875, 0.06111111111111111], [0.309375, 0.10833333333333334], [0.0, 0.0], [0.0, 0.0], [0.0, 0.0], [0.0, 0.0]], "L-Hip": [[0.0203125, -0.07777777777777778], [0.040625, -0.05555555555555555], [0.0671875, 0.0], [0.1734375, 0.03333333333333333], [0.2484375, 0.08333333333333333], [0.3140625, 0.06111111111111111], [0.0, 0.0], [0.0, 0.0], [0.0, 0.0], [0.0, 0.0]], "L-Knee": [[0.0296875, -0.013888888888888888], [0.0421875, -0.011111111111111112], [0.0703125, 0.03888888888888889], [0.1359375, 0.06111111111111111], [0.225, 0.10277777777777777], [0.31875, 0.08611111111111111], [0.0, 0.0], [0.0, 0.0], [0.0, 0.0], [0.0, 0.0]], "L-Ank": [[0.040625, 0.05277777777777778], [0.0421875, 0.05277777777777778], [0.04375, 0.06944444444444445], [0.103125, 0.06111111111111111], [0.2078125, 0.10833333333333334], [0.328125, 0.10555555555555556], [0.0, 0.0], [0.0, 0.0], [0.0, 0.0], [0.0, 0.0]]}