{"Head": [[-0.0140625, -0.08055555555555556], [-0.0203125, -0.08888888888888889], [-0.0203125, -0.1], [-0.01875, -0.09722222222222222], [-0.01875, -0.08611111111111111], [0.0265625, 0.03611111111111111], [0.1515625, 0.16666666666666666], [0.0, 0.0], [0.0, 0.0], [0.0, 0.0]], "R-Sho": [[-0.0328125, -0.05555555555555555], [-0.0328125, -0.05555555555555555], [-0.0328125, -0.05555555555555555], [-0.03125, -0.05555555555555555], [-0.04375, -0.05277777777777778], [0.0015625, 0.05277777777777778], [0.125, 0.16944444444444445], [0.0, 0.0], [0.0, 0.0], [0.0, 0.0]], "R-Elb": [[-0.0546875, -0.013888888888888888], [-0.053125, -0.013888888888888888], [-0.04375, -0.013888888888888888], [-0.0421875, -0.011111111111111112], [-0.0453125, -0.008333333333333333], [-0.0109375, 0.07222222222222222], [0.1265625, 0.19444444444444445], [0.0, 0.0], [0.0, 0.0], [0.0, 0.0]], "R-Wr": [[-0.04375, 0.008333333333333333], [-0.0421875, 0.011111111111111112], [-0.04375, 0.027777777777777776], [-0.04375, 0.011111111111111112], [-0.0546875, 0.030555555555555555], [-0.0328125, 0.1], [0.146875, 0.20833333333333334], [0.0, 0.0], [0.0, 0.0], [0.0, 0.0]], "L-Sho": [[-0.00625, -0.058333333333333334], [-0.0046875, -0.05555555555555555], [-0.00625, -0.05555555555555555], [0.0046875, -0.05555555555555555], [-0.00625, -0.03611111111111111], [0.0421875, 0.08611111111111111], [0.121875, 0.16111111111111112], [0.0, 0.0], [0.0, 0.0], [0.0, 0.0]], "L-Elb": [[0.00625, -0.013888888888888888], [0.00625, -0.013888888888888888], [0.0046875, -0.011111111111111112], [0.00625, -0.011111111111111112], [0.0046875, -0.008333333333333333], [0.05625, 0.11944444444444445], [0.1203125, 0.19166666666666668], [0.0, 0.0], [0.0, 0.0], [0.0, 0.0]], "L-Wr": [[0.00625, 0.027777777777777776], [0.0078125, 0.027777777777777776], [0.0046875, 0.030555555555555555], [0.00625, 0.030555555555555555], [0.0046875, 0.03333333333333333], [0.0828125, 0.125], [0.1421875, 0.20833333333333334], [0.0, 0.0], [0.0, 0.0], [0.0, 0.0]], "R-Hip": [[-0.03125, 0.03888888888888889], [-0.0296875, 0.030555555555555555], [-0.03125, 0.030555555555555555], [-0.03125, 0.03333333333333333], [-0.03125, 0.03333333333333333], [-0.0203125, 0.13055555555555556], [0.0890625, 0.19166666666666668], [0.0, 0.0], [0.0, 0.0], [0.0, 0.0]], "R-Knee": [[-0.03125, 0.1], [-0.0296875, 0.1], [-0.03125, 0.1], [-0.03125, 0.09722222222222222], [-0.0515625, 0.10833333333333334], [-0.040625, 0.1638888888888889], [0.0546875, 0.16944444444444445], [0.0, 0.0], [0.0, 0.0], [0.0, 0.0]], "R-Ank": [[-0.03125, 0.18611111111111112], [-0.01875, 0.18333333333333332], [-0.0203125, 0.18333333333333332], [-0.04375, 0.20833333333333334], [-0.0671875, 0.1638888888888889], [-0.0703125, 0.18333333333333332], [0.01875, 0.15], [0.0, 0.0], [0.0, 0.0], [0.0, 0.0]], "L-Hip": [[-0.00625, 0.030555555555555555], [-0.00625, 0.030555555555555555], [-0.00625, 0.030555555555555555], [-0.00625, 0.030555555555555555], [-0.0078125, 0.03333333333333333], [0.0046875, 0.15], [0.0890625, 0.20833333333333334], [0.0, 0.0], [0.0, 0.0], [0.0, 0.0]], "L-Knee": [[0.00625, 0.09722222222222222], [0.0046875, 0.09722222222222222], [0.0046875, 0.09722222222222222], [0.003125, 0.09722222222222222], [0.0046875, 0.09722222222222222], [-0.0078125, 0.18055555555555555], [0.05, 0.2111111111111111], [0.0, 0.0], [0.0, 0.0], [0.0, 0.0]], "L-Ank": [[0.0171875, 0.18333333333333332], [0.0078125, 0.18333333333333332], [0.00625, 0.18055555555555555], [0.0046875, 0.18055555555555555], [0.0046875, 0.18055555555555555], [-0.0390625, 0.225], [-0.0015625, 0.18611111111111112], [0.0, 0.0], [0.0, 0.0], [0.0, 0.0]]}