{"Head": [[-0.009375, -0.08333333333333333], [-0.0078125, -0.08333333333333333], [-0.0125, -0.08333333333333333], [-0.0078125, -0.05555555555555555], [0.1140625, 0.005555555555555556], [0.2828125, 0.18611111111111112], [0.3515625, 0.1361111111111111], [0.0, 0.0], [0.0, 0.0], [0.0, 0.0]], "R-Sho": [[-0.03125, -0.05555555555555555], [-0.03125, -0.05555555555555555], [-0.0265625, -0.04722222222222222], [-0.01875, -0.030555555555555555], [0.0921875, 0.025], [0.26875, 0.1527777777777778], [0.3546875, 0.16666666666666666], [0.0, 0.0], [0.0, 0.0], [0.0, 0.0]], "R-Elb": [[-0.0328125, 0.008333333333333333], [-0.04375, -0.011111111111111112], [-0.0328125, 0.008333333333333333], [-0.0328125, 0.011111111111111112], [0.071875, 0.002777777777777778], [0.278125, 0.1388888888888889], [0.3546875, 0.22777777777777777], [0.0, 0.0], [0.0, 0.0], [0.0, 0.0]], "R-Wr": [[-0.0421875, 0.05277777777777778], [-0.05625, 0.011111111111111112], [-0.04375, 0.05277777777777778], [-0.0546875, 0.07222222222222222], [0.084375, -0.019444444444444445], [0.30625, 0.14722222222222223], [0.3703125, 0.22777777777777777], [0.0, 0.0], [0.0, 0.0], [0.0, 0.0]], "L-Sho": [[0.0125, -0.05555555555555555], [0.0109375, -0.058333333333333334], [0.009375, -0.05555555555555555], [0.0125, -0.03333333333333333], [0.1234375, 0.04722222222222222], [0.2640625, 0.2], [0.33125, 0.14722222222222223], [0.0, 0.0], [0.0, 0.0], [0.0, 0.0]], "L-Elb": [[0.0171875, -0.008333333333333333], [0.01875, -0.016666666666666666], [0.0171875, 0.005555555555555556], [0.028125, 0.008333333333333333], [0.1453125, 0.06666666666666667], [0.2796875, 0.21944444444444444], [0.328125, 0.18055555555555555], [0.0, 0.0], [0.0, 0.0], [0.0, 0.0]], "L-Wr": [[0.0171875, 0.05], [0.03125, 0.008333333333333333], [0.01875, 0.05], [0.0296875, 0.03333333333333333], [0.140625, 0.08888888888888889], [0.303125, 0.21944444444444444], [0.328125, 0.20277777777777778], [0.0, 0.0], [0.0, 0.0], [0.0, 0.0]], "R-Hip": [[-0.021875, 0.05277777777777778], [-0.0203125, 0.05277777777777778], [-0.0203125, 0.05277777777777778], [-0.01875, 0.05555555555555555], [0.0546875, 0.08333333333333333], [0.221875, 0.15833333333333333], [0.3171875, 0.17222222222222222], [0.0, 0.0], [0.0, 0.0], [0.0, 0.0]], "R-Knee": [[-0.03125, 0.1361111111111111], [-0.03125, 0.11944444444444445], [-0.03125, 0.1361111111111111], [-0.03125, 0.11944444444444445], [0.0109375, 0.12777777777777777], [0.18125, 0.15], [0.3265625, 0.2111111111111111], [0.0, 0.0], [0.0, 0.0], [0.0, 0.0]], "R-Ank": [[-0.0328125, 0.20555555555555555], [-0.0328125, 0.20555555555555555], [-0.0421875, 0.20555555555555555], [-0.0328125, 0.20277777777777778], [-0.0171875, 0.15555555555555556], [0.140625, 0.1361111111111111], [0.3140625, 0.24444444444444444], [0.0, 0.0], [0.0, 0.0], [0.0, 0.0]], "L-Hip": [[0.0015625, 0.05555555555555555], [0.00625, 0.058333333333333334], [0.003125, 0.05555555555555555], [0.00625, 0.05277777777777778], [0.0765625, 0.11388888888888889], [0.225, 0.19444444444444445], [0.30625, 0.18611111111111112], [0.0, 0.0], [0.0, 0.0], [0.0, 0.0]], "L-Knee": [[0.0046875, 0.1361111111111111], [0.0046875, 0.12222222222222222], [0.0046875, 0.1361111111111111], [0.0078125, 0.11666666666666667], [0.04375, 0.15833333333333333], [0.190625, 0.19722222222222222], [0.3078125, 0.2222222222222222], [0.0, 0.0], [0.0, 0.0], [0.0, 0.0]], "L-Ank": [[0.00625, 0.20555555555555555], [0.0078125, 0.20555555555555555], [0.00625, 0.20555555555555555], [0.00625, 0.18611111111111112], [0.01875, 0.19166666666666668], [0.146875, 0.18333333333333332], [0.29375, 0.24722222222222223], [0.0, 0.0], [0.0, 0.0], [0.0, 0.0]]}