{"Head": [[0.009375, -0.18055555555555555], [0.0046875, -0.18333333333333332], [0.0046875, -0.18611111111111112], [0.00625, -0.1388888888888889], [0.00625, -0.12222222222222222], [0.00625, -0.1], [0.0046875, -0.09722222222222222], [-0.0828125, -0.041666666666666664], [-0.2828125, 0.10277777777777777], [0.0, 0.0]], "R-Sho": [[-0.00625, -0.1638888888888889], [-0.00625, -0.14444444444444443], [-0.00625, -0.14444444444444443], [-0.0046875, -0.1], [-0.00625, -0.1], [-0.00625, -0.07777777777777778], [-0.00625, -0.075], [-0.0828125, -0.016666666666666666], [-0.2625, 0.125], [0.0, 0.0]], "R-Elb": [[-0.021875, -0.16666666666666666], [-0.0296875, -0.18333333333333332], [-0.0203125, -0.11944444444444445], [-0.0078125, -0.058333333333333334], [-0.0203125, -0.1], [-0.0171875, -0.05277777777777778], [-0.01875, -0.03611111111111111], [-0.0984375, 0.013888888888888888], [-0.2453125, 0.14444444444444443], [0.0, 0.0]], "R-Wr": [[-0.0578125, -0.20555555555555555], [-0.0421875, -0.2111111111111111], [-0.0421875, -0.08055555555555556], [-0.0203125, -0.03611111111111111], [-0.04375, -0.1], [-0.0296875, -0.013888888888888888], [-0.0296875, -0.013888888888888888], [-0.11875, 0.03611111111111111], [-0.2265625, 0.14444444444444443], [0.0, 0.0]], "L-Sho": [[0.028125, -0.1638888888888889], [0.01875, -0.14444444444444443], [0.028125, -0.14444444444444443], [0.0296875, -0.1], [0.0296875, -0.1], [0.0296875, -0.07777777777777778], [0.028125, -0.075], [-0.071875, -0.04722222222222222], [-0.2625, 0.07777777777777778], [0.0, 0.0]], "L-Elb": [[0.0546875, -0.18611111111111112], [0.0421875, -0.18611111111111112], [0.0421875, -0.11944444444444445], [0.040625, -0.058333333333333334], [0.053125, -0.1], [0.040625, -0.03611111111111111], [0.040625, -0.03333333333333333], [-0.0484375, -0.04722222222222222], [-0.246875, 0.07777777777777778], [0.0, 0.0]], "L-Wr": [[0.078125, -0.20833333333333334], [0.05625, -0.2111111111111111], [0.0546875, -0.07777777777777778], [0.040625, -0.03333333333333333], [0.0671875, -0.09722222222222222], [0.0421875, -0.013888888888888888], [0.0421875, -0.011111111111111112], [-0.0296875, -0.04722222222222222], [-0.234375, 0.10555555555555556], [0.0, 0.0]], "R-Hip": [[0.0, -0.05555555555555555], [-0.0015625, -0.05277777777777778], [-0.0046875, -0.058333333333333334], [0.0046875, -0.030555555555555555], [0.0046875, -0.030555555555555555], [0.0046875, -0.011111111111111112], [0.0046875, -0.008333333333333333], [-0.065625, 0.025], [-0.225, 0.13333333333333333], [0.0, 0.0]], "R-Knee": [[-0.00625, 0.008333333333333333], [-0.00625, 0.008333333333333333], [-0.0078125, 0.008333333333333333], [-0.0078125, 0.030555555555555555], [-0.0078125, 0.030555555555555555], [-0.00625, 0.030555555555555555], [-0.0078125, 0.03333333333333333], [-0.028125, 0.08333333333333333], [-0.2046875, 0.13055555555555556], [0.0, 0.0]], "R-Ank": [[-0.00625, 0.075], [-0.0046875, 0.075], [-0.0078125, 0.075], [-0.009375, 0.075], [-0.01875, 0.09444444444444444], [-0.01875, 0.09444444444444444], [-0.01875, 0.09722222222222222], [0.003125, 0.1111111111111111], [-0.153125, 0.1388888888888889], [0.0, 0.0]], "L-Hip": [[0.01875, -0.058333333333333334], [0.0171875, -0.05555555555555555], [0.0171875, -0.058333333333333334], [0.01875, -0.030555555555555555], [0.028125, -0.030555555555555555], [0.0203125, -0.013888888888888888], [0.028125, -0.011111111111111112], [-0.040625, 0.005555555555555556], [-0.228125, 0.10555555555555556], [0.0, 0.0]], "L-Knee": [[0.0296875, 0.008333333333333333], [0.0296875, 0.008333333333333333], [0.0296875, -0.008333333333333333], [0.040625, 0.027777777777777776], [0.040625, 0.030555555555555555], [0.040625, 0.027777777777777776], [0.0421875, 0.030555555555555555], [-0.0078125, 0.03888888888888889], [-0.1890625, 0.07777777777777778], [0.0, 0.0]], "L-Ank": [[0.0421875, 0.075], [0.040625, 0.075], [0.040625, 0.07222222222222222], [0.0421875, 0.07777777777777778], [0.0421875, 0.09444444444444444], [0.0421875, 0.09444444444444444], [0.0515625, 0.09444444444444444], [0.03125, 0.07222222222222222], [-0.1515625, 0.10555555555555556], [0.0, 0.0]]}