{"Head": [[0.0046875, -0.05555555555555555], [0.0046875, -0.03611111111111111], [0.0046875, -0.05277777777777778], [0.015625, -0.05555555555555555], [0.125, -0.027777777777777776], [0.240625, 0.09166666666666666], [0.26875, 0.05277777777777778], [0.3109375, -0.03333333333333333], [0.3484375, -0.10555555555555556], [0.3875, -0.11944444444444445]], "R-Sho": [[-0.0171875, -0.03333333333333333], [-0.01875, -0.013888888888888888], [-0.01875, -0.013888888888888888], [-0.00625, -0.03611111111111111], [0.109375, -0.016666666666666666], [0.2171875, 0.08611111111111111], [0.253125, 0.06388888888888888], [0.2984375, -0.013888888888888888], [0.3375, -0.08333333333333333], [0.3609375, -0.09722222222222222]], "R-Elb": [[-0.0203125, 0.008333333333333333], [-0.0296875, 0.008333333333333333], [-0.0296875, 0.011111111111111112], [-0.01875, -0.011111111111111112], [0.09375, -0.016666666666666666], [0.221875, 0.13055555555555556], [0.2546875, 0.08611111111111111], [0.296875, 0.030555555555555555], [0.33125, -0.03333333333333333], [0.359375, -0.05555555555555555]], "R-Wr": [[-0.03125, 0.030555555555555555], [-0.03125, 0.030555555555555555], [-0.0421875, 0.030555555555555555], [-0.03125, 0.011111111111111112], [0.0765625, -0.013888888888888888], [0.2484375, 0.15], [0.25625, 0.13333333333333333], [0.2984375, 0.07222222222222222], [0.3421875, 0.0], [0.371875, -0.058333333333333334]], "L-Sho": [[0.0171875, -0.03333333333333333], [0.0171875, -0.013888888888888888], [0.0171875, -0.016666666666666666], [0.0296875, -0.03611111111111111], [0.125, 0.013888888888888888], [0.2203125, 0.08611111111111111], [0.2421875, 0.04722222222222222], [0.290625, -0.013888888888888888], [0.33125, -0.08611111111111111], [0.39375, -0.08055555555555556]], "L-Elb": [[0.028125, 0.008333333333333333], [0.028125, 0.011111111111111112], [0.0296875, 0.011111111111111112], [0.0421875, -0.03333333333333333], [0.128125, 0.03888888888888889], [0.2125, 0.125], [0.2328125, 0.08055555555555556], [0.2859375, 0.03333333333333333], [0.328125, -0.030555555555555555], [0.4078125, -0.05555555555555555]], "L-Wr": [[0.0296875, 0.05], [0.0296875, 0.05555555555555555], [0.040625, 0.05277777777777778], [0.0546875, -0.008333333333333333], [0.1171875, 0.05555555555555555], [0.2375, 0.14166666666666666], [0.2390625, 0.1111111111111111], [0.2921875, 0.06388888888888888], [0.3390625, 0.0], [0.4203125, -0.013888888888888888]], "R-Hip": [[-0.0078125, 0.030555555555555555], [-0.0078125, 0.030555555555555555], [-0.009375, 0.03333333333333333], [0.0015625, 0.025], [0.0765625, 0.030555555555555555], [0.1828125, 0.10277777777777777], [0.228125, 0.06944444444444445], [0.2609375, 0.03333333333333333], [0.3203125, 0.005555555555555556], [0.3703125, -0.002777777777777778]], "R-Knee": [[-0.0203125, 0.05277777777777778], [-0.03125, 0.05555555555555555], [-0.03125, 0.05555555555555555], [-0.015625, 0.05555555555555555], [0.0484375, 0.05555555555555555], [0.1578125, 0.09722222222222222], [0.2328125, 0.125], [0.2859375, 0.09444444444444444], [0.3171875, 0.08888888888888889], [0.384375, 0.075]], "R-Ank": [[-0.04375, 0.11388888888888889], [-0.04375, 0.11388888888888889], [-0.0421875, 0.1], [-0.0234375, 0.11388888888888889], [0.015625, 0.08888888888888889], [0.10625, 0.1111111111111111], [0.21875, 0.14722222222222223], [0.2609375, 0.1527777777777778], [0.2796875, 0.1388888888888889], [0.3953125, 0.14166666666666666]], "L-Hip": [[0.00625, 0.030555555555555555], [0.00625, 0.030555555555555555], [0.00625, 0.03333333333333333], [0.0296875, 0.027777777777777776], [0.096875, 0.058333333333333334], [0.1875, 0.13333333333333333], [0.2171875, 0.06944444444444445], [0.2515625, 0.04722222222222222], [0.3328125, 0.008333333333333333], [0.384375, 0.005555555555555556]], "L-Knee": [[0.0296875, 0.05277777777777778], [0.028125, 0.05277777777777778], [0.028125, 0.05555555555555555], [0.028125, 0.05277777777777778], [0.0671875, 0.10555555555555556], [0.1546875, 0.14722222222222223], [0.2140625, 0.14166666666666666], [0.2515625, 0.1111111111111111], [0.35, 0.05], [0.38125, 0.075]], "L-Ank": [[0.040625, 0.09722222222222222], [0.040625, 0.09722222222222222], [0.040625, 0.1], [0.0171875, 0.09722222222222222], [0.021875, 0.13333333333333333], [0.1125, 0.1361111111111111], [0.184375, 0.14444444444444443], [0.2203125, 0.12777777777777777], [0.359375, 0.13055555555555556], [0.3703125, 0.14166666666666666]]}