{"Head": [[-0.0171875, -0.15555555555555556], [-0.01875, -0.14444444444444443], [-0.0203125, -0.075], [-0.175, -0.008333333333333333], [-0.3234375, 0.12777777777777777], [-0.3671875, 0.1388888888888889], [-0.3765625, 0.030555555555555555], [-0.409375, -0.05555555555555555], [0.0, 0.0], [0.0, 0.0]], "R-Sho": [[-0.0421875, -0.11944444444444445], [-0.0421875, -0.11666666666666667], [-0.0421875, -0.05], [-0.175, 0.030555555555555555], [-0.30625, 0.1527777777777778], [-0.35, 0.1527777777777778], [-0.3671875, 0.044444444444444446], [-0.40625, -0.03333333333333333], [0.0, 0.0], [0.0, 0.0]], "R-Elb": [[-0.04375, -0.058333333333333334], [-0.04375, -0.05555555555555555], [-0.05625, -0.022222222222222223], [-0.1921875, 0.025], [-0.3078125, 0.18888888888888888], [-0.3515625, 0.175], [-0.359375, 0.08888888888888889], [-0.40625, 0.016666666666666666], [0.0, 0.0], [0.0, 0.0]], "R-Wr": [[-0.0546875, -0.013888888888888888], [-0.0546875, -0.013888888888888888], [-0.05625, 0.030555555555555555], [-0.1921875, -0.03333333333333333], [-0.3265625, 0.17777777777777778], [-0.3359375, 0.175], [-0.35625, 0.15], [-0.409375, 0.05555555555555555], [0.0, 0.0], [0.0, 0.0]], "L-Sho": [[0.00625, -0.10833333333333334], [0.00625, -0.10277777777777777], [-0.0078125, -0.03611111111111111], [-0.1515625, -0.002777777777777778], [-0.3015625, 0.10277777777777777], [-0.3609375, 0.11666666666666667], [-0.378125, 0.05555555555555555], [-0.384375, -0.03333333333333333], [0.0, 0.0], [0.0, 0.0]], "L-Elb": [[0.0046875, -0.05555555555555555], [0.0046875, -0.05555555555555555], [0.0140625, 0.019444444444444445], [-0.1453125, -0.03333333333333333], [-0.2953125, 0.13055555555555556], [-0.3421875, 0.11944444444444445], [-0.3859375, 0.10555555555555556], [-0.36875, 0.013888888888888888], [0.0, 0.0], [0.0, 0.0]], "L-Wr": [[0.0046875, -0.011111111111111112], [0.00625, -0.011111111111111112], [0.0234375, 0.058333333333333334], [-0.1671875, -0.05277777777777778], [-0.3109375, 0.15555555555555556], [-0.3453125, 0.14722222222222223], [-0.384375, 0.14722222222222223], [-0.3640625, 0.03888888888888889], [0.0, 0.0], [0.0, 0.0]], "R-Hip": [[-0.03125, -0.013888888888888888], [-0.03125, -0.013888888888888888], [-0.04375, 0.03333333333333333], [-0.1234375, 0.09166666666666666], [-0.2546875, 0.1638888888888889], [-0.3203125, 0.15555555555555556], [-0.3515625, 0.075], [-0.39375, 0.06388888888888888], [0.0, 0.0], [0.0, 0.0]], "R-Knee": [[-0.0421875, 0.05555555555555555], [-0.0421875, 0.05277777777777778], [-0.053125, 0.075], [-0.065625, 0.15555555555555556], [-0.2234375, 0.1388888888888889], [-0.33125, 0.175], [-0.3796875, 0.11666666666666667], [-0.4171875, 0.10277777777777777], [0.0, 0.0], [0.0, 0.0]], "R-Ank": [[-0.04375, 0.14166666666666666], [-0.04375, 0.1388888888888889], [-0.04375, 0.14166666666666666], [-0.01875, 0.175], [-0.1921875, 0.16944444444444445], [-0.29375, 0.17777777777777778], [-0.3765625, 0.16666666666666666], [-0.4015625, 0.1638888888888889], [0.0, 0.0], [0.0, 0.0]], "L-Hip": [[-0.00625, -0.013888888888888888], [-0.0078125, -0.013888888888888888], [-0.0203125, 0.030555555555555555], [-0.1078125, 0.027777777777777776], [-0.25625, 0.12222222222222222], [-0.3265625, 0.12222222222222222], [-0.328125, 0.1], [-0.36875, 0.075], [0.0, 0.0], [0.0, 0.0]], "L-Knee": [[-0.00625, 0.07222222222222222], [-0.00625, 0.05555555555555555], [-0.00625, 0.05277777777777778], [-0.059375, 0.05], [-0.215625, 0.09722222222222222], [-0.3375, 0.1527777777777778], [-0.3546875, 0.17222222222222222], [-0.3703125, 0.14166666666666666], [0.0, 0.0], [0.0, 0.0]], "L-Ank": [[0.0046875, 0.14166666666666666], [0.0046875, 0.14166666666666666], [0.00625, 0.11666666666666667], [-0.0015625, 0.07222222222222222], [-0.1921875, 0.14166666666666666], [-0.2984375, 0.1388888888888889], [-0.3171875, 0.175], [-0.3328125, 0.17777777777777778], [0.0, 0.0], [0.0, 0.0]]}