{"Head": [[-0.0171875, -0.18611111111111112], [-0.0203125, -0.18611111111111112], [-0.0203125, -0.18611111111111112], [-0.00625, -0.1], [0.1765625, 0.019444444444444445], [0.2421875, 0.05277777777777778], [0.0, 0.0], [0.0, 0.0], [0.0, 0.0], [0.0, 0.0]], "R-Sho": [[-0.0421875, -0.1638888888888889], [-0.0359375, -0.15], [-0.0421875, -0.14444444444444443], [-0.01875, -0.07222222222222222], [0.1578125, -0.025], [0.2296875, 0.044444444444444446], [0.0, 0.0], [0.0, 0.0], [0.0, 0.0], [0.0, 0.0]], "R-Elb": [[-0.0453125, -0.11944444444444445], [-0.04375, -0.11666666666666667], [-0.0453125, -0.10277777777777777], [-0.03125, -0.013888888888888888], [0.1484375, 0.002777777777777778], [0.215625, 0.05], [0.0, 0.0], [0.0, 0.0], [0.0, 0.0], [0.0, 0.0]], "R-Wr": [[-0.0453125, -0.075], [-0.053125, -0.075], [-0.0546875, -0.075], [-0.04375, 0.03333333333333333], [0.16875, 0.030555555555555555], [0.23125, 0.06111111111111111], [0.0, 0.0], [0.0, 0.0], [0.0, 0.0], [0.0, 0.0]], "L-Sho": [[-0.00625, -0.1638888888888889], [0.003125, -0.14722222222222223], [0.003125, -0.14722222222222223], [0.00625, -0.07777777777777778], [0.1625, 0.05555555555555555], [0.2421875, 0.08333333333333333], [0.0, 0.0], [0.0, 0.0], [0.0, 0.0], [0.0, 0.0]], "L-Elb": [[0.0046875, -0.11666666666666667], [0.00625, -0.1], [0.00625, -0.1], [0.0171875, -0.03333333333333333], [0.146875, 0.075], [0.2328125, 0.09166666666666666], [0.0, 0.0], [0.0, 0.0], [0.0, 0.0], [0.0, 0.0]], "L-Wr": [[0.0046875, -0.075], [0.00625, -0.075], [0.00625, -0.075], [0.00625, 0.011111111111111112], [0.175, 0.09444444444444444], [0.25625, 0.09444444444444444], [0.0, 0.0], [0.0, 0.0], [0.0, 0.0], [0.0, 0.0]], "R-Hip": [[-0.0328125, -0.075], [-0.03125, -0.07777777777777778], [-0.03125, -0.075], [-0.0171875, -0.008333333333333333], [0.109375, -0.027777777777777776], [0.2109375, 0.06388888888888888], [0.0, 0.0], [0.0, 0.0], [0.0, 0.0], [0.0, 0.0]], "R-Knee": [[-0.04375, 0.008333333333333333], [-0.04375, -0.008333333333333333], [-0.04375, 0.008333333333333333], [-0.04375, 0.05277777777777778], [0.0796875, -0.03611111111111111], [0.225, 0.07222222222222222], [0.0, 0.0], [0.0, 0.0], [0.0, 0.0], [0.0, 0.0]], "R-Ank": [[-0.04375, 0.075], [-0.04375, 0.075], [-0.04375, 0.075], [-0.059375, 0.09444444444444444], [0.0390625, -0.05555555555555555], [0.2, 0.08611111111111111], [0.0, 0.0], [0.0, 0.0], [0.0, 0.0], [0.0, 0.0]], "L-Hip": [[-0.0078125, -0.07777777777777778], [-0.0078125, -0.07777777777777778], [-0.0078125, -0.075], [-0.0046875, -0.008333333333333333], [0.1125, 0.041666666666666664], [0.2328125, 0.08888888888888889], [0.0, 0.0], [0.0, 0.0], [0.0, 0.0], [0.0, 0.0]], "L-Knee": [[0.003125, -0.011111111111111112], [0.003125, -0.011111111111111112], [-0.0046875, 0.005555555555555556], [0.0046875, 0.030555555555555555], [0.08125, 0.03333333333333333], [0.21875, 0.10833333333333334], [0.0, 0.0], [0.0, 0.0], [0.0, 0.0], [0.0, 0.0]], "L-Ank": [[0.0046875, 0.07222222222222222], [0.0046875, 0.07222222222222222], [0.0046875, 0.075], [-0.00625, 0.075], [0.040625, 0.022222222222222223], [0.2375, 0.1111111111111111], [0.0, 0.0], [0.0, 0.0], [0.0, 0.0], [0.0, 0.0]]}