{"Head": [[-0.01875, -0.12083333333333333], [-0.01796875, -0.06666666666666667], [-0.128125, -0.0125], [-0.16484375, -0.03333333333333333], [-0.1703125, -0.05694444444444444], [-0.1796875, -0.07777777777777778], [0.0, 0.0], [0.0, 0.0], [0.0, 0.0], [0.0, 0.0]], "R-Sho": [[-0.03125, -0.09861111111111111], [-0.0359375, -0.034722222222222224], [-0.128125, 0.0125], [-0.16484375, -0.009722222222222222], [-0.17734375, -0.0125], [-0.1859375, -0.03888888888888889], [0.0, 0.0], [0.0, 0.0], [0.0, 0.0], [0.0, 0.0]], "R-Elb": [[-0.05546875, -0.05555555555555555], [-0.0578125, -0.002777777777777778], [-0.12890625, 0.05138888888888889], [-0.16484375, 0.03333333333333333], [-0.17734375, 0.030555555555555555], [-0.18984375, -0.002777777777777778], [0.0, 0.0], [0.0, 0.0], [0.0, 0.0], [0.0, 0.0]], "R-Wr": [[-0.0671875, -0.03333333333333333], [-0.06484375, 0.025], [-0.1359375, 0.08888888888888889], [-0.16484375, 0.075], [-0.1890625, 0.03194444444444444], [-0.19375, 0.03194444444444444], [0.0, 0.0], [0.0, 0.0], [0.0, 0.0], [0.0, 0.0]], "L-Sho": [[0.0015625, -0.10694444444444444], [0.0, -0.04861111111111111], [-0.1046875, -0.008333333333333333], [-0.140625, -0.03194444444444444], [-0.15234375, -0.03333333333333333], [-0.165625, -0.0625], [0.0, 0.0], [0.0, 0.0], [0.0, 0.0], [0.0, 0.0]], "L-Elb": [[0.01796875, -0.075], [0.01796875, -0.018055555555555554], [-0.07109375, -0.019444444444444445], [-0.115625, -0.011111111111111112], [-0.12890625, -0.011111111111111112], [-0.14296875, -0.043055555555555555], [0.0, 0.0], [0.0, 0.0], [0.0, 0.0], [0.0, 0.0]], "L-Wr": [[0.0296875, -0.034722222222222224], [0.028125, 0.013888888888888888], [-0.0390625, -0.020833333333333332], [-0.0921875, 0.030555555555555555], [-0.12890625, 0.011111111111111112], [-0.15078125, -0.002777777777777778], [0.0, 0.0], [0.0, 0.0], [0.0, 0.0], [0.0, 0.0]], "R-Hip": [[-0.0296875, 0.001388888888888889], [-0.02578125, 0.018055555555555554], [-0.0828125, 0.05138888888888889], [-0.12890625, 0.05277777777777778], [-0.1640625, 0.03333333333333333], [-0.1703125, 0.009722222222222222], [0.0, 0.0], [0.0, 0.0], [0.0, 0.0], [0.0, 0.0]], "R-Knee": [[-0.03125, 0.05694444444444444], [-0.04140625, 0.03611111111111111], [-0.1125, 0.07361111111111111], [-0.14140625, 0.09583333333333334], [-0.178125, 0.03194444444444444], [-0.18671875, 0.04583333333333333], [0.0, 0.0], [0.0, 0.0], [0.0, 0.0], [0.0, 0.0]], "R-Ank": [[-0.03515625, 0.10833333333333334], [-0.05546875, 0.0763888888888889], [-0.08515625, 0.1], [-0.1046875, 0.09722222222222222], [-0.1765625, 0.09722222222222222], [-0.171875, 0.09583333333333334], [0.0, 0.0], [0.0, 0.0], [0.0, 0.0], [0.0, 0.0]], "L-Hip": [[0.0015625, 0.006944444444444444], [-0.00546875, 0.016666666666666666], [-0.065625, 0.03194444444444444], [-0.11640625, 0.03194444444444444], [-0.140625, 0.03194444444444444], [-0.159375, 0.008333333333333333], [0.0, 0.0], [0.0, 0.0], [0.0, 0.0], [0.0, 0.0]], "L-Knee": [[0.01328125, 0.04027777777777778], [0.01640625, 0.04861111111111111], [-0.04296875, 0.05416666666666667], [-0.128125, 0.05555555555555555], [-0.1453125, 0.0875], [-0.1328125, 0.075], [0.0, 0.0], [0.0, 0.0], [0.0, 0.0], [0.0, 0.0]], "L-Ank": [[0.01953125, 0.09861111111111111], [0.0421875, 0.08333333333333333], [-0.00078125, 0.07777777777777778], [-0.1078125, 0.08611111111111111], [-0.103125, 0.09861111111111111], [-0.08984375, 0.08055555555555556], [0.0, 0.0], [0.0, 0.0], [0.0, 0.0], [0.0, 0.0]]}