{"Head": [[0.00625, -0.11805555555555555], [0.00625, -0.09861111111111111], [0.01484375, -0.09027777777777778], [-0.00234375, -0.009722222222222222], [-0.1796875, 0.09722222222222222], [0.0, 0.0], [0.0, 0.0], [0.0, 0.0], [0.0, 0.0], [0.0, 0.0]], "R-Sho": [[-0.00703125, -0.0763888888888889], [-0.00703125, -0.05694444444444444], [-0.00625, -0.05416666666666667], [-0.025, 0.004166666666666667], [-0.1796875, 0.1375], [0.0, 0.0], [0.0, 0.0], [0.0, 0.0], [0.0, 0.0], [0.0, 0.0]], "R-Elb": [[-0.01875, -0.0125], [-0.01875, -0.011111111111111112], [-0.01875, 0.008333333333333333], [-0.03359375, 0.030555555555555555], [-0.2015625, 0.18194444444444444], [0.0, 0.0], [0.0, 0.0], [0.0, 0.0], [0.0, 0.0], [0.0, 0.0]], "R-Wr": [[-0.03046875, 0.03194444444444444], [-0.03046875, 0.05277777777777778], [-0.0296875, 0.05277777777777778], [-0.03359375, 0.0763888888888889], [-0.21640625, 0.20833333333333334], [0.0, 0.0], [0.0, 0.0], [0.0, 0.0], [0.0, 0.0], [0.0, 0.0]], "L-Sho": [[0.0296875, -0.0763888888888889], [0.03046875, -0.05555555555555555], [0.03046875, -0.05416666666666667], [0.0265625, 0.013888888888888888], [-0.16953125, 0.1375], [0.0, 0.0], [0.0, 0.0], [0.0, 0.0], [0.0, 0.0], [0.0, 0.0]], "L-Elb": [[0.0421875, -0.0125], [0.0421875, -0.011111111111111112], [0.0421875, 0.008333333333333333], [0.04140625, 0.07083333333333333], [-0.15234375, 0.13333333333333333], [0.0, 0.0], [0.0, 0.0], [0.0, 0.0], [0.0, 0.0], [0.0, 0.0]], "L-Wr": [[0.05390625, 0.03194444444444444], [0.053125, 0.03333333333333333], [0.05390625, 0.05416666666666667], [0.0578125, 0.12361111111111112], [-0.159375, 0.10833333333333334], [0.0, 0.0], [0.0, 0.0], [0.0, 0.0], [0.0, 0.0], [0.0, 0.0]], "R-Hip": [[-0.00625, 0.03194444444444444], [-0.00546875, 0.03194444444444444], [-0.00546875, 0.03333333333333333], [-0.01953125, 0.09861111111111111], [-0.13515625, 0.20416666666666666], [0.0, 0.0], [0.0, 0.0], [0.0, 0.0], [0.0, 0.0], [0.0, 0.0]], "R-Knee": [[-0.01796875, 0.09861111111111111], [-0.01796875, 0.09861111111111111], [-0.01796875, 0.11805555555555555], [-0.03515625, 0.1], [-0.08359375, 0.2], [0.0, 0.0], [0.0, 0.0], [0.0, 0.0], [0.0, 0.0], [0.0, 0.0]], "R-Ank": [[-0.01875, 0.18472222222222223], [-0.01875, 0.18333333333333332], [-0.01875, 0.18472222222222223], [-0.015625, 0.18194444444444444], [-0.05390625, 0.2], [0.0, 0.0], [0.0, 0.0], [0.0, 0.0], [0.0, 0.0], [0.0, 0.0]], "L-Hip": [[0.01875, 0.03194444444444444], [0.02890625, 0.03194444444444444], [0.02890625, 0.03333333333333333], [0.0078125, 0.10138888888888889], [-0.11796875, 0.15694444444444444], [0.0, 0.0], [0.0, 0.0], [0.0, 0.0], [0.0, 0.0], [0.0, 0.0]], "L-Knee": [[0.04140625, 0.09861111111111111], [0.04140625, 0.11805555555555555], [0.03046875, 0.11805555555555555], [0.03359375, 0.13333333333333333], [-0.07421875, 0.14722222222222223], [0.0, 0.0], [0.0, 0.0], [0.0, 0.0], [0.0, 0.0], [0.0, 0.0]], "L-Ank": [[0.0421875, 0.18333333333333332], [0.0421875, 0.18333333333333332], [0.0421875, 0.18472222222222223], [0.06015625, 0.18194444444444444], [-0.0359375, 0.14444444444444443], [0.0, 0.0], [0.0, 0.0], [0.0, 0.0], [0.0, 0.0], [0.0, 0.0]]}