{"Head": [[0.01796875, -0.14166666666666666], [0.01953125, -0.14027777777777778], [0.021875, -0.14305555555555555], [0.01796875, -0.12222222222222222], [0.0078125, -0.13194444444444445], [0.0125, -0.0875], [0.103125, -0.043055555555555555], [0.18046875, 0.043055555555555555], [0.215625, 0.06111111111111111], [0.21484375, 0.0125]], "R-Sho": [[0.00546875, -0.11944444444444445], [0.00546875, -0.11944444444444445], [0.00546875, -0.11944444444444445], [0.00625, -0.11944444444444445], [-0.0015625, -0.11527777777777778], [0.0015625, -0.058333333333333334], [0.0859375, -0.025], [0.16171875, 0.059722222222222225], [0.19375, 0.058333333333333334], [0.1984375, 0.041666666666666664]], "R-Elb": [[0.0046875, -0.07916666666666666], [-0.00546875, -0.075], [0.00546875, -0.09722222222222222], [0.0046875, -0.09861111111111111], [-0.0171875, -0.10277777777777777], [-0.00390625, -0.03194444444444444], [0.06484375, -0.029166666666666667], [0.14765625, 0.05694444444444444], [0.17421875, 0.0763888888888889], [0.2, 0.08055555555555556]], "R-Wr": [[-0.00625, -0.05555555555555555], [-0.00625, -0.03333333333333333], [0.00625, -0.0763888888888889], [-0.00625, -0.0763888888888889], [-0.025, -0.09722222222222222], [0.00234375, -0.006944444444444444], [0.04453125, -0.02638888888888889], [0.1671875, 0.04027777777777778], [0.19921875, 0.11388888888888889], [0.22109375, 0.09027777777777778]], "L-Sho": [[0.03046875, -0.12083333333333333], [0.03046875, -0.11944444444444445], [0.0296875, -0.11944444444444445], [0.0296875, -0.12083333333333333], [0.0265625, -0.12777777777777777], [0.01953125, -0.058333333333333334], [0.103125, -0.016666666666666666], [0.18125, 0.08194444444444444], [0.196875, 0.06666666666666667], [0.1984375, 0.04027777777777778]], "L-Elb": [[0.04140625, -0.09861111111111111], [0.0421875, -0.0763888888888889], [0.03046875, -0.09861111111111111], [0.03046875, -0.09861111111111111], [0.0421875, -0.11666666666666667], [0.03515625, -0.041666666666666664], [0.11328125, 0.011111111111111112], [0.18125, 0.125], [0.1796875, 0.09305555555555556], [0.1953125, 0.06111111111111111]], "L-Wr": [[0.0421875, -0.05694444444444444], [0.04140625, -0.04722222222222222], [0.03046875, -0.07777777777777778], [0.03046875, -0.0763888888888889], [0.053125, -0.07777777777777778], [0.04375, -0.005555555555555556], [0.12734375, 0.034722222222222224], [0.2015625, 0.1361111111111111], [0.20546875, 0.12222222222222222], [0.215625, 0.08194444444444444]], "R-Hip": [[0.0171875, -0.07777777777777778], [0.01640625, -0.0763888888888889], [0.00625, -0.0763888888888889], [0.00625, -0.07777777777777778], [0.00625, -0.05416666666666667], [0.0078125, -0.006944444444444444], [0.0625, 0.029166666666666667], [0.15390625, 0.09305555555555556], [0.1625, 0.11527777777777778], [0.18671875, 0.14444444444444443]], "R-Knee": [[-0.00625, -0.05416666666666667], [-0.00546875, -0.05416666666666667], [-0.00625, -0.05555555555555555], [-0.00625, -0.05277777777777778], [-0.01328125, -0.016666666666666666], [-0.0171875, 0.020833333333333332], [0.0375, 0.043055555555555555], [0.0953125, 0.08333333333333333], [0.184375, 0.15], [0.2359375, 0.12777777777777777]], "R-Ank": [[-0.00703125, -0.009722222222222222], [-0.00703125, 0.008333333333333333], [-0.00703125, -0.009722222222222222], [-0.0078125, 0.009722222222222222], [-0.02109375, 0.018055555555555554], [-0.0359375, 0.05555555555555555], [-0.00390625, 0.07083333333333333], [0.06953125, 0.09027777777777778], [0.1515625, 0.17222222222222222], [0.23203125, 0.20972222222222223]], "L-Hip": [[0.0296875, -0.07777777777777778], [0.0296875, -0.0763888888888889], [0.0296875, -0.07777777777777778], [0.0296875, -0.07777777777777778], [0.01953125, -0.05416666666666667], [0.02109375, -0.004166666666666667], [0.0703125, 0.03888888888888889], [0.1515625, 0.1111111111111111], [0.159375, 0.12916666666666668], [0.20234375, 0.15]], "L-Knee": [[0.0421875, -0.05555555555555555], [0.0421875, -0.05555555555555555], [0.0421875, -0.05555555555555555], [0.04140625, -0.05555555555555555], [0.0328125, -0.029166666666666667], [0.02890625, 0.027777777777777776], [0.0625, 0.08888888888888889], [0.1125, 0.11527777777777778], [0.18828125, 0.16111111111111112], [0.2109375, 0.19305555555555556]], "L-Ank": [[0.04296875, -0.011111111111111112], [0.04296875, -0.011111111111111112], [0.04296875, -0.011111111111111112], [0.0421875, -0.011111111111111112], [0.04921875, 0.018055555555555554], [0.01875, 0.06666666666666667], [0.02890625, 0.10416666666666667], [0.0875, 0.11527777777777778], [0.1546875, 0.17777777777777778], [0.16875, 0.20694444444444443]]}