{"Head": [[-0.01796875, -0.22916666666666666], [-0.01875, -0.20694444444444443], [-0.01875, -0.18611111111111112], [-0.00703125, -0.18611111111111112], [0.00078125, -0.1486111111111111], [0.03515625, -0.07916666666666666], [0.1203125, -0.0763888888888889], [0.21328125, -0.030555555555555555], [0.2796875, -0.006944444444444444], [0.2890625, 0.0]], "R-Sho": [[-0.03046875, -0.1875], [-0.03046875, -0.16527777777777777], [-0.03125, -0.1638888888888889], [-0.0296875, -0.1638888888888889], [-0.0078125, -0.12083333333333333], [0.01484375, -0.043055555555555555], [0.1046875, -0.05138888888888889], [0.19140625, -0.005555555555555556], [0.2609375, 0.009722222222222222], [0.271875, 0.018055555555555554]], "R-Elb": [[-0.03125, -0.14305555555555555], [-0.0421875, -0.12222222222222222], [-0.0421875, -0.11944444444444445], [-0.03125, -0.11944444444444445], [-0.03046875, -0.0763888888888889], [-0.0046875, -0.03333333333333333], [0.0953125, -0.05555555555555555], [0.16015625, -0.006944444444444444], [0.2421875, 0.016666666666666666], [0.25234375, 0.020833333333333332]], "R-Wr": [[-0.04296875, -0.11944444444444445], [-0.04296875, -0.09861111111111111], [-0.04296875, -0.07777777777777778], [-0.0421875, -0.0763888888888889], [-0.0359375, -0.0375], [-0.028125, -0.011111111111111112], [0.084375, -0.075], [0.1421875, -0.011111111111111112], [0.215625, 0.027777777777777776], [0.234375, 0.015277777777777777]], "L-Sho": [[0.00546875, -0.1875], [0.0046875, -0.16527777777777777], [-0.00546875, -0.1638888888888889], [0.00546875, -0.1638888888888889], [0.01796875, -0.12083333333333333], [0.0421875, -0.03333333333333333], [0.1203125, -0.044444444444444446], [0.20859375, 0.005555555555555556], [0.28203125, 0.034722222222222224], [0.29765625, 0.034722222222222224]], "L-Elb": [[0.00625, -0.14305555555555555], [0.00546875, -0.12083333333333333], [0.00546875, -0.11944444444444445], [0.00625, -0.11944444444444445], [0.0296875, -0.07777777777777778], [0.04296875, -0.011111111111111112], [0.1265625, -0.018055555555555554], [0.2375, 0.06111111111111111], [0.28515625, 0.06805555555555555], [0.3046875, 0.08472222222222223]], "L-Wr": [[0.00625, -0.1], [0.00546875, -0.09722222222222222], [0.00625, -0.07777777777777778], [0.00625, -0.0763888888888889], [0.03046875, -0.05416666666666667], [0.0578125, -0.005555555555555556], [0.11484375, 0.0], [0.265625, 0.10555555555555556], [0.27734375, 0.09166666666666666], [0.278125, 0.09166666666666666]], "R-Hip": [[-0.01953125, -0.1], [-0.03046875, -0.07916666666666666], [-0.01953125, -0.0763888888888889], [-0.0296875, -0.0763888888888889], [-0.00625, -0.05277777777777778], [0.0140625, 0.011111111111111112], [0.0796875, 0.0], [0.1640625, 0.030555555555555555], [0.221875, 0.05], [0.24765625, 0.06111111111111111]], "R-Knee": [[-0.03046875, -0.034722222222222224], [-0.03203125, -0.03333333333333333], [-0.03046875, -0.0125], [-0.03125, -0.013888888888888888], [-0.03046875, -0.005555555555555556], [-0.0125, 0.030555555555555555], [0.0421875, 0.02361111111111111], [0.11875, 0.022222222222222223], [0.18984375, 0.043055555555555555], [0.22265625, 0.05277777777777778]], "R-Ank": [[-0.04296875, 0.030555555555555555], [-0.04296875, 0.03194444444444444], [-0.04296875, 0.03333333333333333], [-0.04296875, 0.03333333333333333], [-0.03125, 0.05277777777777778], [-0.0421875, 0.06527777777777778], [0.00234375, 0.04861111111111111], [0.08671875, 0.030555555555555555], [0.16015625, 0.04027777777777778], [0.1859375, 0.03888888888888889]], "L-Hip": [[-0.00625, -0.1], [-0.00625, -0.07916666666666666], [-0.00625, -0.0763888888888889], [-0.00625, -0.0763888888888889], [0.0140625, -0.05], [0.0390625, 0.018055555555555554], [0.090625, 0.018055555555555554], [0.17109375, 0.059722222222222225], [0.23203125, 0.08055555555555556], [0.2609375, 0.07777777777777778]], "L-Knee": [[0.00546875, -0.05277777777777778], [-0.00546875, -0.03194444444444444], [0.00546875, -0.0125], [0.00546875, -0.0125], [0.0265625, -0.008333333333333333], [0.05390625, 0.02638888888888889], [0.08828125, 0.07083333333333333], [0.13203125, 0.06805555555555555], [0.2140625, 0.09305555555555556], [0.2453125, 0.10277777777777777]], "L-Ank": [[0.0171875, 0.030555555555555555], [0.00546875, 0.03194444444444444], [0.00625, 0.03194444444444444], [0.00625, 0.03333333333333333], [0.02265625, 0.05416666666666667], [0.0421875, 0.07361111111111111], [0.06015625, 0.07083333333333333], [0.1, 0.07361111111111111], [0.19296875, 0.1], [0.26953125, 0.10555555555555556]]}