{"Head": [[0.0, 0.0], [-0.0375, -0.2763888888888889], [-0.02734375, -0.28055555555555556], [-0.0265625, -0.25277777777777777], [-0.02265625, -0.25555555555555554], [-0.0125, -0.25416666666666665], [-0.00390625, -0.26944444444444443], [-0.003125, -0.2263888888888889], [0.05234375, -0.17916666666666667], [0.17265625, -0.09861111111111111]], "R-Sho": [[-0.0609375, -0.24861111111111112], [-0.0515625, -0.23194444444444445], [-0.0421875, -0.24027777777777778], [-0.0390625, -0.2152777777777778], [-0.0375, -0.2152777777777778], [-0.028125, -0.20416666666666666], [-0.02421875, -0.2], [-0.0296875, -0.2013888888888889], [0.0375, -0.15], [0.16171875, -0.06666666666666667]], "R-Elb": [[-0.06640625, -0.22083333333333333], [-0.0625, -0.19583333333333333], [-0.05859375, -0.19027777777777777], [-0.0515625, -0.1736111111111111], [-0.05078125, -0.17222222222222222], [-0.0375, -0.16944444444444445], [-0.03671875, -0.18055555555555555], [-0.0421875, -0.17777777777777778], [0.02421875, -0.125], [0.1515625, -0.05416666666666667]], "R-Wr": [[-0.0734375, -0.17777777777777778], [-0.07109375, -0.15], [-0.065625, -0.1388888888888889], [-0.05859375, -0.12777777777777777], [-0.05703125, -0.13333333333333333], [-0.04453125, -0.13333333333333333], [-0.04609375, -0.14444444444444443], [-0.05546875, -0.14305555555555555], [0.0375, -0.08611111111111111], [0.153125, -0.027777777777777776]], "L-Sho": [[-0.03671875, -0.24722222222222223], [-0.02265625, -0.24166666666666667], [-0.0125, -0.2388888888888889], [-0.00390625, -0.22083333333333333], [-0.009375, -0.21805555555555556], [-0.0015625, -0.2111111111111111], [0.00390625, -0.19722222222222222], [0.01484375, -0.2013888888888889], [0.05625, -0.14166666666666666], [0.1734375, -0.0625]], "L-Elb": [[-0.02890625, -0.2152777777777778], [-0.015625, -0.20277777777777778], [-0.00546875, -0.175], [0.00234375, -0.14722222222222223], [0.00390625, -0.19027777777777777], [0.01171875, -0.1763888888888889], [0.025, -0.15416666666666667], [0.0234375, -0.18472222222222223], [0.0765625, -0.10416666666666667], [0.17109375, -0.034722222222222224]], "L-Wr": [[-0.025, -0.16527777777777777], [-0.0078125, -0.14166666666666666], [-0.0046875, -0.12083333333333333], [0.0046875, -0.08194444444444444], [0.00546875, -0.1375], [0.015625, -0.1375], [0.0359375, -0.12777777777777777], [0.04140625, -0.1527777777777778], [0.07734375, -0.06527777777777778], [0.1734375, -0.006944444444444444]], "R-Hip": [[-0.05703125, -0.1638888888888889], [-0.05, -0.15555555555555556], [-0.04375, -0.1375], [-0.03828125, -0.10972222222222222], [-0.0359375, -0.1375], [-0.021875, -0.1125], [-0.01875, -0.14583333333333334], [-0.015625, -0.1388888888888889], [0.0109375, -0.09722222222222222], [0.14453125, -0.013888888888888888]], "R-Knee": [[-0.071875, -0.11666666666666667], [-0.0609375, -0.10694444444444444], [-0.06015625, -0.07777777777777778], [-0.053125, -0.06666666666666667], [-0.05, -0.09166666666666666], [-0.040625, -0.08055555555555556], [-0.0359375, -0.10277777777777777], [-0.02578125, -0.09305555555555556], [-0.009375, -0.06666666666666667], [0.11640625, -0.05277777777777778]], "R-Ank": [[-0.07578125, -0.059722222222222225], [-0.065625, -0.044444444444444446], [-0.0625, -0.030555555555555555], [-0.06015625, -0.029166666666666667], [-0.05546875, -0.034722222222222224], [-0.04765625, -0.034722222222222224], [-0.04140625, -0.05], [-0.0453125, -0.03888888888888889], [-0.0515625, -0.03194444444444444], [0.08828125, -0.05138888888888889]], "L-Hip": [[-0.0390625, -0.16527777777777777], [-0.02578125, -0.15555555555555556], [-0.01796875, -0.14305555555555555], [-0.0140625, -0.11527777777777778], [-0.01484375, -0.13472222222222222], [-0.00078125, -0.1125], [0.0046875, -0.1388888888888889], [0.003125, -0.1388888888888889], [0.02890625, -0.08333333333333333], [0.15, 0.011111111111111112]], "L-Knee": [[-0.03046875, -0.12777777777777777], [-0.021875, -0.1111111111111111], [-0.01171875, -0.1], [-0.00546875, -0.07361111111111111], [0.00078125, -0.09722222222222222], [0.01171875, -0.07222222222222222], [0.0171875, -0.09166666666666666], [0.0171875, -0.10555555555555556], [0.03046875, -0.016666666666666666], [0.11640625, -0.034722222222222224]], "L-Ank": [[-0.0203125, -0.05555555555555555], [-0.00390625, -0.029166666666666667], [0.00078125, -0.0375], [0.0046875, -0.030555555555555555], [0.00859375, -0.05555555555555555], [0.0171875, -0.03611111111111111], [0.025, -0.044444444444444446], [0.0203125, -0.043055555555555555], [0.0015625, 0.0125], [0.08203125, -0.034722222222222224]]}