{"Head": [[0.0, 0.0], [0.0, 0.0], [-0.0359375, -0.1597222222222222], [-0.03359375, -0.15], [-0.05625, -0.1388888888888889], [-0.07890625, -0.10555555555555556], [-0.10234375, -0.09166666666666666], [-0.1171875, -0.06666666666666667], [-0.128125, -0.058333333333333334], [-0.1296875, -0.0375]], "R-Sho": [[0.0, 0.0], [-0.03359375, -0.16666666666666666], [-0.03515625, -0.1375], [-0.03984375, -0.13333333333333333], [-0.053125, -0.12083333333333333], [-0.07734375, -0.09583333333333334], [-0.09609375, -0.06805555555555555], [-0.1125, -0.05416666666666667], [-0.12109375, -0.04583333333333333], [-0.1296875, -0.020833333333333332]], "R-Elb": [[0.0, 0.0], [-0.034375, -0.15833333333333333], [-0.03515625, -0.1375], [-0.03984375, -0.13333333333333333], [-0.0625, -0.11944444444444445], [-0.084375, -0.09722222222222222], [-0.09609375, -0.06805555555555555], [-0.1125, -0.05416666666666667], [-0.1296875, -0.03333333333333333], [-0.1296875, -0.020833333333333332]], "R-Wr": [[0.0, 0.0], [-0.0375, -0.15138888888888888], [-0.04609375, -0.12361111111111112], [-0.046875, -0.12222222222222222], [-0.071875, -0.11944444444444445], [-0.08828125, -0.09722222222222222], [-0.10234375, -0.05555555555555555], [-0.121875, -0.034722222222222224], [-0.13671875, -0.016666666666666666], [-0.13515625, -0.022222222222222223]], "L-Sho": [[0.0, 0.0], [-0.02578125, -0.16111111111111112], [-0.0328125, -0.1375], [-0.03515625, -0.1361111111111111], [-0.04921875, -0.12777777777777777], [-0.0734375, -0.10833333333333334], [-0.09609375, -0.08055555555555556], [-0.1078125, -0.06111111111111111], [-0.121875, -0.06111111111111111], [-0.128125, -0.020833333333333332]], "L-Elb": [[0.0, 0.0], [-0.025, -0.15555555555555556], [-0.028125, -0.13194444444444445], [-0.0296875, -0.12916666666666668], [-0.040625, -0.13194444444444445], [-0.07578125, -0.12083333333333333], [-0.0921875, -0.09722222222222222], [-0.10625, -0.06944444444444445], [-0.121875, -0.07222222222222222], [-0.1203125, -0.020833333333333332]], "L-Wr": [[0.0, 0.0], [-0.02421875, -0.15138888888888888], [-0.02265625, -0.12777777777777777], [-0.0234375, -0.125], [-0.03359375, -0.13472222222222222], [-0.07578125, -0.12083333333333333], [-0.09140625, -0.11527777777777778], [-0.103125, -0.08055555555555556], [-0.1234375, -0.07916666666666666], [-0.11328125, -0.020833333333333332]], "R-Hip": [[0.0, 0.0], [-0.03828125, -0.14583333333333334], [-0.03515625, -0.11805555555555555], [-0.03828125, -0.1125], [-0.0515625, -0.10555555555555556], [-0.0671875, -0.08194444444444444], [-0.08984375, -0.06388888888888888], [-0.10625, -0.04722222222222222], [-0.1203125, -0.03333333333333333], [-0.12578125, -0.015277777777777777]], "R-Knee": [[0.0, 0.0], [-0.03828125, -0.14583333333333334], [-0.0390625, -0.10694444444444444], [-0.03828125, -0.10555555555555556], [-0.05, -0.09305555555555556], [-0.06171875, -0.0763888888888889], [-0.07734375, -0.059722222222222225], [-0.1, -0.0375], [-0.11484375, -0.02361111111111111], [-0.12578125, -0.015277777777777777]], "R-Ank": [[0.0, 0.0], [-0.04140625, -0.11666666666666667], [-0.040625, -0.09444444444444444], [-0.03984375, -0.09027777777777778], [-0.04609375, -0.08194444444444444], [-0.05078125, -0.06944444444444445], [-0.0671875, -0.05694444444444444], [-0.09296875, -0.03194444444444444], [-0.11171875, -0.0375], [-0.1296875, 0.0]], "L-Hip": [[0.0, 0.0], [-0.02890625, -0.14305555555555555], [-0.0296875, -0.12083333333333333], [-0.0328125, -0.12361111111111112], [-0.05078125, -0.12361111111111112], [-0.06875, -0.10416666666666667], [-0.084375, -0.08055555555555556], [-0.10234375, -0.05416666666666667], [-0.11640625, -0.04722222222222222], [-0.12578125, -0.019444444444444445]], "L-Knee": [[0.0, 0.0], [-0.02890625, -0.1361111111111111], [-0.02890625, -0.10694444444444444], [-0.03046875, -0.10555555555555556], [-0.0453125, -0.1125], [-0.053125, -0.10416666666666667], [-0.0734375, -0.08611111111111111], [-0.09453125, -0.05555555555555555], [-0.1140625, -0.04861111111111111], [-0.12421875, -0.008333333333333333]], "L-Ank": [[0.0, 0.0], [-0.025, -0.10694444444444444], [-0.0265625, -0.09305555555555556], [-0.02734375, -0.09444444444444444], [-0.0359375, -0.09027777777777778], [-0.034375, -0.10972222222222222], [-0.0609375, -0.08888888888888889], [-0.08125, -0.058333333333333334], [-0.10625, -0.05416666666666667], [-0.12109375, 0.0]]}