{"Head": [[0.0046875, -0.14444444444444443], [0.0046875, -0.14166666666666666], [0.0046875, -0.14166666666666666], [0.00625, -0.12222222222222222], [0.0046875, -0.11666666666666667], [0.1015625, -0.022222222222222223], [0.33125, 0.07222222222222222], [0.434375, 0.15555555555555556], [0.0, 0.0], [0.0, 0.0]], "R-Sho": [[-0.00625, -0.11944444444444445], [-0.00625, -0.11944444444444445], [-0.00625, -0.11944444444444445], [-0.0078125, -0.09722222222222222], [-0.0078125, -0.07777777777777778], [0.0765625, 0.0], [0.303125, 0.09444444444444444], [0.4078125, 0.14166666666666666], [0.0, 0.0], [0.0, 0.0]], "R-Elb": [[-0.01875, -0.07777777777777778], [-0.015625, -0.09166666666666666], [-0.01875, -0.11944444444444445], [-0.01875, -0.05555555555555555], [-0.01875, -0.03333333333333333], [0.084375, 0.016666666666666666], [0.2875, 0.08611111111111111], [0.4171875, 0.13055555555555556], [0.0, 0.0], [0.0, 0.0]], "R-Wr": [[-0.00625, -0.11666666666666667], [-0.0203125, -0.044444444444444446], [-0.0078125, -0.14166666666666666], [-0.01875, -0.013888888888888888], [-0.0203125, 0.008333333333333333], [0.115625, 0.022222222222222223], [0.275, 0.08333333333333333], [0.4234375, 0.11666666666666667], [0.0, 0.0], [0.0, 0.0]], "L-Sho": [[0.01875, -0.11944444444444445], [0.0203125, -0.11666666666666667], [0.01875, -0.10277777777777777], [0.028125, -0.1], [0.028125, -0.07777777777777778], [0.0953125, 0.011111111111111112], [0.3046875, 0.11666666666666667], [0.415625, 0.14166666666666666], [0.0, 0.0], [0.0, 0.0]], "L-Elb": [[0.0296875, -0.07777777777777778], [0.0296875, -0.075], [0.0296875, -0.075], [0.0296875, -0.05555555555555555], [0.03125, -0.03333333333333333], [0.1, 0.027777777777777776], [0.3046875, 0.13055555555555556], [0.4296875, 0.1638888888888889], [0.0, 0.0], [0.0, 0.0]], "L-Wr": [[0.040625, -0.03333333333333333], [0.040625, -0.03333333333333333], [0.040625, -0.03333333333333333], [0.040625, -0.013888888888888888], [0.040625, 0.008333333333333333], [0.1203125, 0.03333333333333333], [0.3046875, 0.15], [0.440625, 0.16944444444444445], [0.0, 0.0], [0.0, 0.0]], "R-Hip": [[-0.0046875, -0.03333333333333333], [-0.0046875, -0.03333333333333333], [-0.0046875, -0.030555555555555555], [-0.00625, -0.011111111111111112], [-0.0046875, 0.008333333333333333], [0.05625, 0.06388888888888888], [0.2609375, 0.12222222222222222], [0.3734375, 0.10833333333333334], [0.0, 0.0], [0.0, 0.0]], "R-Knee": [[-0.0078125, 0.03333333333333333], [-0.0078125, 0.03333333333333333], [-0.0078125, 0.05], [-0.01875, 0.05277777777777778], [-0.0171875, 0.05555555555555555], [0.0171875, 0.09444444444444444], [0.225, 0.10277777777777777], [0.4, 0.10555555555555556], [0.0, 0.0], [0.0, 0.0]], "R-Ank": [[-0.01875, 0.11666666666666667], [-0.01875, 0.11666666666666667], [-0.01875, 0.11666666666666667], [-0.01875, 0.11666666666666667], [-0.0375, 0.1111111111111111], [-0.0078125, 0.13055555555555556], [0.196875, 0.10833333333333334], [0.4140625, 0.03888888888888889], [0.0, 0.0], [0.0, 0.0]], "L-Hip": [[0.0171875, -0.03333333333333333], [0.01875, -0.03333333333333333], [0.0171875, -0.030555555555555555], [0.01875, -0.011111111111111112], [0.015625, 0.016666666666666666], [0.0734375, 0.08888888888888889], [0.265625, 0.1388888888888889], [0.38125, 0.11666666666666667], [0.0, 0.0], [0.0, 0.0]], "L-Knee": [[0.0296875, 0.05], [0.0296875, 0.05], [0.0296875, 0.05], [0.0296875, 0.05277777777777778], [0.040625, 0.05555555555555555], [0.0734375, 0.13055555555555556], [0.25, 0.16111111111111112], [0.4, 0.11666666666666667], [0.0, 0.0], [0.0, 0.0]], "L-Ank": [[0.0421875, 0.11944444444444445], [0.0421875, 0.11944444444444445], [0.0421875, 0.11944444444444445], [0.0421875, 0.11944444444444445], [0.05625, 0.11944444444444445], [0.040625, 0.1527777777777778], [0.225, 0.16111111111111112], [0.4109375, 0.08055555555555556], [0.0, 0.0], [0.0, 0.0]]}