{"Head": [[-0.0203125, -0.14444444444444443], [-0.01875, -0.12222222222222222], [-0.0296875, -0.12222222222222222], [-0.01875, -0.14166666666666666], [-0.0296875, -0.14444444444444443], [-0.0765625, -0.058333333333333334], [-0.2515625, 0.030555555555555555], [-0.3484375, 0.09722222222222222], [-0.3234375, -0.03611111111111111], [0.0, 0.0]], "R-Sho": [[-0.03125, -0.1], [-0.03125, -0.1], [-0.0421875, -0.1], [-0.03125, -0.10277777777777777], [-0.04375, -0.11944444444444445], [-0.0875, -0.030555555555555555], [-0.2359375, 0.06388888888888888], [-0.328125, 0.11388888888888889], [-0.3125, -0.005555555555555556], [0.0, 0.0]], "R-Elb": [[-0.040625, -0.07222222222222222], [-0.0421875, -0.05555555555555555], [-0.04375, -0.05555555555555555], [-0.04375, -0.075], [-0.053125, -0.075], [-0.1, -0.008333333333333333], [-0.25625, 0.10277777777777777], [-0.3234375, 0.1361111111111111], [-0.303125, 0.027777777777777776], [0.0, 0.0]], "R-Wr": [[-0.04375, -0.030555555555555555], [-0.0421875, -0.013888888888888888], [-0.04375, -0.016666666666666666], [-0.04375, -0.03333333333333333], [-0.0546875, -0.03333333333333333], [-0.103125, 0.03333333333333333], [-0.26875, 0.1527777777777778], [-0.3390625, 0.14444444444444443], [-0.3015625, 0.058333333333333334], [0.0, 0.0]], "L-Sho": [[-0.00625, -0.1], [-0.00625, -0.1], [-0.0078125, -0.1], [0.0046875, -0.1], [-0.0078125, -0.11944444444444445], [-0.0578125, -0.03888888888888889], [-0.2203125, 0.03333333333333333], [-0.3265625, 0.09166666666666666], [-0.346875, -0.011111111111111112], [0.0, 0.0]], "L-Elb": [[0.0046875, -0.058333333333333334], [0.0046875, -0.058333333333333334], [0.003125, -0.058333333333333334], [0.00625, -0.058333333333333334], [-0.00625, -0.075], [-0.0421875, -0.022222222222222223], [-0.2, 0.019444444444444445], [-0.33125, 0.06944444444444445], [-0.3578125, 0.027777777777777776], [0.0, 0.0]], "L-Wr": [[0.00625, -0.030555555555555555], [0.00625, -0.030555555555555555], [0.0046875, -0.03333333333333333], [0.0046875, -0.030555555555555555], [-0.00625, -0.03333333333333333], [-0.0203125, 0.005555555555555556], [-0.1671875, -0.025], [-0.3390625, 0.05555555555555555], [-0.359375, 0.03333333333333333], [0.0, 0.0]], "R-Hip": [[-0.03125, -0.013888888888888888], [-0.03125, -0.013888888888888888], [-0.03125, -0.013888888888888888], [-0.03125, -0.016666666666666666], [-0.0421875, -0.016666666666666666], [-0.0625, 0.03333333333333333], [-0.18125, 0.09166666666666666], [-0.3, 0.1], [-0.3234375, 0.07222222222222222], [0.0, 0.0]], "R-Knee": [[-0.0328125, 0.03333333333333333], [-0.0421875, 0.03333333333333333], [-0.0421875, 0.03333333333333333], [-0.0421875, 0.030555555555555555], [-0.04375, 0.03333333333333333], [-0.071875, 0.06944444444444445], [-0.159375, 0.10833333333333334], [-0.3046875, 0.13333333333333333], [-0.3140625, 0.1388888888888889], [0.0, 0.0]], "R-Ank": [[-0.0421875, 0.09722222222222222], [-0.0421875, 0.09722222222222222], [-0.04375, 0.09722222222222222], [-0.0453125, 0.09722222222222222], [-0.0546875, 0.09722222222222222], [-0.0484375, 0.1111111111111111], [-0.1125, 0.11944444444444445], [-0.2796875, 0.13333333333333333], [-0.3234375, 0.14166666666666666], [0.0, 0.0]], "L-Hip": [[-0.0078125, -0.013888888888888888], [-0.00625, -0.013888888888888888], [-0.0078125, -0.013888888888888888], [-0.0078125, -0.013888888888888888], [-0.01875, -0.016666666666666666], [-0.04375, 0.016666666666666666], [-0.175, 0.06944444444444445], [-0.29375, 0.06666666666666667], [-0.346875, 0.05277777777777778], [0.0, 0.0]], "L-Knee": [[-0.0046875, 0.03333333333333333], [0.003125, 0.03333333333333333], [0.0046875, 0.030555555555555555], [0.0046875, 0.03333333333333333], [-0.0078125, 0.03333333333333333], [-0.0265625, 0.04722222222222222], [-0.1421875, 0.06111111111111111], [-0.30625, 0.044444444444444446], [-0.371875, 0.058333333333333334], [0.0, 0.0]], "L-Ank": [[0.0046875, 0.09722222222222222], [0.0046875, 0.09722222222222222], [0.0046875, 0.09722222222222222], [0.00625, 0.09722222222222222], [0.003125, 0.09722222222222222], [0.0, 0.10555555555555556], [-0.0984375, 0.05], [-0.2703125, 0.05], [-0.371875, 0.1388888888888889], [0.0, 0.0]]}