{"Head": [[0.003125, -0.18888888888888888], [-0.00625, -0.16666666666666666], [-0.0078125, -0.1638888888888889], [-0.00625, -0.14166666666666666], [-0.00625, -0.1], [-0.0078125, -0.11944444444444445], [-0.11875, -0.07222222222222222], [-0.3359375, 0.05], [-0.421875, 0.027777777777777776], [0.0, 0.0]], "R-Sho": [[-0.0171875, -0.1638888888888889], [-0.0203125, -0.12222222222222222], [-0.0203125, -0.14166666666666666], [-0.01875, -0.1], [-0.0203125, -0.07777777777777778], [-0.0296875, -0.07777777777777778], [-0.1234375, -0.025], [-0.3375, 0.09166666666666666], [-0.3953125, 0.030555555555555555], [0.0, 0.0]], "R-Elb": [[-0.0328125, -0.18888888888888888], [-0.03125, -0.07777777777777778], [-0.04375, -0.18333333333333332], [-0.0296875, -0.05277777777777778], [-0.03125, -0.03333333333333333], [-0.03125, -0.03333333333333333], [-0.1421875, -0.016666666666666666], [-0.346875, 0.1388888888888889], [-0.409375, 0.075], [0.0, 0.0]], "R-Wr": [[-0.04375, -0.23333333333333334], [-0.04375, -0.03333333333333333], [-0.0328125, -0.23055555555555557], [-0.03125, -0.011111111111111112], [-0.04375, 0.008333333333333333], [-0.04375, 0.008333333333333333], [-0.165625, -0.008333333333333333], [-0.3375, 0.14166666666666666], [-0.421875, 0.09444444444444444], [0.0, 0.0]], "L-Sho": [[0.01875, -0.1638888888888889], [0.0078125, -0.12222222222222222], [0.00625, -0.14166666666666666], [0.015625, -0.1], [0.015625, -0.07777777777777778], [0.00625, -0.07777777777777778], [-0.109375, -0.05277777777777778], [-0.3015625, 0.05277777777777778], [-0.396875, 0.03333333333333333], [0.0, 0.0]], "L-Elb": [[0.0421875, -0.18611111111111112], [0.01875, -0.07777777777777778], [0.0296875, -0.18333333333333332], [0.01875, -0.05555555555555555], [0.028125, -0.03333333333333333], [0.01875, -0.03611111111111111], [-0.096875, -0.05], [-0.2765625, 0.05277777777777778], [-0.4078125, 0.09722222222222222], [0.0, 0.0]], "L-Wr": [[0.065625, -0.22777777777777777], [0.0296875, -0.03611111111111111], [0.0296875, -0.22777777777777777], [0.0296875, -0.011111111111111112], [0.0296875, 0.011111111111111112], [0.0296875, 0.008333333333333333], [-0.071875, -0.05], [-0.2859375, 0.05555555555555555], [-0.421875, 0.09722222222222222], [0.0, 0.0]], "R-Hip": [[-0.0078125, -0.05555555555555555], [-0.01875, -0.03333333333333333], [-0.01875, -0.03333333333333333], [-0.009375, -0.011111111111111112], [-0.009375, 0.008333333333333333], [-0.01875, 0.008333333333333333], [-0.09375, 0.016666666666666666], [-0.3234375, 0.16111111111111112], [-0.3734375, 0.11944444444444445], [0.0, 0.0]], "R-Knee": [[-0.0171875, 0.030555555555555555], [-0.0296875, 0.03333333333333333], [-0.03125, 0.03611111111111111], [-0.01875, 0.05277777777777778], [-0.03125, 0.05277777777777778], [-0.03125, 0.05277777777777778], [-0.0796875, 0.06666666666666667], [-0.3015625, 0.14166666666666666], [-0.4328125, 0.11666666666666667], [0.0, 0.0]], "R-Ank": [[-0.01875, 0.1], [-0.0328125, 0.11388888888888889], [-0.0453125, 0.11944444444444445], [-0.00625, 0.11944444444444445], [-0.0515625, 0.1388888888888889], [-0.04375, 0.11944444444444445], [-0.0703125, 0.10833333333333334], [-0.28125, 0.15], [-0.48125, 0.14166666666666666], [0.0, 0.0]], "L-Hip": [[0.0171875, -0.05555555555555555], [0.0046875, -0.03333333333333333], [0.0046875, -0.03333333333333333], [0.00625, -0.013888888888888888], [0.00625, 0.008333333333333333], [0.00625, 0.008333333333333333], [-0.0796875, 0.002777777777777778], [-0.3, 0.09166666666666666], [-0.384375, 0.1361111111111111], [0.0, 0.0]], "L-Knee": [[0.0296875, 0.030555555555555555], [0.0078125, 0.03333333333333333], [0.0171875, 0.03333333333333333], [0.0296875, 0.05277777777777778], [0.0296875, 0.05277777777777778], [0.028125, 0.05277777777777778], [-0.0421875, 0.044444444444444446], [-0.2765625, 0.08333333333333333], [-0.4328125, 0.11944444444444445], [0.0, 0.0]], "L-Ank": [[0.04375, 0.11666666666666667], [0.0171875, 0.11666666666666667], [0.03125, 0.11944444444444445], [0.0421875, 0.11666666666666667], [0.0515625, 0.11666666666666667], [0.053125, 0.11666666666666667], [-0.025, 0.07777777777777778], [-0.23125, 0.08333333333333333], [-0.4828125, 0.14166666666666666], [0.0, 0.0]]}