{"Head": [[-0.00625, -0.12222222222222222], [-0.00625, -0.12222222222222222], [0.0046875, -0.1], [0.0046875, -0.07777777777777778], [-0.1109375, -0.03888888888888889], [-0.2328125, 0.025], [-0.2359375, 0.14722222222222223], [-0.2171875, 0.15555555555555556], [0.0, 0.0], [0.0, 0.0]], "R-Sho": [[-0.01875, -0.09722222222222222], [-0.01875, -0.09722222222222222], [-0.0078125, -0.075], [-0.0171875, -0.03611111111111111], [-0.125, 0.005555555555555556], [-0.2484375, 0.05], [-0.225, 0.18611111111111112], [-0.2109375, 0.13055555555555556], [0.0, 0.0], [0.0, 0.0]], "R-Elb": [[-0.03125, -0.05555555555555555], [-0.0421875, -0.07777777777777778], [-0.01875, -0.03333333333333333], [-0.0203125, 0.005555555555555556], [-0.13125, 0.044444444444444446], [-0.2828125, 0.030555555555555555], [-0.215625, 0.19444444444444445], [-0.2265625, 0.12222222222222222], [0.0, 0.0], [0.0, 0.0]], "R-Wr": [[-0.04375, -0.05277777777777778], [-0.04375, -0.11944444444444445], [-0.0203125, 0.008333333333333333], [-0.03125, 0.05], [-0.1390625, 0.08611111111111111], [-0.296875, -0.011111111111111112], [-0.215625, 0.19444444444444445], [-0.240625, 0.1361111111111111], [0.0, 0.0], [0.0, 0.0]], "L-Sho": [[0.0171875, -0.09722222222222222], [0.0171875, -0.09722222222222222], [0.01875, -0.07777777777777778], [0.0171875, -0.03888888888888889], [-0.0984375, -0.011111111111111112], [-0.215625, -0.022222222222222223], [-0.21875, 0.15555555555555556], [-0.2515625, 0.16666666666666666], [0.0, 0.0], [0.0, 0.0]], "L-Elb": [[0.028125, -0.05555555555555555], [0.0296875, -0.05555555555555555], [0.0296875, -0.03333333333333333], [0.0296875, 0.005555555555555556], [-0.0703125, 0.0], [-0.246875, -0.03333333333333333], [-0.203125, 0.14722222222222223], [-0.1921875, 0.11666666666666667], [0.0, 0.0], [0.0, 0.0]], "L-Wr": [[0.0296875, -0.011111111111111112], [0.0296875, -0.011111111111111112], [0.03125, 0.008333333333333333], [0.040625, 0.05], [-0.0671875, 0.030555555555555555], [-0.271875, -0.04722222222222222], [-0.1953125, 0.12222222222222222], [-0.165625, 0.11944444444444445], [0.0, 0.0], [0.0, 0.0]], "R-Hip": [[-0.009375, -0.011111111111111112], [-0.0078125, -0.011111111111111112], [-0.00625, 0.008333333333333333], [-0.00625, 0.03333333333333333], [-0.090625, 0.06388888888888888], [-0.178125, 0.07777777777777778], [-0.1953125, 0.16944444444444445], [-0.1453125, 0.15], [0.0, 0.0], [0.0, 0.0]], "R-Knee": [[-0.0203125, 0.05555555555555555], [-0.01875, 0.05555555555555555], [-0.0171875, 0.075], [-0.0203125, 0.09722222222222222], [-0.1015625, 0.11944444444444445], [-0.1421875, 0.1111111111111111], [-0.178125, 0.18333333333333332], [-0.1546875, 0.19166666666666668], [0.0, 0.0], [0.0, 0.0]], "R-Ank": [[-0.03125, 0.1388888888888889], [-0.03125, 0.1388888888888889], [-0.0296875, 0.1388888888888889], [-0.03125, 0.14444444444444443], [-0.0828125, 0.175], [-0.0828125, 0.10277777777777777], [-0.1484375, 0.18888888888888888], [-0.175, 0.175], [0.0, 0.0], [0.0, 0.0]], "L-Hip": [[0.00625, -0.011111111111111112], [0.0171875, -0.011111111111111112], [0.0171875, 0.008333333333333333], [0.0171875, 0.03333333333333333], [-0.08125, 0.06388888888888888], [-0.178125, 0.022222222222222223], [-0.184375, 0.14444444444444443], [-0.165625, 0.11944444444444445], [0.0, 0.0], [0.0, 0.0]], "L-Knee": [[0.0171875, 0.05555555555555555], [0.01875, 0.05555555555555555], [0.0296875, 0.075], [0.0296875, 0.09444444444444444], [-0.0578125, 0.08888888888888889], [-0.1234375, 0.044444444444444446], [-0.1625, 0.14444444444444443], [-0.165625, 0.11944444444444445], [0.0, 0.0], [0.0, 0.0]], "L-Ank": [[0.0296875, 0.1388888888888889], [0.0390625, 0.1388888888888889], [0.0421875, 0.1388888888888889], [0.053125, 0.14444444444444443], [-0.0140625, 0.16666666666666666], [-0.078125, 0.058333333333333334], [-0.134375, 0.1527777777777778], [-0.159375, 0.15833333333333333], [0.0, 0.0], [0.0, 0.0]]}