{"Head": [[-0.003125, -0.11944444444444445], [0.0046875, -0.11944444444444445], [0.003125, -0.11944444444444445], [-0.0078125, -0.11944444444444445], [-0.03125, -0.11944444444444445], [0.0625, -0.027777777777777776], [0.178125, -0.011111111111111112], [0.3375, 0.016666666666666666], [0.0, 0.0], [0.0, 0.0]], "R-Sho": [[-0.01875, -0.09722222222222222], [-0.0078125, -0.08055555555555556], [-0.01875, -0.07777777777777778], [-0.03125, -0.07777777777777778], [-0.0546875, -0.07777777777777778], [0.0390625, -0.005555555555555556], [0.1640625, 0.030555555555555555], [0.3140625, 0.030555555555555555], [0.0, 0.0], [0.0, 0.0]], "R-Elb": [[-0.0203125, -0.03611111111111111], [-0.01875, -0.03611111111111111], [-0.0203125, -0.03611111111111111], [-0.0328125, -0.03611111111111111], [-0.0578125, -0.03611111111111111], [0.009375, 0.005555555555555556], [0.15, 0.05555555555555555], [0.315625, 0.09166666666666666], [0.0, 0.0], [0.0, 0.0]], "R-Wr": [[-0.0203125, 0.005555555555555556], [-0.01875, 0.008333333333333333], [-0.0203125, 0.008333333333333333], [-0.03125, 0.008333333333333333], [-0.05625, 0.008333333333333333], [0.0203125, 0.041666666666666664], [0.1859375, 0.09444444444444444], [0.325, 0.10555555555555556], [0.0, 0.0], [0.0, 0.0]], "L-Sho": [[0.01875, -0.09722222222222222], [0.028125, -0.08055555555555556], [0.01875, -0.08055555555555556], [0.00625, -0.08055555555555556], [-0.0171875, -0.08055555555555556], [0.0640625, 0.013888888888888888], [0.2015625, 0.05277777777777778], [0.3046875, 0.044444444444444446], [0.0, 0.0], [0.0, 0.0]], "L-Elb": [[0.0296875, -0.05277777777777778], [0.0390625, -0.03611111111111111], [0.0296875, -0.03611111111111111], [0.01875, -0.05277777777777778], [-0.00625, -0.03888888888888889], [0.065625, 0.05277777777777778], [0.2015625, 0.11666666666666667], [0.3046875, 0.08333333333333333], [0.0, 0.0], [0.0, 0.0]], "L-Wr": [[0.0296875, 0.005555555555555556], [0.040625, 0.008333333333333333], [0.0296875, 0.005555555555555556], [0.028125, 0.008333333333333333], [-0.0046875, 0.005555555555555556], [0.046875, 0.09722222222222222], [0.1875, 0.11944444444444445], [0.3171875, 0.10555555555555556], [0.0, 0.0], [0.0, 0.0]], "R-Hip": [[-0.0078125, 0.008333333333333333], [-0.00625, 0.011111111111111112], [-0.0078125, 0.011111111111111112], [-0.01875, 0.011111111111111112], [-0.04375, 0.011111111111111112], [-0.0171875, 0.041666666666666664], [0.1390625, 0.09722222222222222], [0.259375, 0.11944444444444445], [0.0, 0.0], [0.0, 0.0]], "R-Knee": [[-0.0078125, 0.075], [-0.0078125, 0.075], [-0.01875, 0.075], [-0.0296875, 0.075], [-0.0546875, 0.075], [-0.046875, 0.06388888888888888], [0.1015625, 0.11666666666666667], [0.303125, 0.1361111111111111], [0.0, 0.0], [0.0, 0.0]], "R-Ank": [[-0.009375, 0.15833333333333333], [-0.01875, 0.14166666666666666], [-0.01875, 0.14444444444444443], [-0.03125, 0.14444444444444443], [-0.0671875, 0.1388888888888889], [-0.06875, 0.11388888888888889], [0.065625, 0.14166666666666666], [0.2625, 0.16666666666666666], [0.0, 0.0], [0.0, 0.0]], "L-Hip": [[0.0171875, 0.008333333333333333], [0.0171875, 0.011111111111111112], [0.0171875, 0.011111111111111112], [0.0046875, 0.011111111111111112], [-0.01875, 0.011111111111111112], [0.0078125, 0.058333333333333334], [0.153125, 0.11944444444444445], [0.259375, 0.13055555555555556], [0.0, 0.0], [0.0, 0.0]], "L-Knee": [[0.0296875, 0.075], [0.0296875, 0.075], [0.0296875, 0.075], [0.0171875, 0.075], [-0.0078125, 0.075], [0.0109375, 0.08888888888888889], [0.1640625, 0.14444444444444443], [0.2953125, 0.13333333333333333], [0.0, 0.0], [0.0, 0.0]], "L-Ank": [[0.03125, 0.15833333333333333], [0.03125, 0.15833333333333333], [0.03125, 0.15833333333333333], [0.028125, 0.15833333333333333], [-0.00625, 0.14166666666666666], [-0.0375, 0.12777777777777777], [0.1234375, 0.15833333333333333], [0.259375, 0.16111111111111112], [0.0, 0.0], [0.0, 0.0]]}