{"Head": [[0.0046875, -0.125], [0.00625, -0.12222222222222222], [0.003125, -0.12222222222222222], [-0.00625, -0.12222222222222222], [-0.00625, -0.09722222222222222], [0.0421875, -0.030555555555555555], [0.1171875, -0.011111111111111112], [0.140625, 0.011111111111111112], [0.1890625, 0.030555555555555555], [0.2484375, 0.016666666666666666]], "R-Sho": [[-0.0171875, -0.09722222222222222], [-0.0078125, -0.09722222222222222], [-0.01875, -0.09722222222222222], [-0.0203125, -0.09722222222222222], [-0.0203125, -0.05555555555555555], [0.009375, 0.0], [0.096875, 0.002777777777777778], [0.1171875, 0.030555555555555555], [0.165625, 0.05277777777777778], [0.2375, 0.05277777777777778]], "R-Elb": [[-0.01875, -0.03611111111111111], [-0.01875, -0.05277777777777778], [-0.0296875, -0.05555555555555555], [-0.03125, -0.03611111111111111], [-0.03125, -0.016666666666666666], [0.009375, 0.0], [0.06875, 0.002777777777777778], [0.090625, 0.05277777777777778], [0.1640625, 0.09722222222222222], [0.25, 0.09444444444444444]], "R-Wr": [[-0.01875, 0.005555555555555556], [-0.01875, -0.008333333333333333], [-0.0296875, -0.011111111111111112], [-0.03125, 0.008333333333333333], [-0.03125, 0.030555555555555555], [0.0046875, 0.058333333333333334], [0.084375, 0.011111111111111112], [0.0796875, 0.07222222222222222], [0.2, 0.12222222222222222], [0.2734375, 0.11388888888888889]], "L-Sho": [[0.028125, -0.1], [0.0296875, -0.1], [0.01875, -0.1], [0.0171875, -0.1], [0.0171875, -0.075], [0.04375, 0.013888888888888888], [0.1234375, 0.041666666666666664], [0.1625, 0.07222222222222222], [0.2015625, 0.075], [0.225, 0.05277777777777778]], "L-Elb": [[0.0296875, -0.05555555555555555], [0.040625, -0.05555555555555555], [0.0296875, -0.05555555555555555], [0.028125, -0.05555555555555555], [0.0296875, -0.030555555555555555], [0.05, 0.05555555555555555], [0.1265625, 0.06944444444444445], [0.1640625, 0.11944444444444445], [0.2, 0.11944444444444445], [0.240625, 0.09166666666666666]], "L-Wr": [[0.040625, -0.013888888888888888], [0.0421875, -0.008333333333333333], [0.03125, -0.011111111111111112], [0.0296875, -0.011111111111111112], [0.0296875, 0.027777777777777776], [0.0484375, 0.08055555555555556], [0.1453125, 0.08611111111111111], [0.165625, 0.18333333333333332], [0.2, 0.1361111111111111], [0.25625, 0.11666666666666667]], "R-Hip": [[-0.00625, 0.008333333333333333], [-0.00625, 0.008333333333333333], [-0.0078125, 0.008333333333333333], [-0.01875, 0.011111111111111112], [-0.0171875, 0.030555555555555555], [0.0015625, 0.075], [0.040625, 0.05277777777777778], [0.090625, 0.11666666666666667], [0.153125, 0.1388888888888889], [0.2328125, 0.1388888888888889]], "R-Knee": [[-0.00625, 0.075], [-0.01875, 0.07222222222222222], [-0.01875, 0.075], [-0.0203125, 0.075], [-0.03125, 0.075], [-0.028125, 0.09722222222222222], [0.003125, 0.075], [0.053125, 0.11666666666666667], [0.1390625, 0.14444444444444443], [0.2734375, 0.1638888888888889]], "R-Ank": [[-0.0078125, 0.14166666666666666], [-0.01875, 0.1388888888888889], [-0.021875, 0.14166666666666666], [-0.03125, 0.14166666666666666], [-0.04375, 0.14166666666666666], [-0.040625, 0.13333333333333333], [-0.04375, 0.1], [0.015625, 0.06666666666666667], [0.103125, 0.18333333333333332], [0.23125, 0.18888888888888888]], "L-Hip": [[0.01875, 0.005555555555555556], [0.01875, 0.008333333333333333], [0.0171875, 0.008333333333333333], [0.0078125, 0.008333333333333333], [0.015625, 0.030555555555555555], [0.0296875, 0.09444444444444444], [0.0609375, 0.08611111111111111], [0.084375, 0.15], [0.1765625, 0.16111111111111112], [0.225, 0.14444444444444443]], "L-Knee": [[0.0296875, 0.07222222222222222], [0.0296875, 0.075], [0.0296875, 0.07222222222222222], [0.028125, 0.075], [0.0203125, 0.075], [0.00625, 0.1361111111111111], [0.028125, 0.1388888888888889], [0.0515625, 0.15], [0.153125, 0.1638888888888889], [0.2765625, 0.16666666666666666]], "L-Ank": [[0.0421875, 0.1388888888888889], [0.040625, 0.14166666666666666], [0.03125, 0.1388888888888889], [0.0296875, 0.14166666666666666], [0.0171875, 0.14166666666666666], [-0.0109375, 0.17777777777777778], [-0.01875, 0.16111111111111112], [0.0140625, 0.1638888888888889], [0.115625, 0.18611111111111112], [0.221875, 0.20833333333333334]]}