{"Head": [[-0.0203125, -0.10277777777777777], [-0.0203125, -0.10277777777777777], [-0.0203125, -0.10277777777777777], [-0.0203125, -0.11666666666666667], [-0.0203125, -0.1], [-0.0296875, -0.09722222222222222], [-0.009375, -0.09444444444444444], [0.1, -0.022222222222222223], [0.23125, -0.03333333333333333], [0.2625, -0.10277777777777777]], "R-Sho": [[-0.0328125, -0.07777777777777778], [-0.0328125, -0.07777777777777778], [-0.0328125, -0.07777777777777778], [-0.0328125, -0.07777777777777778], [-0.0328125, -0.07777777777777778], [-0.0421875, -0.058333333333333334], [-0.0296875, -0.05555555555555555], [0.090625, 0.013888888888888888], [0.2109375, -0.002777777777777778], [0.2484375, -0.09722222222222222]], "R-Elb": [[-0.04375, -0.03333333333333333], [-0.04375, -0.03333333333333333], [-0.04375, -0.03333333333333333], [-0.04375, -0.03333333333333333], [-0.04375, -0.03333333333333333], [-0.04375, -0.013888888888888888], [-0.0328125, -0.013888888888888888], [0.0734375, 0.013888888888888888], [0.190625, 0.025], [0.2515625, -0.022222222222222223]], "R-Wr": [[-0.04375, 0.008333333333333333], [-0.0546875, 0.008333333333333333], [-0.0546875, 0.008333333333333333], [-0.0453125, 0.008333333333333333], [-0.04375, 0.008333333333333333], [-0.0546875, 0.027777777777777776], [-0.0421875, 0.027777777777777776], [0.0796875, 0.0], [0.15625, 0.03888888888888889], [0.271875, -0.005555555555555556]], "L-Sho": [[-0.00625, -0.07777777777777778], [-0.00625, -0.07777777777777778], [-0.00625, -0.07777777777777778], [-0.00625, -0.07777777777777778], [-0.00625, -0.07777777777777778], [-0.00625, -0.058333333333333334], [0.009375, -0.06111111111111111], [0.10625, 0.030555555555555555], [0.2046875, -0.013888888888888888], [0.225, -0.1]], "L-Elb": [[0.0046875, -0.03333333333333333], [0.0046875, -0.03333333333333333], [0.0046875, -0.03611111111111111], [0.0046875, -0.03611111111111111], [0.0046875, -0.03611111111111111], [0.0046875, -0.030555555555555555], [0.0234375, -0.005555555555555556], [0.1171875, 0.041666666666666664], [0.1578125, 0.03333333333333333], [0.203125, -0.05277777777777778]], "L-Wr": [[0.00625, 0.008333333333333333], [0.00625, 0.008333333333333333], [0.00625, 0.008333333333333333], [0.00625, 0.008333333333333333], [0.00625, -0.008333333333333333], [0.00625, 0.011111111111111112], [0.0359375, 0.03611111111111111], [0.1375, 0.06111111111111111], [0.1359375, 0.044444444444444446], [0.2, 0.008333333333333333]], "R-Hip": [[-0.03125, 0.008333333333333333], [-0.03125, 0.008333333333333333], [-0.03125, 0.008333333333333333], [-0.03125, 0.005555555555555556], [-0.03125, -0.011111111111111112], [-0.03125, 0.011111111111111112], [-0.01875, 0.030555555555555555], [0.053125, 0.08333333333333333], [0.1859375, 0.06111111111111111], [0.225, 0.005555555555555556]], "R-Knee": [[-0.0421875, 0.07222222222222222], [-0.04375, 0.07222222222222222], [-0.040625, 0.07222222222222222], [-0.0421875, 0.07222222222222222], [-0.0421875, 0.05277777777777778], [-0.0453125, 0.05555555555555555], [-0.01875, 0.07777777777777778], [0.0125, 0.1111111111111111], [0.209375, 0.07222222222222222], [0.2484375, 0.05555555555555555]], "R-Ank": [[-0.04375, 0.1388888888888889], [-0.04375, 0.1388888888888889], [-0.04375, 0.1388888888888889], [-0.04375, 0.1388888888888889], [-0.04375, 0.11666666666666667], [-0.05625, 0.12222222222222222], [-0.05, 0.11388888888888889], [-0.021875, 0.13055555555555556], [0.228125, 0.1361111111111111], [0.2375, 0.14166666666666666]], "L-Hip": [[-0.0078125, 0.008333333333333333], [-0.0078125, 0.008333333333333333], [-0.0078125, 0.008333333333333333], [-0.0078125, 0.005555555555555556], [-0.0078125, -0.011111111111111112], [-0.0078125, 0.008333333333333333], [-0.0015625, 0.03333333333333333], [0.078125, 0.08611111111111111], [0.171875, 0.075], [0.2109375, -0.008333333333333333]], "L-Knee": [[-0.00625, 0.07222222222222222], [-0.00625, 0.07222222222222222], [-0.00625, 0.07222222222222222], [-0.00625, 0.07222222222222222], [-0.00625, 0.05277777777777778], [0.0046875, 0.07222222222222222], [0.01875, 0.08055555555555556], [0.1234375, 0.11666666666666667], [0.171875, 0.1527777777777778], [0.2359375, 0.05555555555555555]], "L-Ank": [[0.00625, 0.1388888888888889], [0.00625, 0.1388888888888889], [0.00625, 0.1388888888888889], [0.00625, 0.1388888888888889], [-0.00625, 0.1], [0.01875, 0.11944444444444445], [0.0328125, 0.125], [0.0890625, 0.1388888888888889], [0.134375, 0.15555555555555556], [0.225, 0.1388888888888889]]}