{"Head": [[-0.01875, -0.14722222222222223], [-0.01875, -0.1638888888888889], [-0.01875, -0.1638888888888889], [-0.01875, -0.14166666666666666], [-0.01875, -0.10277777777777777], [-0.05625, -0.09722222222222222], [-0.1390625, -0.075], [-0.253125, -0.03611111111111111], [-0.284375, 0.06111111111111111], [0.0, 0.0]], "R-Sho": [[-0.03125, -0.11944444444444445], [-0.03125, -0.11944444444444445], [-0.03125, -0.11944444444444445], [-0.03125, -0.1], [-0.03125, -0.07777777777777778], [-0.078125, -0.05555555555555555], [-0.146875, -0.016666666666666666], [-0.2515625, 0.005555555555555556], [-0.29375, 0.10277777777777777], [0.0, 0.0]], "R-Elb": [[-0.0421875, -0.075], [-0.0421875, -0.07777777777777778], [-0.0328125, -0.075], [-0.04375, -0.05555555555555555], [-0.04375, -0.03333333333333333], [-0.090625, -0.013888888888888888], [-0.146875, -0.016666666666666666], [-0.28125, 0.0], [-0.29375, 0.13055555555555556], [0.0, 0.0]], "R-Wr": [[-0.04375, -0.030555555555555555], [-0.0546875, -0.03333333333333333], [-0.04375, -0.03333333333333333], [-0.04375, -0.013888888888888888], [-0.0546875, 0.008333333333333333], [-0.0921875, 0.027777777777777776], [-0.1515625, 0.013888888888888888], [-0.2765625, -0.058333333333333334], [-0.3203125, 0.1388888888888889], [0.0, 0.0]], "L-Sho": [[0.0046875, -0.11944444444444445], [0.0046875, -0.11944444444444445], [0.0046875, -0.11944444444444445], [0.0046875, -0.1], [0.003125, -0.07777777777777778], [-0.034375, -0.06666666666666667], [-0.1265625, -0.03333333333333333], [-0.2265625, -0.03333333333333333], [-0.259375, 0.022222222222222223], [0.0, 0.0]], "L-Elb": [[0.0171875, -0.07777777777777778], [0.0171875, -0.07777777777777778], [0.0171875, -0.07777777777777778], [0.0171875, -0.05555555555555555], [0.015625, -0.03611111111111111], [-0.0234375, -0.03333333333333333], [-0.1125, -0.030555555555555555], [-0.2453125, -0.12222222222222222], [-0.2765625, 0.013888888888888888], [0.0, 0.0]], "L-Wr": [[0.01875, -0.03333333333333333], [0.0296875, -0.03333333333333333], [0.028125, -0.03333333333333333], [0.01875, -0.013888888888888888], [0.0171875, 0.011111111111111112], [-0.015625, -0.002777777777777778], [-0.1, -0.019444444444444445], [-0.278125, -0.16111111111111112], [-0.315625, 0.019444444444444445], [0.0, 0.0]], "R-Hip": [[-0.0203125, -0.013888888888888888], [-0.0203125, -0.016666666666666666], [-0.0203125, -0.030555555555555555], [-0.0203125, -0.011111111111111112], [-0.0296875, 0.008333333333333333], [-0.0671875, 0.011111111111111112], [-0.125, 0.03888888888888889], [-0.2015625, 0.06111111111111111], [-0.2390625, 0.10555555555555556], [0.0, 0.0]], "R-Knee": [[-0.0328125, 0.05], [-0.0328125, 0.03333333333333333], [-0.03125, 0.03333333333333333], [-0.040625, 0.05277777777777778], [-0.03125, 0.05555555555555555], [-0.0796875, 0.075], [-0.11875, 0.09444444444444444], [-0.159375, 0.09444444444444444], [-0.20625, 0.12222222222222222], [0.0, 0.0]], "R-Ank": [[-0.04375, 0.11944444444444445], [-0.04375, 0.11666666666666667], [-0.04375, 0.11666666666666667], [-0.0453125, 0.11944444444444445], [-0.0203125, 0.11666666666666667], [-0.06875, 0.12222222222222222], [-0.0953125, 0.11944444444444445], [-0.1140625, 0.12222222222222222], [-0.1609375, 0.1388888888888889], [0.0, 0.0]], "L-Hip": [[0.003125, -0.013888888888888888], [0.0046875, -0.013888888888888888], [0.0046875, -0.030555555555555555], [0.003125, -0.011111111111111112], [-0.00625, 0.008333333333333333], [-0.04375, 0.011111111111111112], [-0.0984375, 0.05], [-0.184375, 0.025], [-0.2125, 0.06944444444444445], [0.0, 0.0]], "L-Knee": [[0.015625, 0.05277777777777778], [0.0171875, 0.05277777777777778], [0.0171875, 0.05], [0.0171875, 0.05277777777777778], [0.00625, 0.07222222222222222], [-0.03125, 0.05277777777777778], [-0.078125, 0.06666666666666667], [-0.146875, 0.041666666666666664], [-0.1890625, 0.075], [0.0, 0.0]], "L-Ank": [[0.0296875, 0.11944444444444445], [0.0296875, 0.11944444444444445], [0.03125, 0.11944444444444445], [0.03125, 0.11666666666666667], [0.03125, 0.11944444444444445], [-0.0078125, 0.11944444444444445], [-0.028125, 0.11944444444444445], [-0.084375, 0.022222222222222223], [-0.1578125, 0.08888888888888889], [0.0, 0.0]]}