{"Head": [[0.00625, -0.31805555555555554], [0.00546875, -0.27361111111111114], [0.00546875, -0.2722222222222222], [0.02890625, -0.18055555555555555], [0.2125, -0.09166666666666666], [0.0, 0.0], [0.0, 0.0], [0.0, 0.0], [0.0, 0.0], [0.0, 0.0]], "R-Sho": [[-0.01875, -0.2722222222222222], [-0.01875, -0.25], [-0.01875, -0.22916666666666666], [0.00390625, -0.15138888888888888], [0.1921875, -0.11388888888888889], [0.0, 0.0], [0.0, 0.0], [0.0, 0.0], [0.0, 0.0], [0.0, 0.0]], "R-Elb": [[-0.01953125, -0.20972222222222223], [-0.03046875, -0.20555555555555555], [-0.03046875, -0.18611111111111112], [-0.00078125, -0.10694444444444444], [0.22109375, -0.11527777777777778], [0.0, 0.0], [0.0, 0.0], [0.0, 0.0], [0.0, 0.0], [0.0, 0.0]], "R-Wr": [[-0.03046875, -0.18333333333333332], [-0.03125, -0.1638888888888889], [-0.03046875, -0.14305555555555555], [0.00546875, -0.0763888888888889], [0.2546875, -0.11388888888888889], [0.0, 0.0], [0.0, 0.0], [0.0, 0.0], [0.0, 0.0], [0.0, 0.0]], "L-Sho": [[0.01875, -0.2722222222222222], [0.01796875, -0.25], [0.01796875, -0.25], [0.0421875, -0.1527777777777778], [0.2140625, -0.06666666666666667], [0.0, 0.0], [0.0, 0.0], [0.0, 0.0], [0.0, 0.0], [0.0, 0.0]], "L-Elb": [[0.03046875, -0.22777777777777777], [0.03046875, -0.20694444444444443], [0.0296875, -0.20694444444444443], [0.0546875, -0.13055555555555556], [0.23515625, -0.0763888888888889], [0.0, 0.0], [0.0, 0.0], [0.0, 0.0], [0.0, 0.0], [0.0, 0.0]], "L-Wr": [[0.03046875, -0.18611111111111112], [0.0421875, -0.1638888888888889], [0.0296875, -0.1638888888888889], [0.05546875, -0.09444444444444444], [0.259375, -0.09166666666666666], [0.0, 0.0], [0.0, 0.0], [0.0, 0.0], [0.0, 0.0], [0.0, 0.0]], "R-Hip": [[-0.00703125, -0.16527777777777777], [-0.00703125, -0.14305555555555555], [-0.00625, -0.14166666666666666], [0.01484375, -0.0875], [0.1453125, -0.0763888888888889], [0.0, 0.0], [0.0, 0.0], [0.0, 0.0], [0.0, 0.0], [0.0, 0.0]], "R-Knee": [[-0.01796875, -0.09861111111111111], [-0.01640625, -0.0875], [-0.01875, -0.0763888888888889], [-0.01796875, -0.04583333333333333], [0.09453125, -0.0763888888888889], [0.0, 0.0], [0.0, 0.0], [0.0, 0.0], [0.0, 0.0], [0.0, 0.0]], "R-Ank": [[-0.02890625, -0.001388888888888889], [-0.01875, -0.011111111111111112], [-0.01953125, -0.011111111111111112], [-0.01953125, 0.009722222222222222], [0.06484375, -0.07777777777777778], [0.0, 0.0], [0.0, 0.0], [0.0, 0.0], [0.0, 0.0], [0.0, 0.0]], "L-Hip": [[0.0171875, -0.16527777777777777], [0.0171875, -0.14305555555555555], [0.01796875, -0.14166666666666666], [0.03046875, -0.07777777777777778], [0.1578125, -0.030555555555555555], [0.0, 0.0], [0.0, 0.0], [0.0, 0.0], [0.0, 0.0], [0.0, 0.0]], "L-Knee": [[0.01875, -0.09861111111111111], [0.0296875, -0.07777777777777778], [0.03046875, -0.07777777777777778], [0.0296875, -0.05555555555555555], [0.1015625, -0.025], [0.0, 0.0], [0.0, 0.0], [0.0, 0.0], [0.0, 0.0], [0.0, 0.0]], "L-Ank": [[0.0296875, -0.013888888888888888], [0.03046875, -0.011111111111111112], [0.0421875, -0.011111111111111112], [0.01796875, 0.008333333333333333], [0.059375, -0.030555555555555555], [0.0, 0.0], [0.0, 0.0], [0.0, 0.0], [0.0, 0.0], [0.0, 0.0]]}