{"Head": [[0.00703125, -0.26666666666666666], [-0.00546875, -0.25277777777777777], [-0.00625, -0.24861111111111112], [0.0171875, -0.20416666666666666], [0.115625, -0.16527777777777777], [0.0, 0.0], [0.0, 0.0], [0.0, 0.0], [0.0, 0.0], [0.0, 0.0]], "R-Sho": [[-0.01796875, -0.25], [-0.01875, -0.22916666666666666], [-0.01875, -0.22777777777777777], [0.0046875, -0.18472222222222223], [0.0796875, -0.18472222222222223], [0.0, 0.0], [0.0, 0.0], [0.0, 0.0], [0.0, 0.0], [0.0, 0.0]], "R-Elb": [[-0.01875, -0.20694444444444443], [-0.01875, -0.18611111111111112], [-0.0421875, -0.1875], [-0.00625, -0.14305555555555555], [0.08671875, -0.17083333333333334], [0.0, 0.0], [0.0, 0.0], [0.0, 0.0], [0.0, 0.0], [0.0, 0.0]], "R-Wr": [[-0.01875, -0.18472222222222223], [-0.01875, -0.1625], [-0.03203125, -0.16527777777777777], [-0.00625, -0.12083333333333333], [0.1046875, -0.1625], [0.0, 0.0], [0.0, 0.0], [0.0, 0.0], [0.0, 0.0], [0.0, 0.0]], "L-Sho": [[0.01796875, -0.25], [0.01796875, -0.22916666666666666], [0.0171875, -0.20833333333333334], [0.0296875, -0.1638888888888889], [0.10390625, -0.14166666666666666], [0.0, 0.0], [0.0, 0.0], [0.0, 0.0], [0.0, 0.0], [0.0, 0.0]], "L-Elb": [[0.0296875, -0.20833333333333334], [0.01796875, -0.20555555555555555], [0.0296875, -0.18611111111111112], [0.0421875, -0.14166666666666666], [0.128125, -0.10972222222222222], [0.0, 0.0], [0.0, 0.0], [0.0, 0.0], [0.0, 0.0], [0.0, 0.0]], "L-Wr": [[0.01796875, -0.20555555555555555], [0.01796875, -0.18472222222222223], [0.05703125, -0.15833333333333333], [0.04140625, -0.1], [0.15234375, -0.09305555555555556], [0.0, 0.0], [0.0, 0.0], [0.0, 0.0], [0.0, 0.0], [0.0, 0.0]], "R-Hip": [[-0.01015625, -0.16111111111111112], [-0.00546875, -0.14583333333333334], [-0.015625, -0.1388888888888889], [-0.00625, -0.11944444444444445], [0.0453125, -0.12083333333333333], [0.0, 0.0], [0.0, 0.0], [0.0, 0.0], [0.0, 0.0], [0.0, 0.0]], "R-Knee": [[-0.01875, -0.09861111111111111], [-0.01875, -0.09861111111111111], [-0.03046875, -0.09861111111111111], [-0.01953125, -0.0763888888888889], [0.00703125, -0.09166666666666666], [0.0, 0.0], [0.0, 0.0], [0.0, 0.0], [0.0, 0.0], [0.0, 0.0]], "R-Ank": [[-0.01875, -0.03333333333333333], [-0.0296875, -0.03333333333333333], [-0.03125, -0.03333333333333333], [-0.0421875, -0.03333333333333333], [-0.0125, -0.05138888888888889], [0.0, 0.0], [0.0, 0.0], [0.0, 0.0], [0.0, 0.0], [0.0, 0.0]], "L-Hip": [[0.00625, -0.1638888888888889], [0.009375, -0.14166666666666666], [0.00546875, -0.14166666666666666], [0.0171875, -0.1], [0.0609375, -0.09583333333333334], [0.0, 0.0], [0.0, 0.0], [0.0, 0.0], [0.0, 0.0], [0.0, 0.0]], "L-Knee": [[0.01796875, -0.09861111111111111], [0.01796875, -0.09861111111111111], [0.0171875, -0.07777777777777778], [0.00625, -0.075], [0.03515625, -0.06388888888888888], [0.0, 0.0], [0.0, 0.0], [0.0, 0.0], [0.0, 0.0], [0.0, 0.0]], "L-Ank": [[0.01796875, -0.03333333333333333], [0.01796875, -0.03333333333333333], [0.01796875, -0.03333333333333333], [-0.00703125, -0.03333333333333333], [-0.00546875, -0.013888888888888888], [0.0, 0.0], [0.0, 0.0], [0.0, 0.0], [0.0, 0.0], [0.0, 0.0]]}