{"Head": [[-0.0203125, -0.08888888888888889], [-0.01875, -0.09583333333333334], [-0.01640625, -0.09166666666666666], [-0.04296875, -0.0763888888888889], [-0.00390625, -0.0625], [0.04453125, -0.04027777777777778], [0.0, 0.0], [0.0, 0.0], [0.0, 0.0], [0.0, 0.0]], "R-Sho": [[-0.03125, -0.0763888888888889], [-0.03125, -0.0763888888888889], [-0.03125, -0.0763888888888889], [-0.04296875, -0.05416666666666667], [-0.01484375, -0.05277777777777778], [0.03359375, -0.04027777777777778], [0.0, 0.0], [0.0, 0.0], [0.0, 0.0], [0.0, 0.0]], "R-Elb": [[-0.0421875, -0.05416666666666667], [-0.04296875, -0.034722222222222224], [-0.04296875, -0.05555555555555555], [-0.0546875, -0.03333333333333333], [-0.02890625, -0.043055555555555555], [0.0484375, -0.06111111111111111], [0.0, 0.0], [0.0, 0.0], [0.0, 0.0], [0.0, 0.0]], "R-Wr": [[-0.04296875, -0.03194444444444444], [-0.04375, -0.0125], [-0.04296875, -0.05555555555555555], [-0.04375, -0.03333333333333333], [-0.01484375, -0.029166666666666667], [0.06796875, -0.0763888888888889], [0.0, 0.0], [0.0, 0.0], [0.0, 0.0], [0.0, 0.0]], "L-Sho": [[-0.00703125, -0.0763888888888889], [-0.00703125, -0.0763888888888889], [-0.00703125, -0.0763888888888889], [-0.0296875, -0.05416666666666667], [0.0, -0.05555555555555555], [0.0515625, -0.03194444444444444], [0.0, 0.0], [0.0, 0.0], [0.0, 0.0], [0.0, 0.0]], "L-Elb": [[-0.00625, -0.05416666666666667], [-0.00546875, -0.05416666666666667], [-0.00625, -0.05416666666666667], [-0.01875, -0.03333333333333333], [0.009375, -0.034722222222222224], [0.06484375, -0.027777777777777776], [0.0, 0.0], [0.0, 0.0], [0.0, 0.0], [0.0, 0.0]], "L-Wr": [[0.00546875, -0.03194444444444444], [0.00546875, -0.03194444444444444], [-0.00625, -0.03333333333333333], [-0.01875, -0.03194444444444444], [0.02265625, -0.008333333333333333], [0.08203125, -0.05138888888888889], [0.0, 0.0], [0.0, 0.0], [0.0, 0.0], [0.0, 0.0]], "R-Hip": [[-0.03046875, -0.03333333333333333], [-0.03046875, -0.03194444444444444], [-0.03046875, -0.03194444444444444], [-0.04296875, -0.0125], [-0.0328125, -0.016666666666666666], [0.0015625, -0.018055555555555554], [0.0, 0.0], [0.0, 0.0], [0.0, 0.0], [0.0, 0.0]], "R-Knee": [[-0.04296875, -0.011111111111111112], [-0.04296875, -0.011111111111111112], [-0.04375, -0.011111111111111112], [-0.05546875, 0.009722222222222222], [-0.0515625, 0.011111111111111112], [-0.015625, -0.018055555555555554], [0.0, 0.0], [0.0, 0.0], [0.0, 0.0], [0.0, 0.0]], "R-Ank": [[-0.04375, 0.03194444444444444], [-0.04296875, 0.03333333333333333], [-0.04375, 0.03194444444444444], [-0.0671875, 0.03333333333333333], [-0.065625, 0.041666666666666664], [-0.04140625, 0.008333333333333333], [0.0, 0.0], [0.0, 0.0], [0.0, 0.0], [0.0, 0.0]], "L-Hip": [[-0.01796875, -0.03194444444444444], [-0.00703125, -0.03194444444444444], [-0.00703125, -0.03194444444444444], [-0.03046875, -0.013888888888888888], [-0.01796875, -0.008333333333333333], [0.0125, 0.001388888888888889], [0.0, 0.0], [0.0, 0.0], [0.0, 0.0], [0.0, 0.0]], "L-Knee": [[-0.00546875, -0.011111111111111112], [-0.00546875, -0.009722222222222222], [-0.00546875, -0.011111111111111112], [-0.01875, -0.009722222222222222], [-0.028125, 0.041666666666666664], [-0.00625, 0.019444444444444445], [0.0, 0.0], [0.0, 0.0], [0.0, 0.0], [0.0, 0.0]], "L-Ank": [[0.00546875, 0.03194444444444444], [0.00546875, 0.03194444444444444], [0.00546875, 0.03194444444444444], [-0.01796875, 0.03194444444444444], [-0.05625, 0.06111111111111111], [-0.04765625, 0.05], [0.0, 0.0], [0.0, 0.0], [0.0, 0.0], [0.0, 0.0]]}