{"Head": [[0.0015625, -0.20555555555555555], [0.01796875, -0.1638888888888889], [0.03203125, -0.14722222222222223], [0.14921875, -0.1], [0.0, 0.0], [0.0, 0.0], [0.0, 0.0], [0.0, 0.0], [0.0, 0.0], [0.0, 0.0]], "R-Sho": [[-0.00703125, -0.18472222222222223], [0.00546875, -0.1625], [0.01796875, -0.12083333333333333], [0.1375, -0.09722222222222222], [0.0, 0.0], [0.0, 0.0], [0.0, 0.0], [0.0, 0.0], [0.0, 0.0], [0.0, 0.0]], "R-Elb": [[-0.02265625, -0.1638888888888889], [-0.00703125, -0.1638888888888889], [0.00546875, -0.09861111111111111], [0.1265625, -0.09027777777777778], [0.0, 0.0], [0.0, 0.0], [0.0, 0.0], [0.0, 0.0], [0.0, 0.0], [0.0, 0.0]], "R-Wr": [[-0.04765625, -0.15833333333333333], [-0.04140625, -0.15694444444444444], [-0.00625, -0.05694444444444444], [0.14375, -0.08194444444444444], [0.0, 0.0], [0.0, 0.0], [0.0, 0.0], [0.0, 0.0], [0.0, 0.0], [0.0, 0.0]], "L-Sho": [[0.01796875, -0.18194444444444444], [0.03671875, -0.15416666666666667], [0.05, -0.11944444444444445], [0.15625, -0.07777777777777778], [0.0, 0.0], [0.0, 0.0], [0.0, 0.0], [0.0, 0.0], [0.0, 0.0], [0.0, 0.0]], "L-Elb": [[0.0328125, -0.15694444444444444], [0.05234375, -0.1486111111111111], [0.05390625, -0.08333333333333333], [0.1640625, -0.04861111111111111], [0.0, 0.0], [0.0, 0.0], [0.0, 0.0], [0.0, 0.0], [0.0, 0.0], [0.0, 0.0]], "L-Wr": [[0.04140625, -0.13333333333333333], [0.07734375, -0.1527777777777778], [0.05546875, -0.059722222222222225], [0.18671875, -0.008333333333333333], [0.0, 0.0], [0.0, 0.0], [0.0, 0.0], [0.0, 0.0], [0.0, 0.0], [0.0, 0.0]], "R-Hip": [[0.00546875, -0.1], [0.003125, -0.08888888888888889], [0.01875, -0.059722222222222225], [0.11484375, -0.04027777777777778], [0.0, 0.0], [0.0, 0.0], [0.0, 0.0], [0.0, 0.0], [0.0, 0.0], [0.0, 0.0]], "R-Knee": [[-0.01875, -0.05555555555555555], [-0.00859375, -0.05694444444444444], [0.003125, -0.027777777777777776], [0.07421875, -0.025], [0.0, 0.0], [0.0, 0.0], [0.0, 0.0], [0.0, 0.0], [0.0, 0.0], [0.0, 0.0]], "R-Ank": [[-0.04296875, -0.011111111111111112], [-0.03125, 0.009722222222222222], [-0.0234375, -0.001388888888888889], [0.04453125, -0.015277777777777777], [0.0, 0.0], [0.0, 0.0], [0.0, 0.0], [0.0, 0.0], [0.0, 0.0], [0.0, 0.0]], "L-Hip": [[0.01875, -0.11805555555555555], [0.01796875, -0.09722222222222222], [0.03515625, -0.058333333333333334], [0.1234375, -0.030555555555555555], [0.0, 0.0], [0.0, 0.0], [0.0, 0.0], [0.0, 0.0], [0.0, 0.0], [0.0, 0.0]], "L-Knee": [[0.04140625, -0.075], [0.0421875, -0.05416666666666667], [0.0375, -0.04583333333333333], [0.10625, 0.016666666666666666], [0.0, 0.0], [0.0, 0.0], [0.0, 0.0], [0.0, 0.0], [0.0, 0.0], [0.0, 0.0]], "L-Ank": [[0.04296875, -0.013888888888888888], [0.0625, 0.005555555555555556], [0.02734375, -0.013888888888888888], [0.059375, 0.013888888888888888], [0.0, 0.0], [0.0, 0.0], [0.0, 0.0], [0.0, 0.0], [0.0, 0.0], [0.0, 0.0]]}