{"Head": [[0.0015625, -0.23055555555555557], [-0.0046875, -0.23055555555555557], [0.0046875, -0.25277777777777777], [0.0046875, -0.23333333333333334], [0.0046875, -0.25277777777777777], [0.0046875, -0.23055555555555557], [0.0171875, -0.22777777777777777], [0.0671875, -0.20277777777777778], [0.1296875, -0.1], [0.140625, -0.09722222222222222]], "R-Sho": [[-0.009375, -0.20555555555555555], [-0.0078125, -0.20833333333333334], [-0.0171875, -0.23055555555555557], [-0.0078125, -0.22777777777777777], [-0.0171875, -0.22777777777777777], [-0.0078125, -0.20833333333333334], [0.0046875, -0.20833333333333334], [0.0546875, -0.175], [0.115625, -0.08055555555555556], [0.1265625, -0.07777777777777778]], "R-Elb": [[-0.01875, -0.16666666666666666], [-0.01875, -0.18611111111111112], [-0.01875, -0.18611111111111112], [-0.01875, -0.18888888888888888], [-0.0203125, -0.18611111111111112], [-0.01875, -0.16944444444444445], [-0.009375, -0.18333333333333332], [0.040625, -0.14444444444444443], [0.0984375, -0.07777777777777778], [0.1046875, -0.05277777777777778]], "R-Wr": [[-0.01875, -0.14166666666666666], [-0.01875, -0.14722222222222223], [-0.0203125, -0.16111111111111112], [-0.01875, -0.1638888888888889], [-0.03125, -0.14444444444444443], [-0.0296875, -0.14166666666666666], [-0.01875, -0.14444444444444443], [0.0296875, -0.12777777777777777], [0.0828125, -0.07777777777777778], [0.115625, -0.03333333333333333]], "L-Sho": [[0.015625, -0.20555555555555555], [0.00625, -0.2111111111111111], [0.0171875, -0.23055555555555557], [0.0171875, -0.22777777777777777], [0.0171875, -0.22777777777777777], [0.0171875, -0.20833333333333334], [0.01875, -0.20833333333333334], [0.075, -0.1527777777777778], [0.1296875, -0.075], [0.140625, -0.07222222222222222]], "L-Elb": [[0.01875, -0.18333333333333332], [0.0171875, -0.18611111111111112], [0.0171875, -0.18888888888888888], [0.0171875, -0.18888888888888888], [0.01875, -0.18611111111111112], [0.01875, -0.18611111111111112], [0.0296875, -0.18611111111111112], [0.078125, -0.12777777777777777], [0.134375, -0.03611111111111111], [0.1421875, -0.03333333333333333]], "L-Wr": [[0.0171875, -0.18611111111111112], [0.0171875, -0.16666666666666666], [0.0171875, -0.1638888888888889], [0.01875, -0.16666666666666666], [0.01875, -0.1638888888888889], [0.028125, -0.14444444444444443], [0.0296875, -0.18611111111111112], [0.078125, -0.09722222222222222], [0.1359375, -0.005555555555555556], [0.140625, -0.011111111111111112]], "R-Hip": [[-0.00625, -0.14444444444444443], [-0.0078125, -0.1638888888888889], [-0.0078125, -0.1638888888888889], [-0.00625, -0.1638888888888889], [-0.0078125, -0.1638888888888889], [-0.0078125, -0.14444444444444443], [0.00625, -0.14166666666666666], [0.028125, -0.09722222222222222], [0.0921875, -0.03333333333333333], [0.115625, -0.011111111111111112]], "R-Knee": [[-0.01875, -0.11944444444444445], [-0.01875, -0.11944444444444445], [-0.01875, -0.11944444444444445], [-0.01875, -0.11944444444444445], [-0.0203125, -0.1], [-0.01875, -0.1], [-0.0078125, -0.09722222222222222], [0.0046875, -0.07777777777777778], [0.071875, -0.013888888888888888], [0.1140625, 0.013888888888888888]], "R-Ank": [[-0.01875, -0.05555555555555555], [-0.01875, -0.05555555555555555], [-0.01875, -0.05555555555555555], [-0.0203125, -0.05555555555555555], [-0.0203125, -0.05277777777777778], [-0.0203125, -0.03333333333333333], [-0.01875, -0.03333333333333333], [-0.0015625, -0.05277777777777778], [0.0328125, 0.005555555555555556], [0.0765625, 0.03333333333333333]], "L-Hip": [[0.00625, -0.14444444444444443], [0.00625, -0.1638888888888889], [0.00625, -0.1638888888888889], [0.00625, -0.1638888888888889], [0.00625, -0.1638888888888889], [0.00625, -0.14444444444444443], [0.0171875, -0.14166666666666666], [0.046875, -0.09166666666666666], [0.103125, -0.030555555555555555], [0.128125, -0.008333333333333333]], "L-Knee": [[0.0171875, -0.11944444444444445], [0.0171875, -0.11944444444444445], [0.0171875, -0.11944444444444445], [0.01875, -0.11944444444444445], [0.01875, -0.11666666666666667], [0.01875, -0.1], [0.0296875, -0.09722222222222222], [0.0515625, -0.06111111111111111], [0.090625, -0.011111111111111112], [0.1171875, 0.027777777777777776]], "L-Ank": [[0.01875, -0.05555555555555555], [0.0171875, -0.05555555555555555], [0.0171875, -0.058333333333333334], [0.028125, -0.05555555555555555], [0.0296875, -0.03611111111111111], [0.0296875, -0.03333333333333333], [0.028125, -0.03611111111111111], [0.0296875, -0.022222222222222223], [0.0921875, 0.008333333333333333], [0.103125, 0.04722222222222222]]}