{"Head": [[0.0, 0.0], [-0.00625, -0.275], [-0.01875, -0.29444444444444445], [-0.00625, -0.29444444444444445], [-0.01875, -0.275], [-0.0171875, -0.2722222222222222], [-0.0171875, -0.2722222222222222], [0.0984375, -0.14722222222222223], [0.2375, -0.1], [0.0, 0.0]], "R-Sho": [[-0.0171875, -0.22777777777777777], [-0.01875, -0.25277777777777777], [-0.03125, -0.25277777777777777], [-0.01875, -0.25277777777777777], [-0.0203125, -0.25277777777777777], [-0.0203125, -0.25], [-0.0203125, -0.23055555555555557], [0.078125, -0.1361111111111111], [0.2234375, -0.06944444444444445], [0.0, 0.0]], "R-Elb": [[-0.0328125, -0.19166666666666668], [-0.0296875, -0.22777777777777777], [-0.03125, -0.225], [-0.01875, -0.22777777777777777], [-0.03125, -0.225], [-0.03125, -0.20833333333333334], [-0.03125, -0.20555555555555555], [0.0703125, -0.1527777777777778], [0.21875, -0.027777777777777776], [0.0, 0.0]], "R-Wr": [[-0.03125, -0.16666666666666666], [-0.03125, -0.18611111111111112], [-0.03125, -0.18611111111111112], [-0.0203125, -0.18888888888888888], [-0.03125, -0.18888888888888888], [-0.03125, -0.18611111111111112], [-0.0296875, -0.16666666666666666], [0.0953125, -0.17777777777777778], [0.21875, -0.027777777777777776], [0.0, 0.0]], "L-Sho": [[0.0046875, -0.23055555555555557], [0.0046875, -0.25277777777777777], [-0.00625, -0.26944444444444443], [0.0046875, -0.25555555555555554], [-0.0078125, -0.25277777777777777], [-0.00625, -0.25], [-0.00625, -0.23333333333333334], [0.09375, -0.1361111111111111], [0.2125, -0.058333333333333334], [0.0, 0.0]], "L-Elb": [[0.01875, -0.20833333333333334], [0.0171875, -0.23055555555555557], [0.0046875, -0.23055555555555557], [0.0171875, -0.23055555555555557], [0.0046875, -0.23055555555555557], [0.0046875, -0.2111111111111111], [0.003125, -0.20833333333333334], [0.096875, -0.10833333333333334], [0.2140625, -0.05555555555555555], [0.0, 0.0]], "L-Wr": [[0.025, -0.16944444444444445], [0.028125, -0.20833333333333334], [0.0046875, -0.20833333333333334], [0.0171875, -0.20833333333333334], [0.0046875, -0.20833333333333334], [0.00625, -0.20555555555555555], [-0.0046875, -0.18333333333333332], [0.140625, -0.10833333333333334], [0.2140625, -0.030555555555555555], [0.0, 0.0]], "R-Hip": [[-0.01875, -0.16666666666666666], [-0.0171875, -0.18611111111111112], [-0.01875, -0.18611111111111112], [-0.0078125, -0.18888888888888888], [-0.01875, -0.18611111111111112], [-0.01875, -0.18333333333333332], [-0.01875, -0.16666666666666666], [0.0515625, -0.10833333333333334], [0.1984375, -0.05], [0.0, 0.0]], "R-Knee": [[-0.03125, -0.12222222222222222], [-0.0203125, -0.1388888888888889], [-0.0296875, -0.125], [-0.0203125, -0.1388888888888889], [-0.0296875, -0.12222222222222222], [-0.0296875, -0.12222222222222222], [-0.03125, -0.11944444444444445], [0.0109375, -0.09722222222222222], [0.190625, -0.008333333333333333], [0.0, 0.0]], "R-Ank": [[-0.0328125, -0.075], [-0.03125, -0.07777777777777778], [-0.03125, -0.075], [-0.03125, -0.075], [-0.03125, -0.075], [-0.03125, -0.058333333333333334], [-0.0328125, -0.058333333333333334], [-0.015625, -0.06388888888888888], [0.1578125, -0.03611111111111111], [0.0, 0.0]], "L-Hip": [[0.0046875, -0.16666666666666666], [0.0046875, -0.18611111111111112], [-0.00625, -0.18611111111111112], [0.0046875, -0.18888888888888888], [-0.0078125, -0.18611111111111112], [-0.00625, -0.18611111111111112], [-0.00625, -0.16666666666666666], [0.059375, -0.08333333333333333], [0.19375, -0.06111111111111111], [0.0, 0.0]], "L-Knee": [[0.0171875, -0.1388888888888889], [0.00625, -0.14166666666666666], [0.0046875, -0.14166666666666666], [0.00625, -0.1388888888888889], [0.0046875, -0.1388888888888889], [0.00625, -0.12222222222222222], [0.0046875, -0.11944444444444445], [0.04375, -0.05], [0.19375, -0.016666666666666666], [0.0, 0.0]], "L-Ank": [[0.01875, -0.07777777777777778], [0.0171875, -0.07777777777777778], [0.0171875, -0.07777777777777778], [0.015625, -0.07777777777777778], [0.0078125, -0.07777777777777778], [0.0171875, -0.075], [0.00625, -0.075], [0.0078125, -0.022222222222222223], [0.1640625, -0.016666666666666666], [0.0, 0.0]]}