{"Head": [[0.00625, -0.16666666666666666], [0.0046875, -0.14722222222222223], [0.0046875, -0.14722222222222223], [0.0046875, -0.16111111111111112], [0.0828125, -0.12777777777777777], [0.1875, -0.06944444444444445], [0.171875, -0.09722222222222222], [0.0, 0.0], [0.0, 0.0], [0.0, 0.0]], "R-Sho": [[-0.0078125, -0.14166666666666666], [-0.0078125, -0.14166666666666666], [-0.0078125, -0.14166666666666666], [-0.0078125, -0.14166666666666666], [0.0609375, -0.10555555555555556], [0.1640625, -0.030555555555555555], [0.171875, -0.09722222222222222], [0.0, 0.0], [0.0, 0.0], [0.0, 0.0]], "R-Elb": [[-0.01875, -0.11944444444444445], [-0.01875, -0.11666666666666667], [-0.01875, -0.10277777777777777], [-0.01875, -0.11666666666666667], [0.0609375, -0.10555555555555556], [0.175, -0.03333333333333333], [0.1734375, -0.06388888888888888], [0.0, 0.0], [0.0, 0.0], [0.0, 0.0]], "R-Wr": [[-0.01875, -0.08055555555555556], [-0.0203125, -0.07777777777777778], [-0.0203125, -0.07777777777777778], [-0.01875, -0.07777777777777778], [0.0453125, -0.08333333333333333], [0.1765625, -0.05555555555555555], [0.1734375, -0.06388888888888888], [0.0, 0.0], [0.0, 0.0], [0.0, 0.0]], "L-Sho": [[0.0171875, -0.14166666666666666], [0.0171875, -0.14166666666666666], [0.0171875, -0.14166666666666666], [0.0171875, -0.14166666666666666], [0.075, -0.09722222222222222], [0.165625, -0.030555555555555555], [0.15625, -0.04722222222222222], [0.0, 0.0], [0.0, 0.0], [0.0, 0.0]], "L-Elb": [[0.01875, -0.11944444444444445], [0.0203125, -0.11666666666666667], [0.028125, -0.10277777777777777], [0.028125, -0.1], [0.0828125, -0.07222222222222222], [0.159375, 0.011111111111111112], [0.1546875, -0.025], [0.0, 0.0], [0.0, 0.0], [0.0, 0.0]], "L-Wr": [[0.00625, -0.1], [0.0203125, -0.07777777777777778], [0.028125, -0.07777777777777778], [0.0296875, -0.07777777777777778], [0.0859375, -0.05555555555555555], [0.175, 0.016666666666666666], [0.15625, -0.03888888888888889], [0.0, 0.0], [0.0, 0.0], [0.0, 0.0]], "R-Hip": [[-0.00625, -0.09722222222222222], [-0.00625, -0.09722222222222222], [-0.00625, -0.09722222222222222], [-0.00625, -0.09722222222222222], [0.04375, -0.05555555555555555], [0.159375, 0.030555555555555555], [0.184375, 0.008333333333333333], [0.0, 0.0], [0.0, 0.0], [0.0, 0.0]], "R-Knee": [[-0.01875, -0.058333333333333334], [-0.01875, -0.058333333333333334], [-0.01875, -0.058333333333333334], [-0.01875, -0.058333333333333334], [0.0140625, -0.05277777777777778], [0.1453125, 0.05], [0.1875, 0.041666666666666664], [0.0, 0.0], [0.0, 0.0], [0.0, 0.0]], "R-Ank": [[-0.01875, -0.011111111111111112], [-0.01875, 0.005555555555555556], [-0.01875, -0.008333333333333333], [-0.01875, -0.011111111111111112], [-0.0109375, -0.025], [0.1265625, 0.08055555555555556], [0.1640625, 0.06388888888888888], [0.0, 0.0], [0.0, 0.0], [0.0, 0.0]], "L-Hip": [[0.0078125, -0.09722222222222222], [0.015625, -0.09722222222222222], [0.0171875, -0.09722222222222222], [0.0171875, -0.09722222222222222], [0.0640625, -0.044444444444444446], [0.1640625, 0.041666666666666664], [0.1828125, 0.027777777777777776], [0.0, 0.0], [0.0, 0.0], [0.0, 0.0]], "L-Knee": [[0.028125, -0.058333333333333334], [0.028125, -0.05555555555555555], [0.0296875, -0.058333333333333334], [0.0296875, -0.05555555555555555], [0.0453125, -0.019444444444444445], [0.1734375, 0.05277777777777778], [0.1875, 0.058333333333333334], [0.0, 0.0], [0.0, 0.0], [0.0, 0.0]], "L-Ank": [[0.0296875, -0.008333333333333333], [0.0296875, 0.008333333333333333], [0.0296875, 0.008333333333333333], [0.0296875, -0.008333333333333333], [0.0046875, 0.030555555555555555], [0.1921875, 0.075], [0.153125, 0.06944444444444445], [0.0, 0.0], [0.0, 0.0], [0.0, 0.0]]}