{"Head": [[-0.00703125, -0.19583333333333333], [-0.003125, -0.19027777777777777], [-0.0015625, -0.17777777777777778], [-0.0046875, -0.17777777777777778], [-0.00390625, -0.19027777777777777], [-0.00546875, -0.15694444444444444], [-0.046875, -0.11527777777777778], [-0.08359375, -0.05416666666666667], [-0.11640625, -0.09722222222222222], [0.0, 0.0]], "R-Sho": [[-0.01640625, -0.16944444444444445], [-0.0140625, -0.175], [-0.009375, -0.1638888888888889], [-0.0109375, -0.16666666666666666], [-0.01171875, -0.16666666666666666], [-0.01015625, -0.1388888888888889], [-0.04375, -0.09583333333333334], [-0.08671875, -0.04027777777777778], [-0.10546875, -0.0763888888888889], [0.0, 0.0]], "R-Elb": [[-0.01953125, -0.15416666666666667], [-0.0140625, -0.175], [-0.01953125, -0.15416666666666667], [-0.0171875, -0.1527777777777778], [-0.01875, -0.14444444444444443], [-0.01796875, -0.1375], [-0.05078125, -0.07916666666666666], [-0.08671875, -0.022222222222222223], [-0.11640625, -0.034722222222222224], [0.0, 0.0]], "R-Wr": [[-0.02109375, -0.14305555555555555], [-0.0203125, -0.15833333333333333], [-0.01953125, -0.14583333333333334], [-0.01875, -0.14305555555555555], [-0.01796875, -0.14305555555555555], [-0.01875, -0.1375], [-0.0546875, -0.05694444444444444], [-0.08515625, -0.011111111111111112], [-0.1171875, -0.0125], [0.0, 0.0]], "L-Sho": [[0.00390625, -0.16944444444444445], [0.0015625, -0.16666666666666666], [0.00078125, -0.1597222222222222], [-0.00078125, -0.16111111111111112], [-0.00546875, -0.1638888888888889], [-0.00078125, -0.14027777777777778], [-0.034375, -0.10833333333333334], [-0.07578125, -0.06111111111111111], [-0.10390625, -0.0763888888888889], [0.0, 0.0]], "L-Elb": [[0.009375, -0.15138888888888888], [0.0078125, -0.16111111111111112], [0.00625, -0.15555555555555556], [0.00625, -0.15416666666666667], [0.00546875, -0.14305555555555555], [0.00546875, -0.1375], [-0.01875, -0.10138888888888889], [-0.06796875, -0.06388888888888888], [-0.10390625, -0.03333333333333333], [0.0, 0.0]], "L-Wr": [[0.01171875, -0.1375], [0.01328125, -0.1388888888888889], [0.0109375, -0.15], [0.01015625, -0.14305555555555555], [0.00546875, -0.14166666666666666], [0.00703125, -0.1361111111111111], [-0.0203125, -0.08888888888888889], [-0.05234375, -0.07222222222222222], [-0.11640625, -0.011111111111111112], [0.0, 0.0]], "R-Hip": [[-0.0078125, -0.14305555555555555], [-0.0125, -0.14444444444444443], [-0.00625, -0.14305555555555555], [-0.01015625, -0.14166666666666666], [-0.00703125, -0.14305555555555555], [-0.015625, -0.11805555555555555], [-0.028125, -0.07916666666666666], [-0.0734375, -0.02361111111111111], [-0.1046875, -0.011111111111111112], [0.0, 0.0]], "R-Knee": [[-0.01640625, -0.12638888888888888], [-0.01484375, -0.12083333333333333], [-0.0125, -0.13055555555555556], [-0.01484375, -0.12638888888888888], [-0.0171875, -0.12777777777777777], [-0.0171875, -0.10972222222222222], [-0.0296875, -0.05], [-0.0796875, 0.0], [-0.115625, 0.030555555555555555], [0.0, 0.0]], "R-Ank": [[-0.01640625, -0.10277777777777777], [-0.01484375, -0.10555555555555556], [-0.0125, -0.12361111111111112], [-0.0171875, -0.1125], [-0.01875, -0.09861111111111111], [-0.01875, -0.075], [-0.0109375, -0.03888888888888889], [-0.06640625, 0.011111111111111112], [-0.10390625, 0.03333333333333333], [0.0, 0.0]], "L-Hip": [[0.00234375, -0.1388888888888889], [0.003125, -0.1527777777777778], [0.003125, -0.14583333333333334], [-0.00546875, -0.1361111111111111], [-0.00546875, -0.14305555555555555], [-0.00390625, -0.11666666666666667], [-0.0171875, -0.08888888888888889], [-0.06328125, -0.02638888888888889], [-0.10390625, -0.011111111111111112], [0.0, 0.0]], "L-Knee": [[0.00625, -0.13333333333333333], [0.0078125, -0.12916666666666668], [0.00703125, -0.12916666666666668], [0.00546875, -0.12638888888888888], [0.00546875, -0.14027777777777778], [0.01171875, -0.10833333333333334], [-0.00390625, -0.07083333333333333], [-0.0515625, -0.011111111111111112], [-0.12890625, 0.009722222222222222], [0.0, 0.0]], "L-Ank": [[0.00859375, -0.11527777777777778], [0.00546875, -0.1], [0.009375, -0.10972222222222222], [0.01015625, -0.10416666666666667], [0.00625, -0.09861111111111111], [0.01328125, -0.09166666666666666], [0.0125, -0.04861111111111111], [-0.028125, 0.018055555555555554], [-0.140625, 0.05416666666666667], [0.0, 0.0]]}