{"Head": [[-0.028125, -0.14583333333333334], [-0.04296875, -0.16527777777777777], [-0.03046875, -0.16527777777777777], [-0.04296875, -0.14166666666666666], [-0.18671875, -0.06388888888888888], [0.0, 0.0], [0.0, 0.0], [0.0, 0.0], [0.0, 0.0], [0.0, 0.0]], "R-Sho": [[-0.0421875, -0.14166666666666666], [-0.05546875, -0.1638888888888889], [-0.04296875, -0.1638888888888889], [-0.0546875, -0.12083333333333333], [-0.19296875, -0.041666666666666664], [0.0, 0.0], [0.0, 0.0], [0.0, 0.0], [0.0, 0.0], [0.0, 0.0]], "R-Elb": [[-0.05390625, -0.12083333333333333], [-0.06640625, -0.14166666666666666], [-0.04375, -0.14166666666666666], [-0.05625, -0.11805555555555555], [-0.2015625, -0.022222222222222223], [0.0, 0.0], [0.0, 0.0], [0.0, 0.0], [0.0, 0.0], [0.0, 0.0]], "R-Wr": [[-0.05546875, -0.09861111111111111], [-0.06796875, -0.11805555555555555], [-0.0546875, -0.11805555555555555], [-0.05546875, -0.09861111111111111], [-0.20703125, 0.005555555555555556], [0.0, 0.0], [0.0, 0.0], [0.0, 0.0], [0.0, 0.0], [0.0, 0.0]], "L-Sho": [[-0.01875, -0.14027777777777778], [-0.0421875, -0.1625], [-0.01953125, -0.1638888888888889], [-0.04296875, -0.12083333333333333], [-0.17421875, -0.06527777777777778], [0.0, 0.0], [0.0, 0.0], [0.0, 0.0], [0.0, 0.0], [0.0, 0.0]], "L-Elb": [[-0.01875, -0.11944444444444445], [-0.03125, -0.14027777777777778], [-0.01875, -0.14166666666666666], [-0.0421875, -0.09861111111111111], [-0.159375, -0.06388888888888888], [0.0, 0.0], [0.0, 0.0], [0.0, 0.0], [0.0, 0.0], [0.0, 0.0]], "L-Wr": [[-0.01796875, -0.09861111111111111], [-0.03125, -0.11944444444444445], [-0.01875, -0.11944444444444445], [-0.03203125, -0.0763888888888889], [-0.15703125, -0.05], [0.0, 0.0], [0.0, 0.0], [0.0, 0.0], [0.0, 0.0], [0.0, 0.0]], "R-Hip": [[-0.03125, -0.09861111111111111], [-0.05546875, -0.11944444444444445], [-0.04296875, -0.11805555555555555], [-0.0546875, -0.07777777777777778], [-0.16328125, -0.022222222222222223], [0.0, 0.0], [0.0, 0.0], [0.0, 0.0], [0.0, 0.0], [0.0, 0.0]], "R-Knee": [[-0.04296875, -0.075], [-0.06640625, -0.0763888888888889], [-0.04453125, -0.0763888888888889], [-0.05546875, -0.05555555555555555], [-0.1421875, -0.008333333333333333], [0.0, 0.0], [0.0, 0.0], [0.0, 0.0], [0.0, 0.0], [0.0, 0.0]], "R-Ank": [[-0.04296875, -0.03333333333333333], [-0.07890625, -0.03333333333333333], [-0.05546875, -0.03333333333333333], [-0.06640625, -0.034722222222222224], [-0.10703125, 0.001388888888888889], [0.0, 0.0], [0.0, 0.0], [0.0, 0.0], [0.0, 0.0], [0.0, 0.0]], "L-Hip": [[-0.01875, -0.09861111111111111], [-0.04296875, -0.11805555555555555], [-0.03046875, -0.11805555555555555], [-0.04296875, -0.07777777777777778], [-0.15, -0.04583333333333333], [0.0, 0.0], [0.0, 0.0], [0.0, 0.0], [0.0, 0.0], [0.0, 0.0]], "L-Knee": [[-0.01796875, -0.0763888888888889], [-0.03125, -0.0763888888888889], [-0.01875, -0.0763888888888889], [-0.03125, -0.05555555555555555], [-0.134375, -0.034722222222222224], [0.0, 0.0], [0.0, 0.0], [0.0, 0.0], [0.0, 0.0], [0.0, 0.0]], "L-Ank": [[-0.00625, -0.03333333333333333], [-0.03046875, -0.034722222222222224], [-0.01796875, -0.03333333333333333], [-0.01875, -0.03333333333333333], [-0.11328125, -0.029166666666666667], [0.0, 0.0], [0.0, 0.0], [0.0, 0.0], [0.0, 0.0], [0.0, 0.0]]}