{"Head": [[-0.028125, -0.06805555555555555], [-0.03515625, -0.04027777777777778], [-0.03671875, -0.04583333333333333], [-0.04296875, -0.05555555555555555], [-0.0453125, -0.06805555555555555], [-0.01328125, -0.018055555555555554], [0.090625, 0.03194444444444444], [0.153125, 0.029166666666666667], [0.0, 0.0], [0.0, 0.0]], "R-Sho": [[-0.0375, -0.05], [-0.04609375, -0.019444444444444445], [-0.046875, -0.04027777777777778], [-0.0546875, -0.034722222222222224], [-0.05234375, -0.04861111111111111], [-0.0234375, 0.0], [0.0796875, 0.03333333333333333], [0.15625, 0.04027777777777778], [0.0, 0.0], [0.0, 0.0]], "R-Elb": [[-0.04609375, -0.041666666666666664], [-0.05078125, -0.009722222222222222], [-0.05234375, -0.029166666666666667], [-0.0546875, -0.03333333333333333], [-0.06953125, -0.04583333333333333], [-0.03203125, 0.013888888888888888], [0.0671875, 0.05416666666666667], [0.15859375, 0.04861111111111111], [0.0, 0.0], [0.0, 0.0]], "R-Wr": [[-0.0484375, -0.022222222222222223], [-0.05078125, 0.009722222222222222], [-0.05546875, -0.001388888888888889], [-0.06171875, -0.013888888888888888], [-0.07578125, -0.03611111111111111], [-0.02421875, 0.020833333333333332], [0.06640625, 0.075], [0.16171875, 0.06388888888888888], [0.0, 0.0], [0.0, 0.0]], "L-Sho": [[-0.0234375, -0.059722222222222225], [-0.02578125, -0.03194444444444444], [-0.03125, -0.03888888888888889], [-0.04296875, -0.0375], [-0.040625, -0.05555555555555555], [-0.0109375, -0.002777777777777778], [0.09140625, 0.05277777777777778], [0.1453125, 0.0375], [0.0, 0.0], [0.0, 0.0]], "L-Elb": [[-0.01328125, -0.043055555555555555], [-0.01875, -0.02361111111111111], [-0.02734375, -0.027777777777777776], [-0.04296875, -0.0375], [-0.02734375, -0.05], [-0.003125, 0.011111111111111112], [0.09140625, 0.075], [0.15234375, 0.05], [0.0, 0.0], [0.0, 0.0]], "L-Wr": [[-0.01015625, -0.03194444444444444], [-0.0203125, 0.008333333333333333], [-0.02578125, -0.013888888888888888], [-0.03125, -0.022222222222222223], [-0.015625, -0.043055555555555555], [-0.0078125, 0.03194444444444444], [0.090625, 0.075], [0.1546875, 0.05555555555555555], [0.0, 0.0], [0.0, 0.0]], "R-Hip": [[-0.03046875, -0.022222222222222223], [-0.0359375, -0.008333333333333333], [-0.0453125, -0.009722222222222222], [-0.0546875, -0.0125], [-0.05234375, -0.020833333333333332], [-0.03125, 0.03333333333333333], [0.06796875, 0.075], [0.13984375, 0.06527777777777778], [0.0, 0.0], [0.0, 0.0]], "R-Knee": [[-0.0359375, 0.001388888888888889], [-0.04140625, 0.018055555555555554], [-0.05078125, 0.0125], [-0.05546875, 0.009722222222222222], [-0.05625, 0.002777777777777778], [-0.04609375, 0.03888888888888889], [0.04296875, 0.0763888888888889], [0.13828125, 0.0875], [0.0, 0.0], [0.0, 0.0]], "R-Ank": [[-0.0390625, 0.018055555555555554], [-0.0421875, 0.0375], [-0.0515625, 0.034722222222222224], [-0.05546875, 0.03194444444444444], [-0.06484375, 0.030555555555555555], [-0.05859375, 0.05138888888888889], [0.034375, 0.08472222222222223], [0.1296875, 0.10138888888888889], [0.0, 0.0], [0.0, 0.0]], "L-Hip": [[-0.02421875, -0.025], [-0.03046875, -0.009722222222222222], [-0.0390625, -0.005555555555555556], [-0.04296875, -0.0125], [-0.04375, -0.02361111111111111], [-0.01328125, 0.034722222222222224], [0.07890625, 0.0763888888888889], [0.14375, 0.06944444444444445], [0.0, 0.0], [0.0, 0.0]], "L-Knee": [[-0.01875, -0.001388888888888889], [-0.0265625, 0.005555555555555556], [-0.03203125, 0.016666666666666666], [-0.04296875, 0.009722222222222222], [-0.04375, 0.001388888888888889], [-0.0171875, 0.04583333333333333], [0.08359375, 0.08888888888888889], [0.14375, 0.06944444444444445], [0.0, 0.0], [0.0, 0.0]], "L-Ank": [[-0.0125, 0.018055555555555554], [-0.021875, 0.034722222222222224], [-0.0296875, 0.0375], [-0.03203125, 0.03194444444444444], [-0.0375, 0.043055555555555555], [-0.021875, 0.059722222222222225], [0.06875, 0.09166666666666666], [0.16953125, 0.10138888888888889], [0.0, 0.0], [0.0, 0.0]]}