{"Head": [[-0.0921875, 0.10694444444444444], [-0.0890625, 0.12222222222222222], [-0.08046875, 0.12638888888888888], [-0.07578125, 0.12361111111111112], [-0.06875, 0.11666666666666667], [-0.05078125, 0.1625], [0.02265625, 0.19444444444444445], [0.0625, 0.2361111111111111], [0.07890625, 0.25], [0.08203125, 0.23194444444444445]], "R-Sho": [[-0.1015625, 0.13194444444444445], [-0.096875, 0.13055555555555556], [-0.09375, 0.14027777777777778], [-0.08203125, 0.1361111111111111], [-0.07109375, 0.1375], [-0.0578125, 0.18055555555555555], [0.015625, 0.2013888888888889], [0.05234375, 0.24861111111111112], [0.08515625, 0.26805555555555555], [0.07890625, 0.25]], "R-Elb": [[-0.10703125, 0.15416666666666667], [-0.10390625, 0.1388888888888889], [-0.09765625, 0.1527777777777778], [-0.09140625, 0.14583333333333334], [-0.07109375, 0.1375], [-0.06640625, 0.18333333333333332], [0.003125, 0.2], [0.046875, 0.225], [0.09375, 0.2722222222222222], [0.09140625, 0.25833333333333336]], "R-Wr": [[-0.1078125, 0.16944444444444445], [-0.10546875, 0.16666666666666666], [-0.10703125, 0.16111111111111112], [-0.10078125, 0.15694444444444444], [-0.084375, 0.13194444444444445], [-0.07109375, 0.18888888888888888], [-0.00703125, 0.2], [0.04765625, 0.20416666666666666], [0.1015625, 0.30416666666666664], [0.10390625, 0.28888888888888886]], "L-Sho": [[-0.0875, 0.12638888888888888], [-0.078125, 0.1388888888888889], [-0.0765625, 0.12916666666666668], [-0.06796875, 0.13472222222222222], [-0.06328125, 0.13333333333333333], [-0.0546875, 0.18333333333333332], [0.0203125, 0.2125], [0.059375, 0.25972222222222224], [0.07890625, 0.26805555555555555], [0.078125, 0.26666666666666666]], "L-Elb": [[-0.07734375, 0.14583333333333334], [-0.07109375, 0.16111111111111112], [-0.06953125, 0.14305555555555555], [-0.059375, 0.14027777777777778], [-0.05390625, 0.13333333333333333], [-0.0484375, 0.19305555555555556], [0.0296875, 0.24583333333333332], [0.06953125, 0.2777777777777778], [0.09453125, 0.29444444444444445], [0.078125, 0.26666666666666666]], "L-Wr": [[-0.07421875, 0.1625], [-0.07109375, 0.175], [-0.06796875, 0.1638888888888889], [-0.04921875, 0.14444444444444443], [-0.04765625, 0.14027777777777778], [-0.03984375, 0.20277777777777778], [0.04140625, 0.2791666666666667], [0.08359375, 0.31666666666666665], [0.10546875, 0.325], [0.10703125, 0.3055555555555556]], "R-Hip": [[-0.09140625, 0.16111111111111112], [-0.09375, 0.1763888888888889], [-0.08671875, 0.16666666666666666], [-0.08125, 0.16666666666666666], [-0.075, 0.18472222222222223], [-0.06796875, 0.2152777777777778], [-0.0078125, 0.22916666666666666], [0.0296875, 0.2875], [0.06875, 0.3], [0.0828125, 0.32222222222222224]], "R-Knee": [[-0.1015625, 0.19027777777777777], [-0.10390625, 0.19305555555555556], [-0.09609375, 0.18333333333333332], [-0.0890625, 0.19027777777777777], [-0.08671875, 0.2111111111111111], [-0.08515625, 0.2361111111111111], [-0.03515625, 0.23333333333333334], [0.01171875, 0.25833333333333336], [0.0375, 0.28055555555555556], [0.0671875, 0.2847222222222222]], "R-Ank": [[-0.10234375, 0.21805555555555556], [-0.10546875, 0.225], [-0.11015625, 0.2125], [-0.10078125, 0.20833333333333334], [-0.10546875, 0.23194444444444445], [-0.1046875, 0.2513888888888889], [-0.06796875, 0.23333333333333334], [-0.00859375, 0.22916666666666666], [0.0109375, 0.3], [0.06328125, 0.34444444444444444]], "L-Hip": [[-0.08515625, 0.16111111111111112], [-0.08203125, 0.16666666666666666], [-0.0765625, 0.16805555555555557], [-0.07265625, 0.1638888888888889], [-0.0640625, 0.18194444444444444], [-0.05546875, 0.2125], [-0.00390625, 0.24305555555555555], [0.03203125, 0.30694444444444446], [0.0671875, 0.32222222222222224], [0.08671875, 0.3388888888888889]], "L-Knee": [[-0.08125, 0.18611111111111112], [-0.0796875, 0.19722222222222222], [-0.07578125, 0.18472222222222223], [-0.0609375, 0.18333333333333332], [-0.05703125, 0.2111111111111111], [-0.05625, 0.24861111111111112], [-0.00703125, 0.28055555555555556], [0.0046875, 0.3055555555555556], [0.05, 0.325], [0.03515625, 0.30416666666666664]], "L-Ank": [[-0.07265625, 0.225], [-0.0765625, 0.23194444444444445], [-0.0734375, 0.2111111111111111], [-0.05234375, 0.20555555555555555], [-0.04453125, 0.24305555555555555], [-0.07109375, 0.27361111111111114], [-0.0421875, 0.2861111111111111], [-0.02109375, 0.3277777777777778], [0.0234375, 0.33194444444444443], [0.01171875, 0.31666666666666665]]}