{"Head": [[0.00390625, -0.2152777777777778], [0.0078125, -0.21944444444444444], [0.0078125, -0.2111111111111111], [0.00625, -0.20694444444444443], [-0.04140625, -0.16111111111111112], [-0.12734375, -0.11388888888888889], [-0.1546875, -0.09166666666666666], [0.0, 0.0], [0.0, 0.0], [0.0, 0.0]], "R-Sho": [[-0.00625, -0.20833333333333334], [-0.009375, -0.20694444444444443], [-0.0078125, -0.20416666666666666], [-0.01875, -0.1875], [-0.05859375, -0.1388888888888889], [-0.140625, -0.0763888888888889], [-0.15390625, -0.075], [0.0, 0.0], [0.0, 0.0], [0.0, 0.0]], "R-Elb": [[-0.021875, -0.19166666666666668], [-0.025, -0.18333333333333332], [-0.02265625, -0.1736111111111111], [-0.0421875, -0.1638888888888889], [-0.07265625, -0.10555555555555556], [-0.1625, -0.03333333333333333], [-0.17265625, -0.044444444444444446], [0.0, 0.0], [0.0, 0.0], [0.0, 0.0]], "R-Wr": [[-0.03125, -0.12777777777777777], [-0.0265625, -0.13194444444444445], [-0.03046875, -0.12083333333333333], [-0.04296875, -0.12083333333333333], [-0.08046875, -0.07777777777777778], [-0.18203125, 0.009722222222222222], [-0.18671875, 0.004166666666666667], [0.0, 0.0], [0.0, 0.0], [0.0, 0.0]], "L-Sho": [[0.01953125, -0.20972222222222223], [0.02265625, -0.20416666666666666], [0.0234375, -0.2], [0.0171875, -0.20555555555555555], [-0.02109375, -0.14444444444444443], [-0.11953125, -0.09583333333333334], [-0.159375, -0.07083333333333333], [0.0, 0.0], [0.0, 0.0], [0.0, 0.0]], "L-Elb": [[0.03359375, -0.16805555555555557], [0.0328125, -0.16111111111111112], [0.0390625, -0.1625], [0.01875, -0.1638888888888889], [-0.00546875, -0.125], [-0.09140625, -0.10694444444444444], [-0.16953125, -0.05277777777777778], [0.0, 0.0], [0.0, 0.0], [0.0, 0.0]], "L-Wr": [[0.04296875, -0.12777777777777777], [0.040625, -0.13333333333333333], [0.0421875, -0.12083333333333333], [0.03046875, -0.14166666666666666], [0.0046875, -0.10833333333333334], [-0.05703125, -0.11388888888888889], [-0.1828125, -0.009722222222222222], [0.0, 0.0], [0.0, 0.0], [0.0, 0.0]], "R-Hip": [[-0.00390625, -0.11666666666666667], [-0.00390625, -0.1361111111111111], [-0.00703125, -0.12222222222222222], [-0.01875, -0.14027777777777778], [-0.03203125, -0.09166666666666666], [-0.1078125, -0.030555555555555555], [-0.1390625, -0.005555555555555556], [0.0, 0.0], [0.0, 0.0], [0.0, 0.0]], "R-Knee": [[-0.01953125, -0.08333333333333333], [-0.01953125, -0.09027777777777778], [-0.0203125, -0.08055555555555556], [-0.03125, -0.09861111111111111], [-0.0421875, -0.04861111111111111], [-0.0765625, -0.009722222222222222], [-0.0921875, -0.05555555555555555], [0.0, 0.0], [0.0, 0.0], [0.0, 0.0]], "R-Ank": [[-0.0359375, -0.02638888888888889], [-0.03125, -0.04861111111111111], [-0.03203125, -0.03194444444444444], [-0.03046875, -0.03333333333333333], [-0.015625, -0.009722222222222222], [-0.04375, 0.015277777777777777], [-0.05703125, -0.013888888888888888], [0.0, 0.0], [0.0, 0.0], [0.0, 0.0]], "L-Hip": [[0.01796875, -0.11666666666666667], [0.01796875, -0.14583333333333334], [0.021875, -0.12777777777777777], [0.00625, -0.14166666666666666], [-0.01640625, -0.1], [-0.09765625, -0.04861111111111111], [-0.1296875, -0.0125], [0.0, 0.0], [0.0, 0.0], [0.0, 0.0]], "L-Knee": [[0.03984375, -0.05694444444444444], [0.02734375, -0.09722222222222222], [0.04140625, -0.07777777777777778], [0.0296875, -0.09722222222222222], [0.00859375, -0.07361111111111111], [-0.07734375, -0.03611111111111111], [-0.08984375, -0.06666666666666667], [0.0, 0.0], [0.0, 0.0], [0.0, 0.0]], "L-Ank": [[0.0453125, -0.013888888888888888], [0.040625, -0.04027777777777778], [0.0421875, -0.03194444444444444], [0.0421875, -0.03194444444444444], [0.05390625, -0.020833333333333332], [-0.0421875, -0.019444444444444445], [-0.059375, -0.009722222222222222], [0.0, 0.0], [0.0, 0.0], [0.0, 0.0]]}