{"Head": [[0.01796875, -0.31666666666666665], [0.01796875, -0.29305555555555557], [0.0296875, -0.2513888888888889], [-0.01640625, -0.14583333333333334], [-0.20859375, 0.006944444444444444], [-0.24375, 0.05416666666666667], [-0.29140625, -0.05555555555555555], [-0.33125, -0.16666666666666666], [0.0, 0.0], [0.0, 0.0]], "R-Sho": [[0.0046875, -0.2722222222222222], [0.0046875, -0.25], [0.00625, -0.22777777777777777], [-0.0359375, -0.07916666666666666], [-0.209375, 0.06388888888888888], [-0.2453125, 0.08055555555555556], [-0.2921875, -0.019444444444444445], [-0.3296875, -0.10138888888888889], [0.0, 0.0], [0.0, 0.0]], "R-Elb": [[-0.00625, -0.20694444444444443], [-0.00703125, -0.18472222222222223], [-0.00546875, -0.1638888888888889], [-0.03203125, -0.03194444444444444], [-0.2109375, 0.10694444444444444], [-0.23671875, 0.09583333333333334], [-0.29609375, 0.03194444444444444], [-0.32109375, -0.06111111111111111], [0.0, 0.0], [0.0, 0.0]], "R-Wr": [[-0.00703125, -0.14305555555555555], [-0.00703125, -0.12083333333333333], [-0.00625, -0.11944444444444445], [-0.0234375, -0.004166666666666667], [-0.1953125, 0.125], [-0.22421875, 0.11527777777777778], [-0.29609375, 0.07222222222222222], [-0.29453125, -0.0125], [0.0, 0.0], [0.0, 0.0]], "L-Sho": [[0.0421875, -0.27361111111111114], [0.04140625, -0.25], [0.05390625, -0.22916666666666666], [0.00625, -0.12638888888888888], [-0.19453125, 0.05138888888888889], [-0.23125, 0.04583333333333333], [-0.271875, -0.034722222222222224], [-0.309375, -0.12777777777777777], [0.0, 0.0], [0.0, 0.0]], "L-Elb": [[0.05390625, -0.20972222222222223], [0.04296875, -0.18611111111111112], [0.06640625, -0.18472222222222223], [0.034375, -0.0625], [-0.1734375, 0.0375], [-0.21875, 0.03333333333333333], [-0.25, -0.05138888888888889], [-0.2828125, -0.09722222222222222], [0.0, 0.0], [0.0, 0.0]], "L-Wr": [[0.05390625, -0.1625], [0.04296875, -0.12083333333333333], [0.06640625, -0.14027777777777778], [0.0234375, -0.016666666666666666], [-0.153125, 0.029166666666666667], [-0.20703125, -0.008333333333333333], [-0.23203125, -0.06805555555555555], [-0.2640625, -0.06388888888888888], [0.0, 0.0], [0.0, 0.0]], "R-Hip": [[0.00546875, -0.14166666666666666], [0.00546875, -0.11944444444444445], [0.01796875, -0.1], [0.003125, -0.004166666666666667], [-0.15625, 0.1111111111111111], [-0.20859375, 0.08055555555555556], [-0.26953125, 0.020833333333333332], [-0.2984375, -0.05694444444444444], [0.0, 0.0], [0.0, 0.0]], "R-Knee": [[-0.00625, -0.03333333333333333], [-0.00703125, -0.0125], [-0.00625, -0.013888888888888888], [-0.003125, 0.04722222222222222], [-0.1078125, 0.11666666666666667], [-0.19296875, 0.10277777777777777], [-0.25546875, 0.05], [-0.26953125, 0.04583333333333333], [0.0, 0.0], [0.0, 0.0]], "R-Ank": [[-0.00703125, 0.07361111111111111], [-0.01875, 0.075], [-0.01875, 0.075], [0.028125, 0.09583333333333334], [-0.0671875, 0.11805555555555555], [-0.17734375, 0.05555555555555555], [-0.23828125, 0.09444444444444444], [-0.23515625, 0.08333333333333333], [0.0, 0.0], [0.0, 0.0]], "L-Hip": [[0.03125, -0.14305555555555555], [0.03046875, -0.11944444444444445], [0.04296875, -0.1], [0.0171875, -0.015277777777777777], [-0.14296875, 0.05694444444444444], [-0.20625, 0.09861111111111111], [-0.24453125, 0.006944444444444444], [-0.28984375, -0.058333333333333334], [0.0, 0.0], [0.0, 0.0]], "L-Knee": [[0.053125, -0.034722222222222224], [0.05390625, -0.0125], [0.05546875, -0.03333333333333333], [0.059375, 0.02638888888888889], [-0.09765625, 0.03333333333333333], [-0.1953125, 0.04583333333333333], [-0.225, 0.029166666666666667], [-0.25546875, 0.009722222222222222], [0.0, 0.0], [0.0, 0.0]], "L-Ank": [[0.0546875, 0.05555555555555555], [0.05546875, 0.075], [0.07890625, 0.05416666666666667], [0.10234375, 0.08055555555555556], [-0.06015625, 0.019444444444444445], [-0.15703125, 0.06111111111111111], [-0.20078125, 0.07916666666666666], [-0.21015625, 0.075], [0.0, 0.0], [0.0, 0.0]]}