{"Head": [[-0.09609375, -0.17222222222222222], [-0.08046875, -0.1625], [-0.05625, -0.14166666666666666], [-0.03125, -0.12083333333333333], [-0.0265625, -0.1361111111111111], [0.02890625, -0.08333333333333333], [0.1078125, -0.043055555555555555], [0.09921875, -0.06666666666666667], [0.0, 0.0], [0.0, 0.0]], "R-Sho": [[-0.115625, -0.14166666666666666], [-0.10390625, -0.12083333333333333], [-0.07890625, -0.11805555555555555], [-0.04375, -0.09861111111111111], [-0.04296875, -0.09861111111111111], [0.0125, -0.06111111111111111], [0.090625, -0.03333333333333333], [0.1078125, -0.05], [0.0, 0.0], [0.0, 0.0]], "R-Elb": [[-0.11640625, -0.09861111111111111], [-0.115625, -0.07777777777777778], [-0.09140625, -0.0763888888888889], [-0.05546875, -0.075], [-0.04375, -0.0763888888888889], [0.00546875, -0.022222222222222223], [0.065625, -0.03333333333333333], [0.1203125, -0.06527777777777778], [0.0, 0.0], [0.0, 0.0]], "R-Wr": [[-0.11640625, -0.05555555555555555], [-0.11640625, -0.05416666666666667], [-0.10390625, -0.034722222222222224], [-0.06796875, -0.034722222222222224], [-0.06640625, -0.03333333333333333], [0.01171875, 0.013888888888888888], [0.03125, -0.034722222222222224], [0.12578125, -0.03333333333333333], [0.0, 0.0], [0.0, 0.0]], "L-Sho": [[-0.0796875, -0.14166666666666666], [-0.06875, -0.12083333333333333], [-0.0421875, -0.10555555555555556], [-0.01875, -0.09861111111111111], [-0.0078125, -0.10555555555555556], [0.0328125, -0.05138888888888889], [0.115625, -0.011111111111111112], [0.0984375, -0.02361111111111111], [0.0, 0.0], [0.0, 0.0]], "L-Elb": [[-0.0796875, -0.09861111111111111], [-0.0671875, -0.0763888888888889], [-0.03125, -0.0763888888888889], [-0.00625, -0.05555555555555555], [0.00078125, -0.07361111111111111], [0.04609375, -0.025], [0.12734375, 0.03194444444444444], [0.0984375, -0.02361111111111111], [0.0, 0.0], [0.0, 0.0]], "L-Wr": [[-0.0796875, -0.05555555555555555], [-0.0671875, -0.05416666666666667], [-0.03046875, -0.05416666666666667], [0.00546875, -0.03333333333333333], [0.0171875, -0.03333333333333333], [0.07578125, 0.03194444444444444], [0.1390625, 0.05555555555555555], [0.09609375, -0.001388888888888889], [0.0, 0.0], [0.0, 0.0]], "R-Hip": [[-0.10390625, -0.05555555555555555], [-0.10390625, -0.05416666666666667], [-0.0671875, -0.034722222222222224], [-0.04296875, -0.03333333333333333], [-0.03125, -0.03333333333333333], [-0.00703125, 0.004166666666666667], [0.07890625, 0.03194444444444444], [0.1171875, 0.005555555555555556], [0.0, 0.0], [0.0, 0.0]], "R-Knee": [[-0.11640625, -0.009722222222222222], [-0.11640625, -0.009722222222222222], [-0.0796875, -0.011111111111111112], [-0.05546875, 0.009722222222222222], [-0.04375, 0.011111111111111112], [-0.03125, 0.03611111111111111], [0.06640625, 0.011111111111111112], [0.13125, 0.02361111111111111], [0.0, 0.0], [0.0, 0.0]], "R-Ank": [[-0.128125, 0.05416666666666667], [-0.128125, 0.05416666666666667], [-0.0796875, 0.05416666666666667], [-0.05546875, 0.05555555555555555], [-0.0546875, 0.05416666666666667], [-0.05859375, 0.07916666666666666], [0.05390625, 0.07361111111111111], [0.1265625, 0.06805555555555555], [0.0, 0.0], [0.0, 0.0]], "L-Hip": [[-0.09140625, -0.06666666666666667], [-0.08046875, -0.05277777777777778], [-0.04375, -0.05277777777777778], [-0.01875, -0.03333333333333333], [-0.015625, -0.043055555555555555], [0.02265625, 0.002777777777777778], [0.0921875, 0.05416666666666667], [0.11015625, 0.016666666666666666], [0.0, 0.0], [0.0, 0.0]], "L-Knee": [[-0.0796875, -0.011111111111111112], [-0.07890625, -0.009722222222222222], [-0.03046875, -0.03194444444444444], [-0.00625, 0.009722222222222222], [0.00546875, 0.009722222222222222], [0.0375, 0.03611111111111111], [0.103125, 0.075], [0.1125, 0.043055555555555555], [0.0, 0.0], [0.0, 0.0]], "L-Ank": [[-0.0796875, 0.05416666666666667], [-0.06796875, 0.05416666666666667], [-0.03046875, 0.05277777777777778], [0.00625, 0.075], [0.00625, 0.075], [0.00859375, 0.07777777777777778], [0.09140625, 0.075], [0.11171875, 0.06944444444444445], [0.0, 0.0], [0.0, 0.0]]}