{"Head": [[0.0296875, -0.22916666666666666], [0.0296875, -0.22777777777777777], [0.0296875, -0.20833333333333334], [0.01796875, -0.18611111111111112], [-0.01875, -0.15], [-0.12578125, -0.10555555555555556], [-0.2046875, -0.041666666666666664], [-0.26015625, -0.0125], [-0.2703125, 0.005555555555555556], [-0.2921875, -0.006944444444444444]], "R-Sho": [[0.00625, -0.20694444444444443], [0.00625, -0.20694444444444443], [0.0171875, -0.18611111111111112], [0.0046875, -0.1638888888888889], [-0.03046875, -0.11527777777777778], [-0.12890625, -0.07222222222222222], [-0.19921875, -0.018055555555555554], [-0.25546875, 0.018055555555555554], [-0.26484375, 0.030555555555555555], [-0.2875, 0.011111111111111112]], "R-Elb": [[0.00546875, -0.1625], [0.0046875, -0.1638888888888889], [0.00546875, -0.1625], [-0.01796875, -0.12083333333333333], [-0.03984375, -0.08472222222222223], [-0.146875, -0.10555555555555556], [-0.2109375, 0.013888888888888888], [-0.26015625, 0.0375], [-0.2625, 0.041666666666666664], [-0.296875, 0.022222222222222223]], "R-Wr": [[-0.00625, -0.11944444444444445], [-0.00625, -0.14166666666666666], [-0.00625, -0.11944444444444445], [-0.01953125, -0.09861111111111111], [-0.05234375, -0.05], [-0.15859375, -0.11666666666666667], [-0.2265625, 0.041666666666666664], [-0.28125, 0.030555555555555555], [-0.27890625, 0.03888888888888889], [-0.309375, 0.03611111111111111]], "L-Sho": [[0.0421875, -0.20694444444444443], [0.0421875, -0.1875], [0.0421875, -0.18611111111111112], [0.03046875, -0.1638888888888889], [-0.00234375, -0.11944444444444445], [-0.109375, -0.10833333333333334], [-0.1890625, -0.034722222222222224], [-0.246875, -0.0125], [-0.259375, -0.022222222222222223], [-0.278125, -0.008333333333333333]], "L-Elb": [[0.05390625, -0.1638888888888889], [0.05390625, -0.1638888888888889], [0.05390625, -0.1625], [0.05390625, -0.12222222222222222], [0.01171875, -0.10555555555555556], [-0.1265625, -0.12777777777777777], [-0.19453125, -0.06527777777777778], [-0.228125, -0.02638888888888889], [-0.271875, -0.034722222222222224], [-0.27578125, -0.03194444444444444]], "L-Wr": [[0.05390625, -0.11944444444444445], [0.05390625, -0.12083333333333333], [0.05390625, -0.12083333333333333], [0.06640625, -0.09861111111111111], [0.01484375, -0.06666666666666667], [-0.1421875, -0.1486111111111111], [-0.21640625, -0.075], [-0.2375, -0.001388888888888889], [-0.29765625, -0.043055555555555555], [-0.271875, -0.059722222222222225]], "R-Hip": [[0.01796875, -0.11944444444444445], [0.0171875, -0.11944444444444445], [0.0171875, -0.11805555555555555], [0.00546875, -0.09722222222222222], [-0.0078125, -0.05277777777777778], [-0.0859375, -0.025], [-0.14609375, 0.03194444444444444], [-0.21015625, 0.05], [-0.234375, 0.030555555555555555], [-0.24921875, 0.0375]], "R-Knee": [[0.00546875, -0.05416666666666667], [0.00546875, -0.05555555555555555], [-0.00546875, -0.05416666666666667], [-0.01875, -0.05416666666666667], [-0.0171875, -0.001388888888888889], [-0.0515625, 0.013888888888888888], [-0.11953125, 0.03611111111111111], [-0.17265625, 0.06666666666666667], [-0.196875, 0.041666666666666664], [-0.23203125, 0.02361111111111111]], "R-Ank": [[-0.00625, 0.03194444444444444], [-0.00546875, 0.011111111111111112], [-0.00703125, 0.030555555555555555], [-0.00625, 0.011111111111111112], [0.01328125, 0.03611111111111111], [0.00625, 0.04722222222222222], [-0.0796875, 0.04583333333333333], [-0.153125, 0.03611111111111111], [-0.1640625, 0.034722222222222224], [-0.21875, 0.019444444444444445]], "L-Hip": [[0.0421875, -0.11944444444444445], [0.04140625, -0.11944444444444445], [0.03125, -0.1], [0.0296875, -0.09722222222222222], [-0.00078125, -0.05416666666666667], [-0.08046875, -0.059722222222222225], [-0.13984375, 0.004166666666666667], [-0.1953125, 0.0125], [-0.23828125, 0.006944444444444444], [-0.253125, 0.015277777777777777]], "L-Knee": [[0.05390625, -0.05416666666666667], [0.0421875, -0.05416666666666667], [0.05390625, -0.034722222222222224], [0.0421875, -0.05555555555555555], [0.028125, -0.016666666666666666], [-0.0359375, -0.013888888888888888], [-0.09609375, 0.018055555555555554], [-0.15078125, 0.019444444444444445], [-0.209375, -0.013888888888888888], [-0.2359375, 0.009722222222222222]], "L-Ank": [[0.06640625, 0.011111111111111112], [0.0546875, 0.0125], [0.065625, 0.03194444444444444], [0.05546875, 0.011111111111111112], [0.0703125, 0.04027777777777778], [0.0046875, 0.02361111111111111], [-0.0609375, 0.04861111111111111], [-0.12890625, 0.0375], [-0.18828125, -0.02638888888888889], [-0.21015625, 0.004166666666666667]]}