{"Head": [[0.00546875, -0.14166666666666666], [0.00546875, -0.14166666666666666], [0.00546875, -0.09861111111111111], [0.00078125, -0.08888888888888889], [0.0203125, -0.05], [0.11171875, 0.030555555555555555], [0.15078125, 0.04722222222222222], [0.1640625, 0.03611111111111111], [0.0, 0.0], [0.0, 0.0]], "R-Sho": [[-0.00625, -0.11944444444444445], [-0.00703125, -0.1], [-0.00625, -0.0763888888888889], [-0.015625, -0.06944444444444445], [0.0125, -0.029166666666666667], [0.0921875, 0.05138888888888889], [0.134375, 0.05416666666666667], [0.15546875, 0.030555555555555555], [0.0, 0.0], [0.0, 0.0]], "R-Elb": [[-0.00703125, -0.0763888888888889], [-0.00703125, -0.05694444444444444], [-0.01796875, -0.04861111111111111], [-0.025, -0.05], [-0.00625, -0.022222222222222223], [0.06484375, 0.04722222222222222], [0.1171875, 0.05555555555555555], [0.1640625, 0.04722222222222222], [0.0, 0.0], [0.0, 0.0]], "R-Wr": [[-0.00703125, -0.05416666666666667], [-0.0078125, -0.03333333333333333], [-0.0234375, -0.019444444444444445], [-0.03046875, -0.008333333333333333], [-0.01015625, 0.015277777777777777], [0.0625, 0.0763888888888889], [0.10234375, 0.05555555555555555], [0.175, 0.059722222222222225], [0.0, 0.0], [0.0, 0.0]], "L-Sho": [[0.01796875, -0.11944444444444445], [0.01796875, -0.1], [0.00546875, -0.0763888888888889], [0.01328125, -0.06944444444444445], [0.0296875, -0.02361111111111111], [0.10625, 0.059722222222222225], [0.14765625, 0.05694444444444444], [0.13671875, 0.04583333333333333], [0.0, 0.0], [0.0, 0.0]], "L-Elb": [[0.01875, -0.0763888888888889], [0.01796875, -0.075], [0.0171875, -0.034722222222222224], [0.01796875, -0.03888888888888889], [0.0421875, -0.008333333333333333], [0.11796875, 0.10972222222222222], [0.1484375, 0.075], [0.146875, 0.05], [0.0, 0.0], [0.0, 0.0]], "L-Wr": [[0.01875, -0.05416666666666667], [0.01796875, -0.03333333333333333], [0.0265625, -0.006944444444444444], [0.025, -0.002777777777777778], [0.05, 0.018055555555555554], [0.09921875, 0.10972222222222222], [0.15546875, 0.08472222222222223], [0.17734375, 0.06527777777777778], [0.0, 0.0], [0.0, 0.0]], "R-Hip": [[-0.00625, -0.034722222222222224], [-0.00625, -0.03333333333333333], [-0.00625, -0.0125], [-0.0140625, -0.015277777777777777], [0.009375, 0.022222222222222223], [0.07109375, 0.08194444444444444], [0.1265625, 0.07777777777777778], [0.14765625, 0.0763888888888889], [0.0, 0.0], [0.0, 0.0]], "R-Knee": [[-0.00703125, 0.011111111111111112], [-0.01875, 0.030555555555555555], [-0.02265625, 0.034722222222222224], [-0.02265625, 0.019444444444444445], [-0.0125, 0.05555555555555555], [0.03125, 0.09166666666666666], [0.1078125, 0.0875], [0.14921875, 0.10277777777777777], [0.0, 0.0], [0.0, 0.0]], "R-Ank": [[-0.01796875, 0.075], [-0.01953125, 0.075], [-0.03203125, 0.07083333333333333], [-0.0296875, 0.05694444444444444], [-0.03203125, 0.09444444444444444], [0.00703125, 0.10555555555555556], [0.1390625, 0.08472222222222223], [0.13203125, 0.125], [0.0, 0.0], [0.0, 0.0]], "L-Hip": [[0.0171875, -0.034722222222222224], [0.00625, -0.03333333333333333], [0.009375, -0.004166666666666667], [0.00625, -0.015277777777777777], [0.021875, 0.027777777777777776], [0.0765625, 0.10138888888888889], [0.12421875, 0.10416666666666667], [0.153125, 0.07361111111111111], [0.0, 0.0], [0.0, 0.0]], "L-Knee": [[0.0171875, 0.011111111111111112], [0.01796875, 0.011111111111111112], [0.01796875, 0.022222222222222223], [0.01171875, 0.020833333333333332], [0.04609375, 0.044444444444444446], [0.04140625, 0.10138888888888889], [0.11640625, 0.11527777777777778], [0.17265625, 0.09305555555555556], [0.0, 0.0], [0.0, 0.0]], "L-Ank": [[0.01796875, 0.075], [0.01796875, 0.075], [0.03203125, 0.0763888888888889], [0.02578125, 0.058333333333333334], [0.03125, 0.08194444444444444], [0.0109375, 0.11805555555555555], [0.16953125, 0.11944444444444445], [0.19921875, 0.1361111111111111], [0.0, 0.0], [0.0, 0.0]]}