{"Head": [[0.01796875, -0.29444444444444445], [0.0171875, -0.29444444444444445], [0.0171875, -0.27361111111111114], [0.00625, -0.2722222222222222], [-0.00625, -0.22916666666666666], [-0.05546875, -0.1638888888888889], [-0.12734375, -0.11944444444444445], [-0.1609375, -0.12083333333333333], [-0.18828125, -0.12083333333333333], [-0.1765625, -0.1638888888888889]], "R-Sho": [[0.00546875, -0.2722222222222222], [0.00546875, -0.2722222222222222], [-0.00546875, -0.2513888888888889], [-0.00546875, -0.2513888888888889], [-0.01875, -0.20833333333333334], [-0.05625, -0.14305555555555555], [-0.134375, -0.08055555555555556], [-0.1734375, -0.0875], [-0.178125, -0.09861111111111111], [-0.17734375, -0.14166666666666666]], "R-Elb": [[-0.00625, -0.22916666666666666], [-0.00625, -0.22916666666666666], [-0.00625, -0.22777777777777777], [-0.00625, -0.22777777777777777], [-0.03046875, -0.18611111111111112], [-0.06640625, -0.12083333333333333], [-0.15234375, -0.05416666666666667], [-0.1890625, -0.05555555555555555], [-0.190625, -0.05555555555555555], [-0.1890625, -0.09861111111111111]], "R-Wr": [[-0.00625, -0.20694444444444443], [-0.00625, -0.20555555555555555], [-0.00625, -0.18611111111111112], [-0.00703125, -0.1875], [-0.0296875, -0.1625], [-0.05546875, -0.12083333333333333], [-0.1640625, -0.022222222222222223], [-0.20078125, -0.0125], [-0.20078125, -0.015277777777777777], [-0.18984375, -0.03194444444444444]], "L-Sho": [[0.0296875, -0.2722222222222222], [0.0296875, -0.2722222222222222], [0.02890625, -0.2513888888888889], [0.01875, -0.2513888888888889], [0.00625, -0.22777777777777777], [-0.04296875, -0.1638888888888889], [-0.11640625, -0.09861111111111111], [-0.15234375, -0.09722222222222222], [-0.1640625, -0.1111111111111111], [-0.15390625, -0.14444444444444443]], "L-Elb": [[0.03046875, -0.22916666666666666], [0.0296875, -0.22916666666666666], [0.03046875, -0.22777777777777777], [0.03046875, -0.20833333333333334], [0.02890625, -0.1875], [-0.01953125, -0.14166666666666666], [-0.1015625, -0.10277777777777777], [-0.12265625, -0.09861111111111111], [-0.14140625, -0.12916666666666668], [-0.1296875, -0.14166666666666666]], "L-Wr": [[0.0296875, -0.2513888888888889], [0.03671875, -0.19583333333333333], [0.03046875, -0.18472222222222223], [0.03046875, -0.18472222222222223], [0.0296875, -0.16527777777777777], [-0.01875, -0.11944444444444445], [-0.07421875, -0.12638888888888888], [-0.15390625, -0.07361111111111111], [-0.115625, -0.14583333333333334], [-0.128125, -0.11805555555555555]], "R-Hip": [[0.00625, -0.20555555555555555], [0.00546875, -0.20555555555555555], [0.00546875, -0.18611111111111112], [0.00546875, -0.18611111111111112], [-0.00703125, -0.14305555555555555], [-0.04296875, -0.09861111111111111], [-0.09921875, -0.05555555555555555], [-0.15234375, -0.03333333333333333], [-0.159375, -0.058333333333333334], [-0.16484375, -0.09861111111111111]], "R-Knee": [[0.00546875, -0.14166666666666666], [0.00546875, -0.14166666666666666], [-0.00546875, -0.14027777777777778], [-0.00625, -0.12222222222222222], [-0.01875, -0.11805555555555555], [-0.03125, -0.0763888888888889], [-0.109375, -0.02361111111111111], [-0.1234375, -0.016666666666666666], [-0.14453125, -0.025], [-0.17734375, -0.075]], "R-Ank": [[-0.00546875, -0.09722222222222222], [-0.00625, -0.07777777777777778], [-0.00703125, -0.0763888888888889], [-0.00703125, -0.0763888888888889], [-0.00703125, -0.05555555555555555], [-0.00703125, -0.034722222222222224], [-0.07578125, -0.02361111111111111], [-0.096875, -0.016666666666666666], [-0.12421875, -0.002777777777777778], [-0.17734375, -0.0125]], "L-Hip": [[0.02890625, -0.20555555555555555], [0.01796875, -0.20555555555555555], [0.01796875, -0.18611111111111112], [0.01796875, -0.18611111111111112], [0.00625, -0.14305555555555555], [-0.03046875, -0.11944444444444445], [-0.09453125, -0.06388888888888888], [-0.13984375, -0.05555555555555555], [-0.146875, -0.07083333333333333], [-0.13828125, -0.10694444444444444]], "L-Knee": [[0.0296875, -0.14305555555555555], [0.0296875, -0.14166666666666666], [0.01875, -0.12222222222222222], [0.01796875, -0.12083333333333333], [0.01796875, -0.11944444444444445], [-0.0296875, -0.07777777777777778], [-0.0734375, -0.06527777777777778], [-0.11640625, -0.05555555555555555], [-0.13203125, -0.041666666666666664], [-0.140625, -0.05694444444444444]], "L-Ank": [[0.03046875, -0.09861111111111111], [0.0296875, -0.07777777777777778], [0.0296875, -0.0763888888888889], [0.01875, -0.0763888888888889], [0.0296875, -0.05694444444444444], [-0.00625, -0.034722222222222224], [-0.03828125, -0.05416666666666667], [-0.0765625, -0.02361111111111111], [-0.1171875, -0.018055555555555554], [-0.128125, 0.008333333333333333]]}