{"Head": [[0.009375, 0.06666666666666667], [0.00546875, 0.03194444444444444], [0.00546875, -0.03333333333333333], [0.00546875, -0.03333333333333333], [0.00546875, -0.011111111111111112], [0.0953125, 0.075], [0.2078125, 0.12638888888888888], [0.0, 0.0], [0.0, 0.0], [0.0, 0.0]], "R-Sho": [[-0.00625, 0.075], [-0.00625, 0.05277777777777778], [-0.00703125, 0.009722222222222222], [-0.00703125, -0.009722222222222222], [-0.00703125, 0.030555555555555555], [0.07421875, 0.09166666666666666], [0.18828125, 0.1638888888888889], [0.0, 0.0], [0.0, 0.0], [0.0, 0.0]], "R-Elb": [[-0.01796875, 0.09722222222222222], [-0.0078125, 0.075], [-0.01875, 0.05138888888888889], [-0.01875, 0.03333333333333333], [-0.01953125, 0.05416666666666667], [0.05390625, 0.09861111111111111], [0.19921875, 0.1763888888888889], [0.0, 0.0], [0.0, 0.0], [0.0, 0.0]], "R-Wr": [[-0.01796875, 0.11805555555555555], [-0.00703125, 0.09583333333333334], [-0.01875, 0.075], [-0.01953125, 0.05555555555555555], [-0.03125, 0.0763888888888889], [0.0296875, 0.10694444444444444], [0.21953125, 0.18055555555555555], [0.0, 0.0], [0.0, 0.0], [0.0, 0.0]], "L-Sho": [[0.01796875, 0.075], [0.01796875, 0.05277777777777778], [0.01796875, 0.009722222222222222], [0.01796875, -0.011111111111111112], [0.01796875, 0.0125], [0.0984375, 0.10694444444444444], [0.2125, 0.20416666666666666], [0.0, 0.0], [0.0, 0.0], [0.0, 0.0]], "L-Elb": [[0.01875, 0.09722222222222222], [0.0296875, 0.075], [0.02890625, 0.03333333333333333], [0.0296875, 0.03194444444444444], [0.03046875, 0.05277777777777778], [0.09921875, 0.13333333333333333], [0.21171875, 0.23333333333333334], [0.0, 0.0], [0.0, 0.0], [0.0, 0.0]], "L-Wr": [[0.01796875, 0.11805555555555555], [0.025, 0.10277777777777777], [0.0296875, 0.07361111111111111], [0.0296875, 0.05555555555555555], [0.04140625, 0.075], [0.09375, 0.16527777777777777], [0.22578125, 0.28194444444444444], [0.0, 0.0], [0.0, 0.0], [0.0, 0.0]], "R-Hip": [[-0.00625, 0.11944444444444445], [-0.00078125, 0.11527777777777778], [-0.00625, 0.0763888888888889], [-0.00625, 0.0763888888888889], [-0.00625, 0.09722222222222222], [0.03515625, 0.15], [0.175, 0.20972222222222223], [0.0, 0.0], [0.0, 0.0], [0.0, 0.0]], "R-Knee": [[-0.02421875, 0.16666666666666666], [-0.025, 0.1625], [-0.01796875, 0.14027777777777778], [-0.01875, 0.14027777777777778], [-0.01875, 0.14166666666666666], [-0.00078125, 0.16944444444444445], [0.128125, 0.19583333333333333], [0.0, 0.0], [0.0, 0.0], [0.0, 0.0]], "R-Ank": [[-0.03125, 0.2152777777777778], [-0.03046875, 0.20972222222222223], [-0.01953125, 0.20416666666666666], [-0.03046875, 0.20555555555555555], [-0.01875, 0.18472222222222223], [-0.0390625, 0.20277777777777778], [0.0875, 0.2], [0.0, 0.0], [0.0, 0.0], [0.0, 0.0]], "L-Hip": [[0.00625, 0.11944444444444445], [0.0171875, 0.11666666666666667], [0.0171875, 0.0763888888888889], [0.01796875, 0.0763888888888889], [0.01796875, 0.09722222222222222], [0.05625, 0.1736111111111111], [0.18359375, 0.2388888888888889], [0.0, 0.0], [0.0, 0.0], [0.0, 0.0]], "L-Knee": [[0.03359375, 0.1638888888888889], [0.03828125, 0.15416666666666667], [0.01796875, 0.1388888888888889], [0.02890625, 0.1388888888888889], [0.0296875, 0.14166666666666666], [0.05625, 0.20277777777777778], [0.15859375, 0.2708333333333333], [0.0, 0.0], [0.0, 0.0], [0.0, 0.0]], "L-Ank": [[0.04921875, 0.2152777777777778], [0.05, 0.19583333333333333], [0.02890625, 0.18611111111111112], [0.03046875, 0.20416666666666666], [0.0296875, 0.20555555555555555], [0.009375, 0.24861111111111112], [0.12109375, 0.2777777777777778], [0.0, 0.0], [0.0, 0.0], [0.0, 0.0]]}