{"Head": [[-0.0196078431372549, -0.20833333333333334], [-0.0196078431372549, -0.2326388888888889], [-0.01764705882352941, -0.20833333333333334], [-0.0196078431372549, -0.1840277777777778], [-0.0196078431372549, -0.1875], [-0.00392156862745098, -0.1840277777777778], [0.058823529411764705, -0.1284722222222222], [0.2, -0.0625], [0.36666666666666664, 0.05555555555555555], [0.4294117647058823, 0.04861111111111111]], "R-Sho": [[-0.03137254901960784, -0.1875], [-0.03137254901960784, -0.20833333333333334], [-0.03137254901960784, -0.1701388888888889], [-0.043137254901960784, -0.1423611111111111], [-0.041176470588235294, -0.14583333333333334], [-0.0196078431372549, -0.1423611111111111], [0.043137254901960784, -0.09722222222222222], [0.1784313725490196, -0.041666666666666664], [0.35490196078431374, 0.041666666666666664], [0.4294117647058823, 0.04861111111111111]], "R-Elb": [[-0.043137254901960784, -0.14583333333333334], [-0.03137254901960784, -0.16666666666666666], [-0.043137254901960784, -0.1423611111111111], [-0.045098039215686274, -0.10069444444444445], [-0.045098039215686274, -0.12152777777777778], [-0.03137254901960784, -0.10416666666666667], [0.0058823529411764705, -0.04513888888888889], [0.17058823529411765, -0.09027777777777778], [0.37450980392156863, 0.024305555555555556], [0.42549019607843136, 0.06944444444444445]], "R-Wr": [[-0.041176470588235294, -0.12152777777777778], [-0.03137254901960784, -0.12152777777777778], [-0.043137254901960784, -0.10069444444444445], [-0.054901960784313725, -0.0625], [-0.052941176470588235, -0.0763888888888889], [-0.03333333333333333, -0.07291666666666667], [-0.0196078431372549, -0.013888888888888888], [0.19019607843137254, -0.125], [0.403921568627451, 0.034722222222222224], [0.42549019607843136, 0.06944444444444445]], "L-Sho": [[0.00392156862745098, -0.1875], [0.00392156862745098, -0.21180555555555555], [0.00392156862745098, -0.18055555555555555], [-0.0058823529411764705, -0.1423611111111111], [-0.0058823529411764705, -0.16319444444444445], [0.01764705882352941, -0.1423611111111111], [0.06666666666666667, -0.08333333333333333], [0.19215686274509805, -0.027777777777777776], [0.36470588235294116, 0.08680555555555555], [0.4470588235294118, 0.08680555555555555]], "L-Elb": [[0.01568627450980392, -0.16319444444444445], [0.01568627450980392, -0.1875], [0.01764705882352941, -0.1423611111111111], [0.01568627450980392, -0.10416666666666667], [0.0058823529411764705, -0.12152777777777778], [0.0196078431372549, -0.10069444444444445], [0.0803921568627451, -0.05555555555555555], [0.21764705882352942, -0.03125], [0.3862745098039216, 0.0798611111111111], [0.4470588235294118, 0.08680555555555555]], "L-Wr": [[0.013725490196078431, -0.12152777777777778], [0.00784313725490196, -0.14930555555555555], [0.01764705882352941, -0.12152777777777778], [0.01764705882352941, -0.0763888888888889], [0.0058823529411764705, -0.09722222222222222], [0.027450980392156862, -0.07291666666666667], [0.09019607843137255, -0.013888888888888888], [0.23333333333333334, -0.059027777777777776], [0.403921568627451, 0.0798611111111111], [0.4196078431372549, 0.07291666666666667]], "R-Hip": [[-0.029411764705882353, -0.10416666666666667], [-0.021568627450980392, -0.12152777777777778], [-0.029411764705882353, -0.09722222222222222], [-0.03137254901960784, -0.059027777777777776], [-0.03137254901960784, -0.0798611111111111], [-0.0196078431372549, -0.0763888888888889], [0.03137254901960784, -0.013888888888888888], [0.1392156862745098, -0.003472222222222222], [0.3176470588235294, 0.0763888888888889], [0.3941176470588235, 0.0798611111111111]], "R-Knee": [[-0.03137254901960784, -0.03819444444444445], [-0.03137254901960784, -0.052083333333333336], [-0.03137254901960784, -0.034722222222222224], [-0.045098039215686274, -0.013888888888888888], [-0.043137254901960784, -0.03125], [-0.03333333333333333, -0.013888888888888888], [0.01764705882352941, 0.003472222222222222], [0.09803921568627451, 0.013888888888888888], [0.2784313725490196, 0.0625], [0.36666666666666664, 0.08680555555555555]], "R-Ank": [[-0.03333333333333333, 0.03125], [-0.03137254901960784, 0.03125], [-0.03137254901960784, 0.03125], [-0.054901960784313725, 0.03125], [-0.054901960784313725, 0.03125], [-0.054901960784313725, 0.04861111111111111], [0.00392156862745098, 0.05555555555555555], [0.06274509803921569, 0.03125], [0.24313725490196078, 0.0625], [0.35294117647058826, 0.03819444444444445]], "L-Hip": [[-0.0058823529411764705, -0.11805555555555555], [-0.0058823529411764705, -0.125], [-0.0058823529411764705, -0.09722222222222222], [-0.00784313725490196, -0.059027777777777776], [-0.00784313725490196, -0.0798611111111111], [0.0058823529411764705, -0.0625], [0.050980392156862744, -0.034722222222222224], [0.15490196078431373, 0.010416666666666666], [0.3176470588235294, 0.1076388888888889], [0.38235294117647056, 0.09722222222222222]], "L-Knee": [[0.00392156862745098, -0.03819444444444445], [0.00392156862745098, -0.05555555555555555], [0.00392156862745098, -0.034722222222222224], [0.0058823529411764705, -0.013888888888888888], [0.00196078431372549, -0.03125], [0.0058823529411764705, -0.013888888888888888], [0.052941176470588235, 0.027777777777777776], [0.12941176470588237, 0.07291666666666667], [0.2823529411764706, 0.1111111111111111], [0.3588235294117647, 0.10416666666666667]], "L-Ank": [[0.0058823529411764705, 0.03125], [0.0058823529411764705, 0.03125], [0.0058823529411764705, 0.03125], [0.0058823529411764705, 0.03125], [0.0058823529411764705, 0.03125], [0.00784313725490196, 0.04861111111111111], [0.041176470588235294, 0.05555555555555555], [0.08627450980392157, 0.08680555555555555], [0.24509803921568626, 0.1111111111111111], [0.32745098039215687, 0.10416666666666667]]}