{"Head": [[0.0058823529411764705, -0.2743055555555556], [0.00392156862745098, -0.2708333333333333], [0.00392156862745098, -0.2743055555555556], [0.00392156862745098, -0.2743055555555556], [0.00392156862745098, -0.25], [-0.00392156862745098, -0.2708333333333333], [-0.00784313725490196, -0.22916666666666666], [-0.00784313725490196, -0.22916666666666666], [-0.12156862745098039, -0.1284722222222222], [-0.3627450980392157, 0.0]], "R-Sho": [[-0.00784313725490196, -0.2465277777777778], [-0.01764705882352941, -0.22916666666666666], [-0.01568627450980392, -0.2326388888888889], [-0.01764705882352941, -0.2326388888888889], [-0.0196078431372549, -0.22916666666666666], [-0.01764705882352941, -0.2326388888888889], [-0.03137254901960784, -0.2048611111111111], [-0.0196078431372549, -0.2048611111111111], [-0.13333333333333333, -0.08333333333333333], [-0.3509803921568627, 0.017361111111111112]], "R-Elb": [[-0.0196078431372549, -0.20833333333333334], [-0.03137254901960784, -0.1909722222222222], [-0.0196078431372549, -0.2048611111111111], [-0.0196078431372549, -0.1875], [-0.03137254901960784, -0.1875], [-0.03137254901960784, -0.2048611111111111], [-0.041176470588235294, -0.16319444444444445], [-0.03333333333333333, -0.16666666666666666], [-0.14705882352941177, -0.08333333333333333], [-0.34509803921568627, 0.034722222222222224]], "R-Wr": [[-0.029411764705882353, -0.1701388888888889], [-0.03137254901960784, -0.16666666666666666], [-0.03137254901960784, -0.16319444444444445], [-0.0196078431372549, -0.16319444444444445], [-0.03137254901960784, -0.16666666666666666], [-0.03137254901960784, -0.16666666666666666], [-0.043137254901960784, -0.12152777777777778], [-0.043137254901960784, -0.12152777777777778], [-0.16666666666666666, -0.08333333333333333], [-0.33137254901960783, 0.06597222222222222]], "L-Sho": [[0.027450980392156862, -0.25], [0.01568627450980392, -0.22916666666666666], [0.01764705882352941, -0.2326388888888889], [0.01764705882352941, -0.2326388888888889], [0.01764705882352941, -0.22916666666666666], [0.01764705882352941, -0.2326388888888889], [0.0058823529411764705, -0.2048611111111111], [0.01568627450980392, -0.20833333333333334], [-0.10784313725490197, -0.10069444444444445], [-0.34705882352941175, -0.010416666666666666]], "L-Elb": [[0.041176470588235294, -0.20833333333333334], [0.027450980392156862, -0.1875], [0.029411764705882353, -0.20833333333333334], [0.029411764705882353, -0.2048611111111111], [0.029411764705882353, -0.1875], [0.029411764705882353, -0.1875], [0.0196078431372549, -0.16666666666666666], [0.027450980392156862, -0.16666666666666666], [-0.07058823529411765, -0.11458333333333333], [-0.307843137254902, -0.020833333333333332]], "L-Wr": [[0.0392156862745098, -0.1875], [0.029411764705882353, -0.1840277777777778], [0.029411764705882353, -0.1701388888888889], [0.029411764705882353, -0.16666666666666666], [0.029411764705882353, -0.16319444444444445], [0.0196078431372549, -0.20833333333333334], [0.01764705882352941, -0.1423611111111111], [0.029411764705882353, -0.1423611111111111], [-0.07058823529411765, -0.11458333333333333], [-0.28823529411764703, -0.024305555555555556]], "R-Hip": [[-0.0058823529411764705, -0.1597222222222222], [-0.00784313725490196, -0.1423611111111111], [-0.00784313725490196, -0.14583333333333334], [-0.00784313725490196, -0.1423611111111111], [-0.01764705882352941, -0.1423611111111111], [-0.01764705882352941, -0.14583333333333334], [-0.0196078431372549, -0.12152777777777778], [-0.01764705882352941, -0.12152777777777778], [-0.10784313725490197, -0.0625], [-0.2980392156862745, 0.006944444444444444]], "R-Knee": [[-0.00980392156862745, -0.0798611111111111], [-0.01764705882352941, -0.0763888888888889], [-0.01764705882352941, -0.0798611111111111], [-0.01764705882352941, -0.059027777777777776], [-0.0196078431372549, -0.0763888888888889], [-0.0196078431372549, -0.0763888888888889], [-0.03137254901960784, -0.05555555555555555], [-0.029411764705882353, -0.05555555555555555], [-0.09215686274509804, -0.013888888888888888], [-0.2627450980392157, 0.017361111111111112]], "R-Ank": [[-0.0196078431372549, -0.010416666666666666], [-0.0196078431372549, -0.006944444444444444], [-0.01764705882352941, -0.010416666666666666], [-0.0196078431372549, 0.003472222222222222], [-0.021568627450980392, -0.010416666666666666], [-0.03137254901960784, 0.003472222222222222], [-0.03137254901960784, 0.006944444444444444], [-0.03137254901960784, 0.006944444444444444], [-0.0784313725490196, 0.010416666666666666], [-0.22156862745098038, 0.03125]], "L-Hip": [[0.01764705882352941, -0.1597222222222222], [0.0058823529411764705, -0.14583333333333334], [0.01568627450980392, -0.14583333333333334], [0.01764705882352941, -0.1423611111111111], [0.00784313725490196, -0.1423611111111111], [0.0058823529411764705, -0.14583333333333334], [0.0058823529411764705, -0.12152777777777778], [0.0058823529411764705, -0.12152777777777778], [-0.08823529411764706, -0.08680555555555555], [-0.2901960784313726, -0.024305555555555556]], "L-Knee": [[0.029411764705882353, -0.0798611111111111], [0.029411764705882353, -0.0798611111111111], [0.01764705882352941, -0.0798611111111111], [0.01764705882352941, -0.0763888888888889], [0.01764705882352941, -0.0763888888888889], [0.01764705882352941, -0.0763888888888889], [0.01764705882352941, -0.07291666666666667], [0.01764705882352941, -0.0625], [-0.045098039215686274, -0.041666666666666664], [-0.2607843137254902, -0.03819444444444445]], "L-Ank": [[0.029411764705882353, -0.010416666666666666], [0.029411764705882353, -0.010416666666666666], [0.027450980392156862, -0.010416666666666666], [0.01764705882352941, -0.010416666666666666], [0.0196078431372549, -0.010416666666666666], [0.01764705882352941, -0.010416666666666666], [0.027450980392156862, -0.010416666666666666], [0.029411764705882353, -0.006944444444444444], [0.00784313725490196, -0.010416666666666666], [-0.21372549019607842, -0.0625]]}