{"Head": [[-0.0234375, -0.3138888888888889], [-0.0140625, -0.25555555555555554], [-0.0140625, -0.23055555555555557], [0.0078125, -0.18333333333333332], [0.040625, -0.09722222222222222], [0.05625, -0.044444444444444446], [0.0765625, -0.022222222222222223], [0.0, 0.0], [0.0, 0.0], [0.0, 0.0]], "R-Sho": [[-0.0296875, -0.3], [-0.0234375, -0.24166666666666667], [-0.021875, -0.21944444444444444], [-0.003125, -0.18055555555555555], [0.0359375, -0.10555555555555556], [0.046875, -0.04722222222222222], [0.065625, -0.016666666666666666], [0.0, 0.0], [0.0, 0.0], [0.0, 0.0]], "R-Elb": [[-0.0421875, -0.3], [-0.0296875, -0.2361111111111111], [-0.0265625, -0.225], [-0.0171875, -0.19166666666666668], [0.0265625, -0.12222222222222222], [0.0390625, -0.05555555555555555], [0.059375, -0.019444444444444445], [0.0, 0.0], [0.0, 0.0], [0.0, 0.0]], "R-Wr": [[-0.053125, -0.29444444444444445], [-0.0375, -0.2361111111111111], [-0.0359375, -0.22777777777777777], [-0.0234375, -0.20555555555555555], [0.0140625, -0.15], [0.034375, -0.06111111111111111], [0.05625, -0.011111111111111112], [0.0, 0.0], [0.0, 0.0], [0.0, 0.0]], "L-Sho": [[-0.0171875, -0.30833333333333335], [-0.009375, -0.25277777777777777], [-0.0171875, -0.225], [0.00625, -0.175], [0.0421875, -0.07777777777777778], [0.0578125, -0.025], [0.08125, -0.011111111111111112], [0.0, 0.0], [0.0, 0.0], [0.0, 0.0]], "L-Elb": [[-0.003125, -0.3], [-0.0015625, -0.25], [-0.0125, -0.21388888888888888], [0.0078125, -0.15555555555555556], [0.0421875, -0.06388888888888888], [0.059375, -0.008333333333333333], [0.08125, -0.002777777777777778], [0.0, 0.0], [0.0, 0.0], [0.0, 0.0]], "L-Wr": [[0.0203125, -0.2916666666666667], [0.0171875, -0.24444444444444444], [-0.0109375, -0.20277777777777778], [0.015625, -0.1388888888888889], [0.0453125, -0.03888888888888889], [0.0625, 0.008333333333333333], [0.08125, -0.002777777777777778], [0.0, 0.0], [0.0, 0.0], [0.0, 0.0]], "R-Hip": [[-0.021875, -0.2916666666666667], [-0.0171875, -0.23055555555555557], [-0.028125, -0.21666666666666667], [-0.01875, -0.16666666666666666], [0.0203125, -0.09722222222222222], [0.0359375, -0.041666666666666664], [0.06875, 0.0], [0.0, 0.0], [0.0, 0.0], [0.0, 0.0]], "R-Knee": [[-0.021875, -0.26944444444444443], [-0.0171875, -0.21388888888888888], [-0.0453125, -0.21388888888888888], [-0.0296875, -0.16111111111111112], [0.009375, -0.1], [0.0359375, -0.041666666666666664], [0.0625, 0.016666666666666666], [0.0, 0.0], [0.0, 0.0], [0.0, 0.0]], "R-Ank": [[-0.021875, -0.2388888888888889], [-0.0171875, -0.2], [-0.0609375, -0.21666666666666667], [-0.046875, -0.16111111111111112], [-0.0046875, -0.1], [0.025, -0.03333333333333333], [0.0546875, 0.03611111111111111], [0.0, 0.0], [0.0, 0.0], [0.0, 0.0]], "L-Hip": [[-0.0125, -0.28888888888888886], [-0.0078125, -0.23333333333333334], [-0.0265625, -0.20277777777777778], [-0.0125, -0.16111111111111112], [0.0234375, -0.07222222222222222], [0.046875, -0.027777777777777776], [0.0734375, 0.005555555555555556], [0.0, 0.0], [0.0, 0.0], [0.0, 0.0]], "L-Knee": [[-0.0109375, -0.26666666666666666], [-0.00625, -0.21666666666666667], [-0.0359375, -0.20555555555555555], [-0.0234375, -0.15555555555555556], [0.0140625, -0.07777777777777778], [0.040625, -0.022222222222222223], [0.06875, 0.019444444444444445], [0.0, 0.0], [0.0, 0.0], [0.0, 0.0]], "L-Ank": [[-0.009375, -0.2361111111111111], [-0.003125, -0.19444444444444445], [-0.053125, -0.20555555555555555], [-0.046875, -0.14722222222222223], [-0.003125, -0.07777777777777778], [0.0359375, -0.016666666666666666], [0.0671875, 0.03333333333333333], [0.0, 0.0], [0.0, 0.0], [0.0, 0.0]]}