{"Head": [[0.00546875, -0.33194444444444443], [0.00546875, -0.31805555555555554], [0.00625, -0.31666666666666665], [0.00625, -0.31666666666666665], [0.00625, -0.31666666666666665], [0.00625, -0.31527777777777777], [0.00546875, -0.2513888888888889], [-0.04375, -0.20694444444444443], [-0.140625, -0.1638888888888889], [0.0, 0.0]], "R-Sho": [[-0.01796875, -0.29444444444444445], [-0.01796875, -0.29444444444444445], [-0.01796875, -0.29305555555555557], [-0.00703125, -0.29305555555555557], [-0.00703125, -0.29305555555555557], [-0.00703125, -0.2722222222222222], [-0.01796875, -0.22916666666666666], [-0.05625, -0.18472222222222223], [-0.153125, -0.11944444444444445], [0.0, 0.0]], "R-Elb": [[-0.04296875, -0.2722222222222222], [-0.04296875, -0.2722222222222222], [-0.04296875, -0.2722222222222222], [-0.04296875, -0.2722222222222222], [-0.0421875, -0.2722222222222222], [-0.03203125, -0.2513888888888889], [-0.03203125, -0.18611111111111112], [-0.06796875, -0.1625], [-0.17734375, -0.05694444444444444], [0.0, 0.0]], "R-Wr": [[-0.06796875, -0.2722222222222222], [-0.06796875, -0.2722222222222222], [-0.06796875, -0.2722222222222222], [-0.06796875, -0.2722222222222222], [-0.06796875, -0.2722222222222222], [-0.06796875, -0.25], [-0.0546875, -0.14166666666666666], [-0.07890625, -0.14166666666666666], [-0.19296875, 0.004166666666666667], [0.0, 0.0]], "L-Sho": [[0.01875, -0.29444444444444445], [0.01875, -0.29444444444444445], [0.028125, -0.2986111111111111], [0.0296875, -0.29444444444444445], [0.0296875, -0.29444444444444445], [0.0296875, -0.27361111111111114], [0.01875, -0.22916666666666666], [-0.03125, -0.18611111111111112], [-0.128125, -0.13472222222222222], [0.0, 0.0]], "L-Elb": [[0.053125, -0.27361111111111114], [0.04296875, -0.2722222222222222], [0.04296875, -0.2722222222222222], [0.05390625, -0.2722222222222222], [0.05390625, -0.2722222222222222], [0.05390625, -0.2708333333333333], [0.0421875, -0.20555555555555555], [-0.01875, -0.16111111111111112], [-0.109375, -0.13055555555555556], [0.0, 0.0]], "L-Wr": [[0.07890625, -0.2722222222222222], [0.07890625, -0.2722222222222222], [0.06796875, -0.2722222222222222], [0.07890625, -0.2722222222222222], [0.078125, -0.2722222222222222], [0.0671875, -0.2722222222222222], [0.065625, -0.16527777777777777], [-0.01796875, -0.12222222222222222], [-0.08671875, -0.12638888888888888], [0.0, 0.0]], "R-Hip": [[-0.01015625, -0.17777777777777778], [-0.0109375, -0.18333333333333332], [-0.0078125, -0.17777777777777778], [-0.00390625, -0.18611111111111112], [-0.0046875, -0.17777777777777778], [-0.00703125, -0.17222222222222222], [-0.01015625, -0.14027777777777778], [-0.04296875, -0.11944444444444445], [-0.10625, -0.05555555555555555], [0.0, 0.0]], "R-Knee": [[-0.01171875, -0.125], [-0.00703125, -0.11805555555555555], [-0.00703125, -0.1], [-0.00703125, -0.1], [-0.00703125, -0.1], [-0.00703125, -0.1], [-0.01796875, -0.07777777777777778], [-0.01875, -0.05555555555555555], [-0.0640625, -0.029166666666666667], [0.0, 0.0]], "R-Ank": [[-0.01875, -0.03194444444444444], [-0.01875, -0.03194444444444444], [-0.01875, -0.03333333333333333], [-0.01875, -0.03194444444444444], [-0.01875, -0.03194444444444444], [-0.01875, -0.030555555555555555], [-0.00625, -0.03333333333333333], [0.00546875, -0.011111111111111112], [-0.02109375, -0.0125], [0.0, 0.0]], "L-Hip": [[0.01796875, -0.18611111111111112], [0.01796875, -0.18611111111111112], [0.01796875, -0.18611111111111112], [0.01796875, -0.18611111111111112], [0.01796875, -0.18611111111111112], [0.02109375, -0.17222222222222222], [0.01796875, -0.14166666666666666], [-0.01953125, -0.12083333333333333], [-0.1015625, -0.09166666666666666], [0.0, 0.0]], "L-Knee": [[0.01796875, -0.11944444444444445], [0.01796875, -0.11944444444444445], [0.01796875, -0.11805555555555555], [0.01796875, -0.11805555555555555], [0.01796875, -0.1], [0.01796875, -0.09861111111111111], [0.03046875, -0.07777777777777778], [0.00625, -0.07777777777777778], [-0.05546875, -0.09583333333333334], [0.0, 0.0]], "L-Ank": [[0.01796875, -0.03333333333333333], [0.01796875, -0.03333333333333333], [0.01796875, -0.03333333333333333], [0.01796875, -0.03333333333333333], [0.01796875, -0.03333333333333333], [0.01796875, -0.03194444444444444], [0.0421875, -0.0125], [0.00625, 0.009722222222222222], [-0.0125, -0.10277777777777777], [0.0, 0.0]]}