{"Head": [[0.0, 0.0], [-0.01328125, -0.3375], [-0.01171875, -0.35], [-0.01171875, -0.34444444444444444], [-0.01640625, -0.3472222222222222], [-0.0125, -0.3597222222222222], [-0.0140625, -0.3625], [-0.0171875, -0.34444444444444444], [-0.034375, -0.30277777777777776], [-0.11484375, -0.25]], "R-Sho": [[-0.01015625, -0.33611111111111114], [-0.0171875, -0.32222222222222224], [-0.015625, -0.34305555555555556], [-0.01875, -0.3375], [-0.01875, -0.33611111111111114], [-0.01640625, -0.34305555555555556], [-0.01484375, -0.35], [-0.02421875, -0.3277777777777778], [-0.03515625, -0.2916666666666667], [-0.11171875, -0.24166666666666667]], "R-Elb": [[-0.01171875, -0.3263888888888889], [-0.021875, -0.3333333333333333], [-0.0203125, -0.35], [-0.02734375, -0.3375], [-0.034375, -0.33194444444444443], [-0.0265625, -0.34305555555555556], [-0.02265625, -0.3625], [-0.03125, -0.3194444444444444], [-0.0390625, -0.28194444444444444], [-0.121875, -0.22083333333333333]], "R-Wr": [[-0.01796875, -0.325], [-0.0234375, -0.35833333333333334], [-0.02265625, -0.36666666666666664], [-0.03984375, -0.3347222222222222], [-0.03828125, -0.3388888888888889], [-0.03046875, -0.35833333333333334], [-0.02890625, -0.38055555555555554], [-0.0375, -0.3125], [-0.03984375, -0.26944444444444443], [-0.13828125, -0.2111111111111111]], "L-Sho": [[-0.02890625, -0.3236111111111111], [-0.0109375, -0.3263888888888889], [-0.0078125, -0.3416666666666667], [-0.00625, -0.3375], [-0.015625, -0.3347222222222222], [-0.0125, -0.3458333333333333], [-0.00859375, -0.35138888888888886], [-0.01015625, -0.3375], [-0.028125, -0.2916666666666667], [-0.1015625, -0.24722222222222223]], "L-Elb": [[-0.00546875, -0.325], [-0.00234375, -0.3375], [-0.00390625, -0.3625], [0.0, -0.33194444444444443], [-0.00703125, -0.33055555555555555], [-0.00390625, -0.3402777777777778], [-0.0015625, -0.36527777777777776], [-0.00859375, -0.32916666666666666], [-0.025, -0.28888888888888886], [-0.08515625, -0.25416666666666665]], "L-Wr": [[0.00078125, -0.3194444444444444], [-0.00703125, -0.36527777777777776], [-0.00234375, -0.38333333333333336], [0.01171875, -0.325], [0.00234375, -0.3416666666666667], [0.0046875, -0.3527777777777778], [0.0015625, -0.3763888888888889], [0.00546875, -0.3194444444444444], [-0.0203125, -0.2847222222222222], [-0.071875, -0.25277777777777777]], "R-Hip": [[0.00859375, -0.3263888888888889], [-0.01328125, -0.29583333333333334], [-0.0171875, -0.31666666666666665], [-0.0171875, -0.3055555555555556], [-0.01484375, -0.2986111111111111], [-0.01484375, -0.3111111111111111], [-0.01953125, -0.31666666666666665], [-0.01953125, -0.2986111111111111], [-0.0296875, -0.2611111111111111], [-0.09609375, -0.2222222222222222]], "R-Knee": [[-0.0109375, -0.2847222222222222], [-0.01640625, -0.2708333333333333], [-0.0171875, -0.28888888888888886], [-0.0171875, -0.2875], [-0.01875, -0.27361111111111114], [-0.01640625, -0.28888888888888886], [-0.01953125, -0.2847222222222222], [-0.0203125, -0.27361111111111114], [-0.0296875, -0.25], [-0.07734375, -0.20416666666666666]], "R-Ank": [[-0.01484375, -0.2652777777777778], [-0.01875, -0.25], [-0.0203125, -0.2569444444444444], [-0.01875, -0.2722222222222222], [-0.0203125, -0.2611111111111111], [-0.01953125, -0.2638888888888889], [-0.021875, -0.2638888888888889], [-0.02109375, -0.25], [-0.02734375, -0.22777777777777777], [-0.04921875, -0.19027777777777777]], "L-Hip": [[-0.0171875, -0.25], [-0.00546875, -0.29305555555555557], [-0.00703125, -0.32222222222222224], [-0.0109375, -0.3013888888888889], [-0.00625, -0.2986111111111111], [-0.0078125, -0.30972222222222223], [-0.0078125, -0.31666666666666665], [-0.009375, -0.30277777777777776], [-0.02421875, -0.2722222222222222], [-0.0875, -0.22916666666666666]], "L-Knee": [[-0.00546875, -0.2833333333333333], [-0.00546875, -0.27361111111111114], [-0.0046875, -0.2972222222222222], [-0.009375, -0.2861111111111111], [-0.00625, -0.28194444444444444], [-0.00703125, -0.28888888888888886], [-0.00546875, -0.2902777777777778], [-0.00703125, -0.2847222222222222], [-0.0078125, -0.2638888888888889], [-0.06953125, -0.2222222222222222]], "L-Ank": [[-0.0046875, -0.2708333333333333], [-0.00078125, -0.24583333333333332], [0.0, -0.26805555555555555], [-0.00390625, -0.2611111111111111], [-0.0046875, -0.2611111111111111], [-0.0046875, -0.26666666666666666], [-0.00234375, -0.2611111111111111], [-0.00390625, -0.2569444444444444], [0.00546875, -0.24027777777777778], [-0.040625, -0.2222222222222222]]}