{"Head": [[0.0296875, -0.22916666666666666], [-0.00625, -0.29444444444444445], [-0.009375, -0.20555555555555555], [0.0109375, -0.1125], [-0.1875, -0.0125], [-0.3484375, 0.07777777777777778], [0.0, 0.0], [0.0, 0.0], [0.0, 0.0], [0.0, 0.0]], "R-Sho": [[0.00546875, -0.20694444444444443], [-0.03046875, -0.2722222222222222], [-0.0421875, -0.18611111111111112], [-0.00703125, -0.05555555555555555], [-0.18125, 0.019444444444444445], [-0.3359375, 0.11944444444444445], [0.0, 0.0], [0.0, 0.0], [0.0, 0.0], [0.0, 0.0]], "R-Elb": [[-0.0296875, -0.20694444444444443], [-0.05546875, -0.29444444444444445], [-0.06796875, -0.1638888888888889], [-0.00859375, -0.0125], [-0.19921875, 0.0], [-0.359375, 0.11805555555555555], [0.0, 0.0], [0.0, 0.0], [0.0, 0.0], [0.0, 0.0]], "R-Wr": [[-0.0546875, -0.22916666666666666], [-0.06796875, -0.3388888888888889], [-0.09140625, -0.15], [-0.00546875, 0.05], [-0.22578125, -0.04027777777777778], [-0.371875, 0.0763888888888889], [0.0, 0.0], [0.0, 0.0], [0.0, 0.0], [0.0, 0.0]], "L-Sho": [[0.04296875, -0.18472222222222223], [0.0171875, -0.25], [0.009375, -0.19166666666666668], [0.0359375, -0.0763888888888889], [-0.171875, -0.034722222222222224], [-0.3234375, 0.075], [0.0, 0.0], [0.0, 0.0], [0.0, 0.0], [0.0, 0.0]], "L-Elb": [[0.06640625, -0.14166666666666666], [0.03046875, -0.20555555555555555], [0.03125, -0.1625], [0.0546875, -0.03333333333333333], [-0.19140625, -0.04583333333333333], [-0.3109375, 0.05416666666666667], [0.0, 0.0], [0.0, 0.0], [0.0, 0.0], [0.0, 0.0]], "L-Wr": [[0.078125, -0.11944444444444445], [0.03046875, -0.1625], [0.06640625, -0.14027777777777778], [0.06796875, -0.011111111111111112], [-0.209375, -0.06805555555555555], [-0.36015625, 0.08055555555555556], [0.0, 0.0], [0.0, 0.0], [0.0, 0.0], [0.0, 0.0]], "R-Hip": [[-0.00625, -0.07777777777777778], [-0.03125, -0.1625], [-0.04296875, -0.075], [0.00703125, 0.011111111111111112], [-0.11015625, 0.06666666666666667], [-0.2625, 0.11805555555555555], [0.0, 0.0], [0.0, 0.0], [0.0, 0.0], [0.0, 0.0]], "R-Knee": [[-0.01875, 0.009722222222222222], [-0.06875, -0.12083333333333333], [-0.0671875, 0.011111111111111112], [0.01796875, 0.05416666666666667], [-0.04453125, 0.0875], [-0.22578125, 0.09722222222222222], [0.0, 0.0], [0.0, 0.0], [0.0, 0.0], [0.0, 0.0]], "R-Ank": [[-0.01796875, 0.09722222222222222], [-0.1046875, -0.05555555555555555], [-0.09140625, 0.09861111111111111], [0.04375, 0.11805555555555555], [0.0296875, 0.1111111111111111], [-0.15, 0.10138888888888889], [0.0, 0.0], [0.0, 0.0], [0.0, 0.0], [0.0, 0.0]], "L-Hip": [[0.01796875, -0.0763888888888889], [-0.00703125, -0.14166666666666666], [-0.01015625, -0.07777777777777778], [0.0421875, 0.009722222222222222], [-0.11015625, 0.006944444444444444], [-0.25703125, 0.075], [0.0, 0.0], [0.0, 0.0], [0.0, 0.0], [0.0, 0.0]], "L-Knee": [[-0.00625, 0.009722222222222222], [-0.01875, -0.03333333333333333], [0.0171875, -0.009722222222222222], [0.07890625, 0.05277777777777778], [-0.028125, -0.001388888888888889], [-0.21328125, 0.06666666666666667], [0.0, 0.0], [0.0, 0.0], [0.0, 0.0], [0.0, 0.0]], "L-Ank": [[-0.00703125, 0.11666666666666667], [-0.04296875, 0.075], [-0.00703125, 0.075], [0.10390625, 0.11805555555555555], [0.0109375, -0.004166666666666667], [-0.16875, 0.10833333333333334], [0.0, 0.0], [0.0, 0.0], [0.0, 0.0], [0.0, 0.0]]}