{"Head": [[0.01875, -0.20833333333333334], [0.0296875, -0.20833333333333334], [0.0296875, -0.22777777777777777], [0.0296875, -0.20833333333333334], [0.0296875, -0.22777777777777777], [0.0296875, -0.20694444444444443], [0.03046875, -0.16527777777777777], [-0.003125, -0.13194444444444445], [-0.06796875, -0.10833333333333334], [-0.134375, -0.05138888888888889]], "R-Sho": [[0.00625, -0.18611111111111112], [0.0171875, -0.18611111111111112], [0.0171875, -0.20555555555555555], [0.01796875, -0.18611111111111112], [0.01796875, -0.20694444444444443], [0.01796875, -0.18611111111111112], [0.01875, -0.1625], [-0.00859375, -0.10694444444444444], [-0.0671875, -0.09305555555555556], [-0.12265625, -0.0375]], "R-Elb": [[0.00546875, -0.1625], [0.00625, -0.1638888888888889], [0.00625, -0.1638888888888889], [0.00703125, -0.1638888888888889], [0.0171875, -0.1638888888888889], [0.00625, -0.16111111111111112], [0.00546875, -0.14166666666666666], [-0.01796875, -0.08194444444444444], [-0.0828125, -0.07222222222222222], [-0.13671875, -0.013888888888888888]], "R-Wr": [[0.00546875, -0.12083333333333333], [0.00546875, -0.12222222222222222], [0.00625, -0.14166666666666666], [0.0171875, -0.14166666666666666], [0.0171875, -0.14166666666666666], [0.00625, -0.12083333333333333], [0.01796875, -0.1625], [-0.01796875, -0.1125], [-0.1046875, -0.04861111111111111], [-0.15703125, 0.006944444444444444]], "L-Sho": [[0.03125, -0.18611111111111112], [0.04140625, -0.1875], [0.04140625, -0.20555555555555555], [0.04140625, -0.18611111111111112], [0.0421875, -0.20694444444444443], [0.0421875, -0.18472222222222223], [0.04296875, -0.1625], [0.00390625, -0.11666666666666667], [-0.05546875, -0.10694444444444444], [-0.1125, -0.059722222222222225]], "L-Elb": [[0.0421875, -0.1638888888888889], [0.0421875, -0.1638888888888889], [0.0421875, -0.1638888888888889], [0.0421875, -0.1638888888888889], [0.0421875, -0.1638888888888889], [0.0421875, -0.1625], [0.065625, -0.14166666666666666], [0.0171875, -0.10694444444444444], [-0.0359375, -0.12222222222222222], [-0.10625, -0.0763888888888889]], "L-Wr": [[0.0421875, -0.14027777777777778], [0.0421875, -0.14166666666666666], [0.0421875, -0.14027777777777778], [0.0421875, -0.14027777777777778], [0.0421875, -0.14166666666666666], [0.0421875, -0.12083333333333333], [0.04296875, -0.14166666666666666], [0.03203125, -0.09444444444444444], [-0.03046875, -0.15416666666666667], [-0.0984375, -0.09027777777777778]], "R-Hip": [[0.01796875, -0.12083333333333333], [0.01796875, -0.14027777777777778], [0.01796875, -0.14166666666666666], [0.01796875, -0.12222222222222222], [0.01796875, -0.14166666666666666], [0.01796875, -0.12083333333333333], [0.01796875, -0.1], [0.01015625, -0.07083333333333333], [-0.04453125, -0.0625], [-0.0921875, -0.013888888888888888]], "R-Knee": [[0.00546875, -0.07916666666666666], [0.00546875, -0.09722222222222222], [0.00625, -0.09722222222222222], [0.00625, -0.07916666666666666], [0.00703125, -0.09722222222222222], [0.0171875, -0.07777777777777778], [0.01796875, -0.075], [0.015625, -0.04027777777777778], [-0.01015625, -0.04027777777777778], [-0.0703125, -0.022222222222222223]], "R-Ank": [[0.00546875, -0.03333333333333333], [0.00546875, -0.03333333333333333], [0.00546875, -0.03333333333333333], [0.00546875, -0.03333333333333333], [0.00546875, -0.03333333333333333], [0.00625, -0.03333333333333333], [0.01796875, -0.03194444444444444], [0.03125, -0.020833333333333332], [0.0234375, -0.013888888888888888], [-0.0453125, -0.03333333333333333]], "L-Hip": [[0.03046875, -0.12083333333333333], [0.03046875, -0.14027777777777778], [0.03046875, -0.14166666666666666], [0.03046875, -0.12222222222222222], [0.03125, -0.14166666666666666], [0.03046875, -0.12083333333333333], [0.04140625, -0.1], [0.021875, -0.08472222222222223], [-0.03125, -0.08611111111111111], [-0.08671875, -0.03194444444444444]], "L-Knee": [[0.0421875, -0.0763888888888889], [0.0421875, -0.07777777777777778], [0.0421875, -0.09722222222222222], [0.0421875, -0.07777777777777778], [0.0421875, -0.09722222222222222], [0.0421875, -0.07777777777777778], [0.04296875, -0.0763888888888889], [0.04296875, -0.04861111111111111], [-0.01171875, -0.09583333333333334], [-0.075, -0.04583333333333333]], "L-Ank": [[0.0421875, -0.03194444444444444], [0.0421875, -0.03333333333333333], [0.04296875, -0.03333333333333333], [0.04296875, -0.013888888888888888], [0.04296875, -0.03333333333333333], [0.0421875, -0.03194444444444444], [0.0546875, -0.03194444444444444], [0.06796875, -0.022222222222222223], [0.01640625, -0.09861111111111111], [-0.05234375, -0.0763888888888889]]}