{"Head": [[0.0, 0.0], [-0.0234375, -0.24305555555555555], [-0.0265625, -0.20972222222222223], [-0.0828125, -0.14722222222222223], [0.0, 0.0], [0.0, 0.0], [0.0, 0.0], [0.0, 0.0], [0.0, 0.0], [0.0, 0.0]], "R-Sho": [[-0.01796875, -0.2777777777777778], [-0.03203125, -0.2375], [-0.03671875, -0.19305555555555556], [-0.08203125, -0.12361111111111112], [0.0, 0.0], [0.0, 0.0], [0.0, 0.0], [0.0, 0.0], [0.0, 0.0], [0.0, 0.0]], "R-Elb": [[-0.0265625, -0.26805555555555555], [-0.0390625, -0.2375], [-0.0421875, -0.18611111111111112], [-0.0890625, -0.10972222222222222], [0.0, 0.0], [0.0, 0.0], [0.0, 0.0], [0.0, 0.0], [0.0, 0.0], [0.0, 0.0]], "R-Wr": [[-0.034375, -0.2625], [-0.0390625, -0.23333333333333334], [-0.05078125, -0.18194444444444444], [-0.09296875, -0.09861111111111111], [0.0, 0.0], [0.0, 0.0], [0.0, 0.0], [0.0, 0.0], [0.0, 0.0], [0.0, 0.0]], "L-Sho": [[-0.0375, -0.25555555555555554], [-0.01796875, -0.2375], [-0.02265625, -0.1986111111111111], [-0.071875, -0.14166666666666666], [0.0, 0.0], [0.0, 0.0], [0.0, 0.0], [0.0, 0.0], [0.0, 0.0], [0.0, 0.0]], "L-Elb": [[-0.0125, -0.2708333333333333], [-0.01171875, -0.2375], [-0.01328125, -0.1986111111111111], [-0.06171875, -0.15138888888888888], [0.0, 0.0], [0.0, 0.0], [0.0, 0.0], [0.0, 0.0], [0.0, 0.0], [0.0, 0.0]], "L-Wr": [[-0.0078125, -0.2638888888888889], [-0.00625, -0.2361111111111111], [-0.00390625, -0.19583333333333333], [-0.046875, -0.1486111111111111], [0.0, 0.0], [0.0, 0.0], [0.0, 0.0], [0.0, 0.0], [0.0, 0.0], [0.0, 0.0]], "R-Hip": [[-0.02734375, -0.23194444444444445], [-0.025, -0.21666666666666667], [-0.028125, -0.1763888888888889], [-0.0671875, -0.1125], [0.0, 0.0], [0.0, 0.0], [0.0, 0.0], [0.0, 0.0], [0.0, 0.0], [0.0, 0.0]], "R-Knee": [[-0.02890625, -0.2222222222222222], [-0.028125, -0.2], [-0.03359375, -0.1597222222222222], [-0.05390625, -0.07916666666666666], [0.0, 0.0], [0.0, 0.0], [0.0, 0.0], [0.0, 0.0], [0.0, 0.0], [0.0, 0.0]], "R-Ank": [[-0.03203125, -0.2], [-0.034375, -0.18055555555555555], [-0.02421875, -0.14166666666666666], [-0.03515625, -0.06666666666666667], [0.0, 0.0], [0.0, 0.0], [0.0, 0.0], [0.0, 0.0], [0.0, 0.0], [0.0, 0.0]], "L-Hip": [[-0.01015625, -0.23333333333333334], [-0.0171875, -0.21805555555555556], [-0.01953125, -0.18055555555555555], [-0.05625, -0.125], [0.0, 0.0], [0.0, 0.0], [0.0, 0.0], [0.0, 0.0], [0.0, 0.0], [0.0, 0.0]], "L-Knee": [[-0.009375, -0.2125], [-0.01015625, -0.20833333333333334], [-0.01171875, -0.16111111111111112], [-0.03671875, -0.10694444444444444], [0.0, 0.0], [0.0, 0.0], [0.0, 0.0], [0.0, 0.0], [0.0, 0.0], [0.0, 0.0]], "L-Ank": [[-0.00546875, -0.18611111111111112], [-0.00546875, -0.17916666666666667], [0.00390625, -0.13333333333333333], [-0.00234375, -0.08611111111111111], [0.0, 0.0], [0.0, 0.0], [0.0, 0.0], [0.0, 0.0], [0.0, 0.0], [0.0, 0.0]]}