{"Head": [[-0.103125, -0.20694444444444443], [0.0546875, -0.18611111111111112], [0.01796875, -0.18472222222222223], [0.00546875, -0.25], [0.0, 0.0], [0.0, 0.0], [0.0, 0.0], [0.0, 0.0], [0.0, 0.0], [0.0, 0.0]], "R-Sho": [[-0.1265625, -0.1597222222222222], [0.03046875, -0.16527777777777777], [-0.00625, -0.14166666666666666], [-0.01875, -0.20694444444444443], [0.0, 0.0], [0.0, 0.0], [0.0, 0.0], [0.0, 0.0], [0.0, 0.0], [0.0, 0.0]], "R-Elb": [[-0.140625, -0.12083333333333333], [0.00625, -0.18472222222222223], [-0.01875, -0.09861111111111111], [-0.01875, -0.22777777777777777], [0.0, 0.0], [0.0, 0.0], [0.0, 0.0], [0.0, 0.0], [0.0, 0.0], [0.0, 0.0]], "R-Wr": [[-0.153125, -0.09861111111111111], [-0.00625, -0.20694444444444443], [-0.04296875, -0.05694444444444444], [-0.00625, -0.2722222222222222], [0.0, 0.0], [0.0, 0.0], [0.0, 0.0], [0.0, 0.0], [0.0, 0.0], [0.0, 0.0]], "L-Sho": [[-0.0796875, -0.1638888888888889], [0.07890625, -0.16527777777777777], [0.0515625, -0.1388888888888889], [0.01796875, -0.1875], [0.0, 0.0], [0.0, 0.0], [0.0, 0.0], [0.0, 0.0], [0.0, 0.0], [0.0, 0.0]], "L-Elb": [[-0.05625, -0.12083333333333333], [0.115625, -0.18611111111111112], [0.06640625, -0.09861111111111111], [0.01796875, -0.22916666666666666], [0.0, 0.0], [0.0, 0.0], [0.0, 0.0], [0.0, 0.0], [0.0, 0.0], [0.0, 0.0]], "L-Wr": [[-0.05546875, -0.09861111111111111], [0.140625, -0.22777777777777777], [0.07890625, -0.0763888888888889], [0.0296875, -0.2722222222222222], [0.0, 0.0], [0.0, 0.0], [0.0, 0.0], [0.0, 0.0], [0.0, 0.0], [0.0, 0.0]], "R-Hip": [[-0.12734375, -0.05416666666666667], [0.05390625, -0.05416666666666667], [0.00546875, -0.03333333333333333], [-0.01953125, -0.07777777777777778], [0.0, 0.0], [0.0, 0.0], [0.0, 0.0], [0.0, 0.0], [0.0, 0.0], [0.0, 0.0]], "R-Knee": [[-0.140625, 0.011111111111111112], [0.0671875, 0.03194444444444444], [-0.01953125, 0.03194444444444444], [-0.04296875, 0.009722222222222222], [0.0, 0.0], [0.0, 0.0], [0.0, 0.0], [0.0, 0.0], [0.0, 0.0], [0.0, 0.0]], "R-Ank": [[-0.16484375, 0.09722222222222222], [0.103125, 0.11944444444444445], [-0.03203125, 0.09861111111111111], [-0.0671875, 0.09722222222222222], [0.0, 0.0], [0.0, 0.0], [0.0, 0.0], [0.0, 0.0], [0.0, 0.0], [0.0, 0.0]], "L-Hip": [[-0.10078125, -0.041666666666666664], [0.07890625, -0.05555555555555555], [0.0390625, -0.027777777777777776], [0.0015625, -0.07916666666666666], [0.0, 0.0], [0.0, 0.0], [0.0, 0.0], [0.0, 0.0], [0.0, 0.0], [0.0, 0.0]], "L-Knee": [[-0.1046875, 0.03194444444444444], [0.10390625, 0.0125], [0.06640625, 0.030555555555555555], [0.00546875, 0.011111111111111112], [0.0, 0.0], [0.0, 0.0], [0.0, 0.0], [0.0, 0.0], [0.0, 0.0], [0.0, 0.0]], "L-Ank": [[-0.128125, 0.11944444444444445], [0.128125, 0.09722222222222222], [0.07890625, 0.09861111111111111], [-0.00703125, 0.11944444444444445], [0.0, 0.0], [0.0, 0.0], [0.0, 0.0], [0.0, 0.0], [0.0, 0.0], [0.0, 0.0]]}