{"Head": [[0.42578125, -0.034722222222222224], [0.0796875, -0.24861111111111112], [0.090625, -0.27361111111111114], [0.09140625, -0.29583333333333334], [0.1640625, -0.22916666666666666], [0.0, 0.0], [0.0, 0.0], [0.0, 0.0], [0.0, 0.0], [0.0, 0.0]], "R-Sho": [[0.39921875, -0.044444444444444446], [0.078125, -0.22777777777777777], [0.07890625, -0.2513888888888889], [0.07890625, -0.2722222222222222], [0.140625, -0.20833333333333334], [0.0, 0.0], [0.0, 0.0], [0.0, 0.0], [0.0, 0.0], [0.0, 0.0]], "R-Elb": [[0.38828125, -0.03611111111111111], [0.0671875, -0.18611111111111112], [0.0671875, -0.20833333333333334], [0.0671875, -0.22916666666666666], [0.128125, -0.18611111111111112], [0.0, 0.0], [0.0, 0.0], [0.0, 0.0], [0.0, 0.0], [0.0, 0.0]], "R-Wr": [[0.37734375, -0.02638888888888889], [0.06796875, -0.1638888888888889], [0.06640625, -0.18611111111111112], [0.06640625, -0.18611111111111112], [0.11640625, -0.1638888888888889], [0.0, 0.0], [0.0, 0.0], [0.0, 0.0], [0.0, 0.0], [0.0, 0.0]], "L-Sho": [[0.4078125, -0.009722222222222222], [0.09140625, -0.22777777777777777], [0.103125, -0.2513888888888889], [0.11484375, -0.2722222222222222], [0.17578125, -0.20555555555555555], [0.0, 0.0], [0.0, 0.0], [0.0, 0.0], [0.0, 0.0], [0.0, 0.0]], "L-Elb": [[0.39921875, -0.006944444444444444], [0.103125, -0.18611111111111112], [0.10390625, -0.20833333333333334], [0.115625, -0.22777777777777777], [0.17578125, -0.1638888888888889], [0.0, 0.0], [0.0, 0.0], [0.0, 0.0], [0.0, 0.0], [0.0, 0.0]], "L-Wr": [[0.38515625, -0.002777777777777778], [0.10234375, -0.1638888888888889], [0.115625, -0.18472222222222223], [0.115625, -0.18472222222222223], [0.1765625, -0.14166666666666666], [0.0, 0.0], [0.0, 0.0], [0.0, 0.0], [0.0, 0.0], [0.0, 0.0]], "R-Hip": [[0.371875, -0.044444444444444446], [0.07890625, -0.1638888888888889], [0.07890625, -0.18611111111111112], [0.07890625, -0.20555555555555555], [0.12734375, -0.1638888888888889], [0.0, 0.0], [0.0, 0.0], [0.0, 0.0], [0.0, 0.0], [0.0, 0.0]], "R-Knee": [[0.359375, -0.05138888888888889], [0.078125, -0.14027777777777778], [0.06640625, -0.14305555555555555], [0.0671875, -0.1625], [0.103125, -0.14166666666666666], [0.0, 0.0], [0.0, 0.0], [0.0, 0.0], [0.0, 0.0], [0.0, 0.0]], "R-Ank": [[0.3359375, -0.05138888888888889], [0.06640625, -0.09722222222222222], [0.065625, -0.07916666666666666], [0.06640625, -0.07916666666666666], [0.0671875, -0.09722222222222222], [0.0, 0.0], [0.0, 0.0], [0.0, 0.0], [0.0, 0.0], [0.0, 0.0]], "L-Hip": [[0.38046875, 0.002777777777777778], [0.09140625, -0.1638888888888889], [0.10234375, -0.18472222222222223], [0.103125, -0.20555555555555555], [0.140625, -0.14305555555555555], [0.0, 0.0], [0.0, 0.0], [0.0, 0.0], [0.0, 0.0], [0.0, 0.0]], "L-Knee": [[0.36015625, -0.001388888888888889], [0.10234375, -0.14027777777777778], [0.11484375, -0.14305555555555555], [0.115625, -0.14444444444444443], [0.1515625, -0.11944444444444445], [0.0, 0.0], [0.0, 0.0], [0.0, 0.0], [0.0, 0.0], [0.0, 0.0]], "L-Ank": [[0.33671875, -0.006944444444444444], [0.103125, -0.09722222222222222], [0.115625, -0.09722222222222222], [0.12734375, -0.07916666666666666], [0.115625, -0.0763888888888889], [0.0, 0.0], [0.0, 0.0], [0.0, 0.0], [0.0, 0.0], [0.0, 0.0]]}