{"Head": [[0.00703125, -0.2111111111111111], [0.00859375, -0.20416666666666666], [-0.03828125, -0.17222222222222222], [-0.23125, -0.022222222222222223], [0.0, 0.0], [0.0, 0.0], [0.0, 0.0], [0.0, 0.0], [0.0, 0.0], [0.0, 0.0]], "R-Sho": [[-0.015625, -0.19722222222222222], [-0.01875, -0.18611111111111112], [-0.04765625, -0.14166666666666666], [-0.2078125, 0.011111111111111112], [0.0, 0.0], [0.0, 0.0], [0.0, 0.0], [0.0, 0.0], [0.0, 0.0], [0.0, 0.0]], "R-Elb": [[-0.034375, -0.17083333333333334], [-0.03046875, -0.14305555555555555], [-0.0546875, -0.1111111111111111], [-0.1875, 0.02361111111111111], [0.0, 0.0], [0.0, 0.0], [0.0, 0.0], [0.0, 0.0], [0.0, 0.0], [0.0, 0.0]], "R-Wr": [[-0.05, -0.09166666666666666], [-0.03046875, -0.1], [-0.065625, -0.08611111111111111], [-0.18515625, -0.015277777777777777], [0.0, 0.0], [0.0, 0.0], [0.0, 0.0], [0.0, 0.0], [0.0, 0.0], [0.0, 0.0]], "L-Sho": [[0.0265625, -0.18888888888888888], [0.01875, -0.20694444444444443], [-0.021875, -0.16944444444444445], [-0.21328125, -0.022222222222222223], [0.0, 0.0], [0.0, 0.0], [0.0, 0.0], [0.0, 0.0], [0.0, 0.0], [0.0, 0.0]], "L-Elb": [[0.0375, -0.1625], [0.0421875, -0.1638888888888889], [-0.003125, -0.15694444444444444], [-0.2015625, -0.05138888888888889], [0.0, 0.0], [0.0, 0.0], [0.0, 0.0], [0.0, 0.0], [0.0, 0.0], [0.0, 0.0]], "L-Wr": [[0.0484375, -0.10833333333333334], [0.0421875, -0.12222222222222222], [0.01328125, -0.12638888888888888], [-0.1828125, -0.04583333333333333], [0.0, 0.0], [0.0, 0.0], [0.0, 0.0], [0.0, 0.0], [0.0, 0.0], [0.0, 0.0]], "R-Hip": [[-0.01015625, -0.14583333333333334], [-0.00625, -0.14166666666666666], [-0.02421875, -0.10277777777777777], [-0.1625, 0.0], [0.0, 0.0], [0.0, 0.0], [0.0, 0.0], [0.0, 0.0], [0.0, 0.0], [0.0, 0.0]], "R-Knee": [[-0.0140625, -0.10138888888888889], [-0.01875, -0.07777777777777778], [-0.01171875, -0.041666666666666664], [-0.125, -0.030555555555555555], [0.0, 0.0], [0.0, 0.0], [0.0, 0.0], [0.0, 0.0], [0.0, 0.0], [0.0, 0.0]], "R-Ank": [[-0.01953125, -0.030555555555555555], [-0.0296875, -0.011111111111111112], [0.01484375, -0.009722222222222222], [-0.0890625, -0.03333333333333333], [0.0, 0.0], [0.0, 0.0], [0.0, 0.0], [0.0, 0.0], [0.0, 0.0], [0.0, 0.0]], "L-Hip": [[0.01640625, -0.14722222222222223], [0.01796875, -0.14166666666666666], [0.00078125, -0.10555555555555556], [-0.15625, -0.03333333333333333], [0.0, 0.0], [0.0, 0.0], [0.0, 0.0], [0.0, 0.0], [0.0, 0.0], [0.0, 0.0]], "L-Knee": [[0.0265625, -0.08472222222222223], [0.0296875, -0.07777777777777778], [0.028125, -0.08194444444444444], [-0.121875, -0.04722222222222222], [0.0, 0.0], [0.0, 0.0], [0.0, 0.0], [0.0, 0.0], [0.0, 0.0], [0.0, 0.0]], "L-Ank": [[0.04609375, -0.011111111111111112], [0.0421875, -0.0125], [0.08359375, -0.02361111111111111], [-0.0796875, -0.015277777777777777], [0.0, 0.0], [0.0, 0.0], [0.0, 0.0], [0.0, 0.0], [0.0, 0.0], [0.0, 0.0]]}