{"Head": [[-0.00625, -0.11944444444444445], [-0.00625, -0.11944444444444445], [-0.00625, -0.11944444444444445], [0.0046875, -0.12083333333333333], [0.00546875, -0.12083333333333333], [0.00546875, -0.14027777777777778], [0.00546875, -0.14166666666666666], [0.00546875, -0.10972222222222222], [-0.071875, -0.06666666666666667], [-0.20390625, 0.009722222222222222]], "R-Sho": [[-0.01953125, -0.09722222222222222], [-0.01953125, -0.09722222222222222], [-0.01875, -0.09861111111111111], [-0.01875, -0.09861111111111111], [-0.01796875, -0.09861111111111111], [-0.01875, -0.1], [-0.01796875, -0.11944444444444445], [-0.0109375, -0.08333333333333333], [-0.0765625, -0.022222222222222223], [-0.19140625, 0.03888888888888889]], "R-Elb": [[-0.059375, -0.09166666666666666], [-0.046875, -0.07916666666666666], [-0.03125, -0.075], [-0.03046875, -0.075], [-0.03046875, -0.0763888888888889], [-0.04375, -0.08333333333333333], [-0.0546875, -0.08333333333333333], [-0.03203125, -0.07916666666666666], [-0.08125, -0.001388888888888889], [-0.2140625, 0.058333333333333334]], "R-Wr": [[-0.10234375, -0.05694444444444444], [-0.0828125, -0.03333333333333333], [-0.07578125, -0.05555555555555555], [-0.08984375, -0.03333333333333333], [-0.071875, -0.05416666666666667], [-0.08046875, -0.05694444444444444], [-0.08359375, -0.0625], [-0.0671875, -0.058333333333333334], [-0.09453125, 0.025], [-0.27109375, 0.09027777777777778]], "L-Sho": [[0.025, -0.10416666666666667], [0.0109375, -0.10416666666666667], [0.0171875, -0.09722222222222222], [0.01796875, -0.09861111111111111], [0.01796875, -0.09861111111111111], [0.028125, -0.10833333333333334], [0.01796875, -0.11944444444444445], [0.03359375, -0.09027777777777778], [-0.04453125, -0.0625], [-0.17421875, -0.019444444444444445]], "L-Elb": [[0.05625, -0.08472222222222223], [0.0421875, -0.07777777777777778], [0.04921875, -0.06111111111111111], [0.05703125, -0.07083333333333333], [0.0296875, -0.075], [0.05625, -0.08611111111111111], [0.04140625, -0.09861111111111111], [0.06171875, -0.06527777777777778], [-0.01015625, -0.034722222222222224], [-0.18203125, -0.059722222222222225]], "L-Wr": [[0.0890625, -0.05], [0.0859375, -0.019444444444444445], [0.08515625, -0.025], [0.09140625, -0.025], [0.09453125, -0.02361111111111111], [0.0921875, -0.034722222222222224], [0.08828125, -0.05416666666666667], [0.08984375, -0.041666666666666664], [0.009375, 0.005555555555555556], [-0.225, -0.0763888888888889]], "R-Hip": [[-0.01875, -0.011111111111111112], [-0.0234375, -0.034722222222222224], [-0.021875, -0.02638888888888889], [-0.01875, -0.04583333333333333], [-0.0125, -0.043055555555555555], [-0.0078125, -0.03333333333333333], [-0.00703125, -0.034722222222222224], [-0.00078125, -0.030555555555555555], [-0.03203125, 0.011111111111111112], [-0.11015625, 0.04583333333333333]], "R-Knee": [[-0.03125, 0.03194444444444444], [-0.028125, 0.022222222222222223], [-0.03125, 0.009722222222222222], [-0.03046875, 0.009722222222222222], [-0.03125, 0.009722222222222222], [-0.03125, 0.009722222222222222], [-0.03046875, 0.009722222222222222], [-0.01953125, 0.043055555555555555], [-0.0375, 0.03194444444444444], [-0.0640625, 0.06805555555555555]], "R-Ank": [[-0.04296875, 0.09722222222222222], [-0.04296875, 0.07777777777777778], [-0.04296875, 0.0763888888888889], [-0.04296875, 0.0763888888888889], [-0.04296875, 0.0763888888888889], [-0.0421875, 0.075], [-0.03125, 0.075], [-0.01953125, 0.07361111111111111], [0.0015625, 0.07222222222222222], [-0.01171875, 0.06944444444444445]], "L-Hip": [[0.00546875, -0.011111111111111112], [0.00625, -0.013888888888888888], [0.00546875, -0.03194444444444444], [0.00703125, -0.03194444444444444], [0.00625, -0.03333333333333333], [0.0171875, -0.03333333333333333], [0.01796875, -0.03333333333333333], [0.025, -0.027777777777777776], [-0.0140625, -0.006944444444444444], [-0.09921875, 0.011111111111111112]], "L-Knee": [[0.01796875, 0.03194444444444444], [0.03046875, 0.011111111111111112], [0.0296875, 0.009722222222222222], [0.0296875, 0.011111111111111112], [0.01796875, 0.011111111111111112], [0.03125, 0.009722222222222222], [0.02890625, 0.009722222222222222], [0.0546875, 0.016666666666666666], [0.00234375, 0.03333333333333333], [-0.059375, 0.022222222222222223]], "L-Ank": [[0.03046875, 0.09722222222222222], [0.0421875, 0.09722222222222222], [0.0421875, 0.09583333333333334], [0.03046875, 0.075], [0.0296875, 0.075], [0.0421875, 0.075], [0.0296875, 0.05555555555555555], [0.07578125, 0.04861111111111111], [0.01640625, 0.04861111111111111], [-0.003125, 0.02638888888888889]]}