{"Head": [[-0.03125, -0.20833333333333334], [-0.03125, -0.22777777777777777], [-0.03125, -0.22777777777777777], [-0.03125, -0.22916666666666666], [-0.01875, -0.29305555555555557], [-0.01875, -0.29444444444444445], [-0.00546875, -0.25], [0.1109375, -0.2638888888888889], [0.24609375, -0.2263888888888889], [0.1265625, -0.13333333333333333]], "R-Sho": [[-0.0671875, -0.20833333333333334], [-0.0671875, -0.22777777777777777], [-0.0671875, -0.2263888888888889], [-0.0671875, -0.22916666666666666], [-0.0546875, -0.2722222222222222], [-0.0546875, -0.2722222222222222], [-0.03046875, -0.22916666666666666], [0.08046875, -0.21944444444444444], [0.196875, -0.19583333333333333], [0.07578125, -0.10694444444444444]], "R-Elb": [[-0.09140625, -0.14166666666666666], [-0.09296875, -0.14166666666666666], [-0.08046875, -0.14166666666666666], [-0.08046875, -0.14305555555555555], [-0.0921875, -0.18611111111111112], [-0.0921875, -0.22916666666666666], [-0.0671875, -0.18611111111111112], [0.0171875, -0.17777777777777778], [0.16796875, -0.1625], [0.07578125, -0.058333333333333334]], "R-Wr": [[-0.0796875, -0.0763888888888889], [-0.08046875, -0.0763888888888889], [-0.0796875, -0.07777777777777778], [-0.36015625, -0.38055555555555554], [-0.10390625, -0.09861111111111111], [-0.12734375, -0.1625], [-0.0921875, -0.14305555555555555], [-0.021875, -0.1361111111111111], [0.15625, -0.11944444444444445], [0.1078125, 0.006944444444444444]], "L-Sho": [[-0.00546875, -0.20694444444444443], [-0.00546875, -0.20833333333333334], [0.0046875, -0.20694444444444443], [0.0046875, -0.22916666666666666], [0.0171875, -0.2708333333333333], [0.01796875, -0.2722222222222222], [0.0296875, -0.20833333333333334], [0.1375, -0.2], [0.265625, -0.13194444444444445], [0.15390625, -0.044444444444444446]], "L-Elb": [[0.01875, -0.14305555555555555], [0.01796875, -0.14305555555555555], [0.01875, -0.1625], [0.01796875, -0.14166666666666666], [0.0421875, -0.18611111111111112], [0.04296875, -0.18472222222222223], [0.04296875, -0.14305555555555555], [0.15, -0.12638888888888888], [0.2703125, -0.075], [0.14609375, 0.030555555555555555]], "L-Wr": [[0.01796875, -0.09722222222222222], [0.00546875, -0.11805555555555555], [0.01875, -0.09861111111111111], [0.00546875, -0.09722222222222222], [0.04140625, -0.14027777777777778], [0.04296875, -0.1638888888888889], [0.04296875, -0.12083333333333333], [0.14765625, -0.06805555555555555], [0.278125, -0.011111111111111112], [0.14140625, 0.09305555555555556]], "R-Hip": [[-0.05546875, -0.12083333333333333], [-0.0671875, -0.14027777777777778], [-0.05625, -0.12083333333333333], [-0.0671875, -0.12083333333333333], [-0.04375, -0.14166666666666666], [-0.04296875, -0.12083333333333333], [-0.01875, -0.1], [0.04921875, -0.06111111111111111], [0.1625, -0.06666666666666667], [0.0296875, 0.020833333333333332]], "R-Knee": [[-0.0921875, -0.05555555555555555], [-0.0921875, -0.05416666666666667], [-0.09140625, -0.03333333333333333], [-0.0921875, -0.05277777777777778], [-0.0921875, -0.05416666666666667], [-0.0796875, -0.03194444444444444], [-0.0546875, 0.009722222222222222], [-0.01328125, 0.027777777777777776], [0.07109375, 0.008333333333333333], [-0.0484375, 0.06111111111111111]], "R-Ank": [[-0.10390625, 0.07361111111111111], [-0.10390625, 0.075], [-0.103125, 0.0763888888888889], [-0.10546875, 0.075], [-0.10390625, 0.075], [-0.10390625, 0.09583333333333334], [-0.10390625, 0.09722222222222222], [-0.1046875, 0.11388888888888889], [-0.0265625, 0.09305555555555556], [-0.14375, 0.1361111111111111]], "L-Hip": [[-0.00703125, -0.11944444444444445], [-0.01875, -0.12083333333333333], [-0.01796875, -0.12083333333333333], [-0.00703125, -0.11944444444444445], [0.0046875, -0.14166666666666666], [0.00625, -0.11944444444444445], [0.01796875, -0.1], [0.07734375, -0.04861111111111111], [0.1796875, -0.05694444444444444], [0.04140625, 0.07222222222222222]], "L-Knee": [[0.01796875, -0.05416666666666667], [0.01796875, -0.075], [0.0296875, -0.03333333333333333], [0.01796875, -0.034722222222222224], [0.0296875, -0.03333333333333333], [0.0421875, 0.008333333333333333], [0.0421875, -0.05555555555555555], [0.1125, 0.0125], [0.15, 0.03333333333333333], [0.02578125, 0.12777777777777777]], "L-Ank": [[0.0296875, 0.075], [0.03046875, 0.05416666666666667], [0.04140625, 0.075], [0.0421875, 0.09583333333333334], [0.0421875, 0.0763888888888889], [0.05546875, 0.0763888888888889], [0.03046875, 0.075], [0.06796875, 0.12916666666666668], [0.07734375, 0.1361111111111111], [-0.04609375, 0.14583333333333334]]}