{"Head": [[-0.06640625, -0.05555555555555555], [-0.0671875, -0.034722222222222224], [-0.0671875, -0.011111111111111112], [-0.0671875, 0.009722222222222222], [-0.05546875, -0.03333333333333333], [0.00546875, -0.009722222222222222], [0.12578125, 0.14444444444444443], [0.171875, 0.1527777777777778], [0.0, 0.0], [0.0, 0.0]], "R-Sho": [[-0.07890625, -0.03333333333333333], [-0.0796875, -0.013888888888888888], [-0.0796875, 0.0125], [-0.0796875, 0.03194444444444444], [-0.07109375, -0.016666666666666666], [-0.00703125, 0.011111111111111112], [0.11484375, 0.1388888888888889], [0.16328125, 0.1527777777777778], [0.0, 0.0], [0.0, 0.0]], "R-Elb": [[-0.08046875, -0.011111111111111112], [-0.08046875, 0.009722222222222222], [-0.08046875, 0.05416666666666667], [-0.0796875, 0.075], [-0.0734375, -0.004166666666666667], [-0.03046875, 0.03194444444444444], [0.11484375, 0.1527777777777778], [0.15390625, 0.1527777777777778], [0.0, 0.0], [0.0, 0.0]], "R-Wr": [[-0.0859375, 0.0375], [-0.0796875, 0.05277777777777778], [-0.09140625, 0.09722222222222222], [-0.08046875, 0.11805555555555555], [-0.08046875, 0.022222222222222223], [-0.0421875, 0.058333333333333334], [0.1390625, 0.18055555555555555], [0.1390625, 0.1638888888888889], [0.0, 0.0], [0.0, 0.0]], "L-Sho": [[-0.05390625, -0.03333333333333333], [-0.0546875, -0.013888888888888888], [-0.0546875, 0.011111111111111112], [-0.04375, 0.03194444444444444], [-0.0390625, -0.018055555555555554], [0.00625, 0.03194444444444444], [0.11875, 0.15], [0.15703125, 0.18333333333333332], [0.0, 0.0], [0.0, 0.0]], "L-Elb": [[-0.04296875, 0.009722222222222222], [-0.04296875, 0.011111111111111112], [-0.04296875, 0.05416666666666667], [-0.0421875, 0.075], [-0.0234375, -0.008333333333333333], [0.02109375, 0.05555555555555555], [0.12265625, 0.1638888888888889], [0.15859375, 0.2], [0.0, 0.0], [0.0, 0.0]], "L-Wr": [[-0.04296875, 0.05277777777777778], [-0.04296875, 0.05416666666666667], [-0.03125, 0.09722222222222222], [-0.03125, 0.11805555555555555], [-0.0171875, 0.013888888888888888], [0.034375, 0.09166666666666666], [0.14453125, 0.17222222222222222], [0.190625, 0.20972222222222223], [0.0, 0.0], [0.0, 0.0]], "R-Hip": [[-0.06796875, 0.05277777777777778], [-0.06796875, 0.05277777777777778], [-0.06875, 0.09722222222222222], [-0.07890625, 0.09722222222222222], [-0.06640625, 0.03888888888888889], [-0.01796875, 0.07361111111111111], [0.05703125, 0.14583333333333334], [0.1203125, 0.16527777777777777], [0.0, 0.0], [0.0, 0.0]], "R-Knee": [[-0.07890625, 0.09861111111111111], [-0.07890625, 0.09861111111111111], [-0.0859375, 0.12361111111111112], [-0.08046875, 0.11944444444444445], [-0.08046875, 0.09166666666666666], [-0.03515625, 0.08472222222222223], [0.021875, 0.12638888888888888], [0.0765625, 0.15416666666666667], [0.0, 0.0], [0.0, 0.0]], "R-Ank": [[-0.0796875, 0.1625], [-0.0796875, 0.1625], [-0.0921875, 0.16805555555555557], [-0.0921875, 0.1625], [-0.09375, 0.1388888888888889], [-0.0703125, 0.13194444444444445], [-0.0109375, 0.12638888888888888], [0.01171875, 0.13055555555555556], [0.0, 0.0], [0.0, 0.0]], "L-Hip": [[-0.0546875, 0.05277777777777778], [-0.0546875, 0.05277777777777778], [-0.0546875, 0.09722222222222222], [-0.05546875, 0.09722222222222222], [-0.03984375, 0.034722222222222224], [0.00625, 0.09166666666666666], [0.053125, 0.175], [0.1140625, 0.2111111111111111], [0.0, 0.0], [0.0, 0.0]], "L-Knee": [[-0.04296875, 0.09722222222222222], [-0.04375, 0.09861111111111111], [-0.04375, 0.14166666666666666], [-0.03125, 0.11944444444444445], [-0.0296875, 0.06944444444444445], [-0.00390625, 0.10833333333333334], [0.0234375, 0.16944444444444445], [0.0765625, 0.18888888888888888], [0.0, 0.0], [0.0, 0.0]], "L-Ank": [[-0.03203125, 0.1625], [-0.04296875, 0.1625], [-0.03203125, 0.1736111111111111], [-0.03125, 0.1597222222222222], [-0.0140625, 0.10694444444444444], [-0.0203125, 0.14166666666666666], [-0.0171875, 0.15694444444444444], [0.01953125, 0.1625], [0.0, 0.0], [0.0, 0.0]]}