{"Head": [[0.0, 0.0], [-0.03984375, -0.3013888888888889], [-0.0375, -0.2833333333333333], [-0.03671875, -0.2763888888888889], [-0.034375, -0.22083333333333333], [0.03125, -0.20555555555555555], [0.084375, -0.15555555555555556], [0.0, 0.0], [0.0, 0.0], [0.0, 0.0]], "R-Sho": [[-0.0375, -0.2972222222222222], [-0.0484375, -0.25833333333333336], [-0.05078125, -0.25972222222222224], [-0.04765625, -0.2513888888888889], [-0.04921875, -0.1875], [0.00859375, -0.1763888888888889], [0.06796875, -0.14583333333333334], [0.0, 0.0], [0.0, 0.0], [0.0, 0.0]], "R-Elb": [[-0.05546875, -0.25416666666666665], [-0.05546875, -0.2013888888888889], [-0.0578125, -0.20833333333333334], [-0.059375, -0.21944444444444444], [-0.071875, -0.16944444444444445], [-0.00859375, -0.16805555555555557], [0.071875, -0.1361111111111111], [0.0, 0.0], [0.0, 0.0], [0.0, 0.0]], "R-Wr": [[-0.06328125, -0.19722222222222222], [-0.05546875, -0.12777777777777777], [-0.0578125, -0.1361111111111111], [-0.05859375, -0.15138888888888888], [-0.09140625, -0.16944444444444445], [-0.0171875, -0.12361111111111112], [0.08828125, -0.12777777777777777], [0.0, 0.0], [0.0, 0.0], [0.0, 0.0]], "L-Sho": [[-0.059375, -0.15833333333333333], [-0.021875, -0.25972222222222224], [-0.02109375, -0.2722222222222222], [-0.02109375, -0.25555555555555554], [-0.0171875, -0.19583333333333333], [0.02890625, -0.16805555555555557], [0.07421875, -0.1486111111111111], [0.0, 0.0], [0.0, 0.0], [0.0, 0.0]], "L-Elb": [[-0.0234375, -0.2625], [-0.01640625, -0.21944444444444444], [-0.015625, -0.2125], [-0.0078125, -0.22361111111111112], [-0.0015625, -0.16805555555555557], [0.03515625, -0.14166666666666666], [0.08671875, -0.13333333333333333], [0.0, 0.0], [0.0, 0.0], [0.0, 0.0]], "L-Wr": [[-0.01796875, -0.2125], [-0.0109375, -0.14166666666666666], [-0.01328125, -0.16805555555555557], [-0.00859375, -0.14444444444444443], [0.009375, -0.1111111111111111], [0.03515625, -0.1111111111111111], [0.10078125, -0.12638888888888888], [0.0, 0.0], [0.0, 0.0], [0.0, 0.0]], "R-Hip": [[-0.0140625, -0.1638888888888889], [-0.03984375, -0.17916666666666667], [-0.04296875, -0.17083333333333334], [-0.03671875, -0.15694444444444444], [-0.03671875, -0.12916666666666668], [-0.00390625, -0.125], [0.0625, -0.13472222222222222], [0.0, 0.0], [0.0, 0.0], [0.0, 0.0]], "R-Knee": [[-0.04453125, -0.16944444444444445], [-0.0484375, -0.11944444444444445], [-0.04296875, -0.11944444444444445], [-0.05, -0.10416666666666667], [-0.0484375, -0.09166666666666666], [-0.03125, -0.09444444444444444], [0.021875, -0.1111111111111111], [0.0, 0.0], [0.0, 0.0], [0.0, 0.0]], "R-Ank": [[-0.05, -0.1111111111111111], [-0.05859375, -0.06527777777777778], [-0.05234375, -0.059722222222222225], [-0.0546875, -0.04861111111111111], [-0.0671875, -0.05138888888888889], [-0.05625, -0.0763888888888889], [-0.0078125, -0.09305555555555556], [0.0, 0.0], [0.0, 0.0], [0.0, 0.0]], "L-Hip": [[-0.05625, -0.07083333333333333], [-0.02890625, -0.17916666666666667], [-0.02734375, -0.17916666666666667], [-0.0234375, -0.15833333333333333], [-0.01484375, -0.13472222222222222], [0.0109375, -0.10972222222222222], [0.0640625, -0.11527777777777778], [0.0, 0.0], [0.0, 0.0], [0.0, 0.0]], "L-Knee": [[-0.0265625, -0.1597222222222222], [-0.0234375, -0.1125], [-0.02265625, -0.1125], [-0.01640625, -0.10277777777777777], [-0.01015625, -0.10416666666666667], [0.00234375, -0.07916666666666666], [0.03359375, -0.09305555555555556], [0.0, 0.0], [0.0, 0.0], [0.0, 0.0]], "L-Ank": [[-0.021875, -0.11388888888888889], [-0.0078125, -0.05694444444444444], [-0.0125, -0.06944444444444445], [-0.00390625, -0.04583333333333333], [-0.02421875, -0.05416666666666667], [-0.03359375, -0.04583333333333333], [-0.00546875, -0.07083333333333333], [0.0, 0.0], [0.0, 0.0], [0.0, 0.0]]}