{"Head": [[0.0, 0.0], [0.00859375, -0.2013888888888889], [0.02265625, -0.1736111111111111], [0.06171875, -0.15833333333333333], [0.09375, -0.14027777777777778], [0.115625, -0.15138888888888888], [0.12421875, -0.15694444444444444], [0.0, 0.0], [0.0, 0.0], [0.0, 0.0]], "R-Sho": [[0.00390625, -0.2361111111111111], [0.003125, -0.19444444444444445], [0.01640625, -0.16805555555555557], [0.05390625, -0.15555555555555556], [0.090625, -0.14166666666666666], [0.10859375, -0.14722222222222223], [0.11953125, -0.14722222222222223], [0.0, 0.0], [0.0, 0.0], [0.0, 0.0]], "R-Elb": [[0.00078125, -0.23194444444444445], [-0.00390625, -0.19722222222222222], [0.0125, -0.16805555555555557], [0.05078125, -0.1625], [0.08671875, -0.14305555555555555], [0.10546875, -0.14722222222222223], [0.115625, -0.13333333333333333], [0.0, 0.0], [0.0, 0.0], [0.0, 0.0]], "R-Wr": [[-0.0015625, -0.2263888888888889], [-0.00859375, -0.19583333333333333], [0.0078125, -0.17083333333333334], [0.0484375, -0.16666666666666666], [0.08203125, -0.1486111111111111], [0.103125, -0.14722222222222223], [0.11484375, -0.12638888888888888], [0.0, 0.0], [0.0, 0.0], [0.0, 0.0]], "L-Sho": [[-0.0015625, -0.2263888888888889], [0.01171875, -0.19444444444444445], [0.025, -0.16805555555555557], [0.05703125, -0.15416666666666667], [0.09375, -0.13472222222222222], [0.1171875, -0.14583333333333334], [0.1265625, -0.15138888888888888], [0.0, 0.0], [0.0, 0.0], [0.0, 0.0]], "L-Elb": [[0.00703125, -0.23194444444444445], [0.01484375, -0.19166666666666668], [0.025, -0.1638888888888889], [0.05703125, -0.14583333333333334], [0.09375, -0.12916666666666668], [0.1171875, -0.14166666666666666], [0.1359375, -0.15138888888888888], [0.0, 0.0], [0.0, 0.0], [0.0, 0.0]], "L-Wr": [[0.009375, -0.22777777777777777], [0.01640625, -0.19027777777777777], [0.025, -0.15416666666666667], [0.05703125, -0.1375], [0.09296875, -0.12083333333333333], [0.1171875, -0.14027777777777778], [0.14375, -0.15], [0.0, 0.0], [0.0, 0.0], [0.0, 0.0]], "R-Hip": [[0.01328125, -0.22083333333333333], [0.00234375, -0.1875], [0.0125, -0.15416666666666667], [0.04140625, -0.15138888888888888], [0.07109375, -0.12361111111111112], [0.09609375, -0.12916666666666668], [0.12890625, -0.13472222222222222], [0.0, 0.0], [0.0, 0.0], [0.0, 0.0]], "R-Knee": [[0.003125, -0.2152777777777778], [0.00234375, -0.17916666666666667], [0.00546875, -0.15138888888888888], [0.03046875, -0.1527777777777778], [0.075, -0.13472222222222222], [0.103125, -0.125], [0.1265625, -0.1111111111111111], [0.0, 0.0], [0.0, 0.0], [0.0, 0.0]], "R-Ank": [[0.003125, -0.20277777777777778], [-0.00078125, -0.16666666666666666], [-0.00234375, -0.14722222222222223], [0.02109375, -0.15555555555555556], [0.06875, -0.14166666666666666], [0.10859375, -0.12916666666666668], [0.128125, -0.10416666666666667], [0.0, 0.0], [0.0, 0.0], [0.0, 0.0]], "L-Hip": [[0.00234375, -0.19444444444444445], [0.00859375, -0.18888888888888888], [0.01484375, -0.1486111111111111], [0.03984375, -0.1361111111111111], [0.075, -0.11805555555555555], [0.09609375, -0.12083333333333333], [0.13671875, -0.13472222222222222], [0.0, 0.0], [0.0, 0.0], [0.0, 0.0]], "L-Knee": [[0.01015625, -0.21805555555555556], [0.01015625, -0.18055555555555555], [0.01328125, -0.14027777777777778], [0.03125, -0.13472222222222222], [0.08046875, -0.125], [0.1046875, -0.11527777777777778], [0.140625, -0.12222222222222222], [0.0, 0.0], [0.0, 0.0], [0.0, 0.0]], "L-Ank": [[0.01015625, -0.20972222222222223], [0.009375, -0.15833333333333333], [0.01171875, -0.13194444444444445], [0.01796875, -0.13194444444444445], [0.0890625, -0.1111111111111111], [0.11171875, -0.11388888888888889], [0.15234375, -0.1125], [0.0, 0.0], [0.0, 0.0], [0.0, 0.0]]}