{"Head": [[-0.00390625, -0.18888888888888888], [-0.00625, -0.18611111111111112], [-0.00546875, -0.18194444444444444], [-0.00625, -0.1638888888888889], [-0.03046875, -0.12083333333333333], [-0.10625, -0.09027777777777778], [-0.221875, -0.05694444444444444], [-0.29921875, 0.05694444444444444], [-0.31484375, 0.03888888888888889], [0.0, 0.0]], "R-Sho": [[-0.01875, -0.1638888888888889], [-0.01875, -0.1638888888888889], [-0.01875, -0.1625], [-0.01875, -0.14166666666666666], [-0.04296875, -0.09861111111111111], [-0.1046875, -0.05555555555555555], [-0.21953125, -0.006944444444444444], [-0.2828125, 0.07777777777777778], [-0.3078125, 0.06111111111111111], [0.0, 0.0]], "R-Elb": [[-0.03046875, -0.11944444444444445], [-0.03046875, -0.11944444444444445], [-0.03046875, -0.1], [-0.03125, -0.09861111111111111], [-0.05546875, -0.05555555555555555], [-0.11640625, -0.0125], [-0.22578125, 0.03194444444444444], [-0.296875, 0.08333333333333333], [-0.2953125, 0.08055555555555556], [0.0, 0.0]], "R-Wr": [[-0.03125, -0.07777777777777778], [-0.03125, -0.07777777777777778], [-0.03125, -0.075], [-0.04296875, -0.0763888888888889], [-0.05625, -0.0125], [-0.128125, 0.011111111111111112], [-0.26953125, 0.06527777777777778], [-0.33515625, 0.09305555555555556], [-0.33125, 0.0763888888888889], [0.0, 0.0]], "L-Sho": [[0.01796875, -0.1638888888888889], [0.01796875, -0.1638888888888889], [0.0171875, -0.1625], [0.00625, -0.14166666666666666], [-0.00703125, -0.09861111111111111], [-0.0796875, -0.09861111111111111], [-0.26953125, 0.06527777777777778], [-0.28359375, 0.04861111111111111], [-0.3078125, 0.029166666666666667], [0.0, 0.0]], "L-Elb": [[0.0296875, -0.11805555555555555], [0.0296875, -0.11944444444444445], [0.0296875, -0.11944444444444445], [0.01875, -0.11944444444444445], [0.00625, -0.0763888888888889], [-0.05625, -0.0763888888888889], [-0.16640625, -0.08055555555555556], [-0.26796875, 0.06527777777777778], [-0.2890625, 0.005555555555555556], [0.0, 0.0]], "L-Wr": [[0.0296875, -0.0763888888888889], [0.03046875, -0.07777777777777778], [0.02890625, -0.07916666666666666], [0.0296875, -0.09861111111111111], [0.01875, -0.034722222222222224], [-0.05546875, -0.0763888888888889], [-0.16640625, -0.08055555555555556], [-0.30703125, 0.10694444444444444], [-0.33046875, 0.04722222222222222], [0.0, 0.0]], "R-Hip": [[-0.01796875, -0.07777777777777778], [-0.01875, -0.07777777777777778], [-0.01875, -0.0763888888888889], [-0.01875, -0.05416666666666667], [-0.03125, -0.03333333333333333], [-0.07890625, -0.011111111111111112], [-0.15, 0.019444444444444445], [-0.23359375, 0.07777777777777778], [-0.275, 0.08194444444444444], [0.0, 0.0]], "R-Knee": [[-0.03046875, -0.03194444444444444], [-0.03046875, -0.03194444444444444], [-0.03046875, -0.0125], [-0.03125, -0.011111111111111112], [-0.0546875, -0.011111111111111112], [-0.0671875, 0.03194444444444444], [-0.11484375, 0.05138888888888889], [-0.19375, 0.07916666666666666], [-0.2296875, 0.08888888888888889], [0.0, 0.0]], "R-Ank": [[-0.03125, 0.03333333333333333], [-0.03125, 0.05138888888888889], [-0.03125, 0.05277777777777778], [-0.03046875, 0.05416666666666667], [-0.01953125, 0.05277777777777778], [-0.03046875, 0.075], [-0.0609375, 0.05694444444444444], [-0.12421875, 0.09027777777777778], [-0.16953125, 0.06527777777777778], [0.0, 0.0]], "L-Hip": [[0.00625, -0.07777777777777778], [0.00546875, -0.07777777777777778], [0.00546875, -0.0763888888888889], [0.00546875, -0.05416666666666667], [-0.0078125, -0.034722222222222224], [-0.05546875, -0.03194444444444444], [-0.1390625, -0.015277777777777777], [-0.2296875, 0.03888888888888889], [-0.27265625, 0.044444444444444446], [0.0, 0.0]], "L-Knee": [[0.01796875, -0.03194444444444444], [0.01796875, -0.03194444444444444], [0.01796875, -0.0125], [0.0296875, -0.011111111111111112], [0.00703125, -0.011111111111111112], [-0.03125, 0.009722222222222222], [-0.1, 0.011111111111111112], [-0.18828125, 0.0375], [-0.2375, 0.05138888888888889], [0.0, 0.0]], "L-Ank": [[0.03046875, 0.05277777777777778], [0.03046875, 0.05277777777777778], [0.03046875, 0.05277777777777778], [0.05390625, 0.05416666666666667], [0.0296875, 0.05416666666666667], [-0.00625, 0.030555555555555555], [-0.0625, 0.03194444444444444], [-0.1296875, 0.030555555555555555], [-0.18203125, 0.05], [0.0, 0.0]]}