{"Head": [[-0.00625, -0.3597222222222222], [-0.00625, -0.3597222222222222], [-0.009375, -0.3611111111111111], [0.121875, -0.26944444444444443], [0.0, 0.0], [0.0, 0.0], [0.0, 0.0], [0.0, 0.0], [0.0, 0.0], [0.0, 0.0]], "R-Sho": [[-0.03203125, -0.33611111111111114], [-0.03125, -0.33611111111111114], [-0.04296875, -0.31666666666666665], [0.07890625, -0.25277777777777777], [0.0, 0.0], [0.0, 0.0], [0.0, 0.0], [0.0, 0.0], [0.0, 0.0], [0.0, 0.0]], "R-Elb": [[-0.05625, -0.27361111111111114], [-0.05625, -0.2722222222222222], [-0.06640625, -0.2722222222222222], [0.05390625, -0.20833333333333334], [0.0, 0.0], [0.0, 0.0], [0.0, 0.0], [0.0, 0.0], [0.0, 0.0], [0.0, 0.0]], "R-Wr": [[-0.0796875, -0.22916666666666666], [-0.0796875, -0.22777777777777777], [-0.07890625, -0.20833333333333334], [0.02109375, -0.16527777777777777], [0.0, 0.0], [0.0, 0.0], [0.0, 0.0], [0.0, 0.0], [0.0, 0.0], [0.0, 0.0]], "L-Sho": [[0.01796875, -0.31805555555555554], [0.01796875, -0.31666666666666665], [0.00625, -0.31666666666666665], [0.128125, -0.20694444444444443], [0.0, 0.0], [0.0, 0.0], [0.0, 0.0], [0.0, 0.0], [0.0, 0.0], [0.0, 0.0]], "L-Elb": [[0.04140625, -0.2722222222222222], [0.04140625, -0.2722222222222222], [0.03046875, -0.2708333333333333], [0.128125, -0.14166666666666666], [0.0, 0.0], [0.0, 0.0], [0.0, 0.0], [0.0, 0.0], [0.0, 0.0], [0.0, 0.0]], "L-Wr": [[0.05390625, -0.20833333333333334], [0.05390625, -0.20694444444444443], [0.0421875, -0.1875], [0.13359375, -0.05138888888888889], [0.0, 0.0], [0.0, 0.0], [0.0, 0.0], [0.0, 0.0], [0.0, 0.0], [0.0, 0.0]], "R-Hip": [[-0.03125, -0.22916666666666666], [-0.03125, -0.22916666666666666], [-0.03125, -0.22916666666666666], [0.04140625, -0.18472222222222223], [0.0, 0.0], [0.0, 0.0], [0.0, 0.0], [0.0, 0.0], [0.0, 0.0], [0.0, 0.0]], "R-Knee": [[-0.0671875, -0.14166666666666666], [-0.0671875, -0.14166666666666666], [-0.0671875, -0.14027777777777778], [-0.00546875, -0.12083333333333333], [0.0, 0.0], [0.0, 0.0], [0.0, 0.0], [0.0, 0.0], [0.0, 0.0], [0.0, 0.0]], "R-Ank": [[-0.0796875, -0.03333333333333333], [-0.0796875, -0.03333333333333333], [-0.0796875, -0.03333333333333333], [-0.0765625, -0.030555555555555555], [0.0, 0.0], [0.0, 0.0], [0.0, 0.0], [0.0, 0.0], [0.0, 0.0], [0.0, 0.0]], "L-Hip": [[0.00546875, -0.22916666666666666], [0.00546875, -0.22916666666666666], [0.00546875, -0.22916666666666666], [0.06640625, -0.14305555555555555], [0.0, 0.0], [0.0, 0.0], [0.0, 0.0], [0.0, 0.0], [0.0, 0.0], [0.0, 0.0]], "L-Knee": [[0.04140625, -0.14166666666666666], [0.0421875, -0.14166666666666666], [0.0421875, -0.14166666666666666], [0.065625, -0.07916666666666666], [0.0, 0.0], [0.0, 0.0], [0.0, 0.0], [0.0, 0.0], [0.0, 0.0], [0.0, 0.0]], "L-Ank": [[0.0546875, -0.03333333333333333], [0.0546875, -0.03333333333333333], [0.0546875, -0.03333333333333333], [0.01796875, -0.0125], [0.0, 0.0], [0.0, 0.0], [0.0, 0.0], [0.0, 0.0], [0.0, 0.0], [0.0, 0.0]]}