{"Head": [[0.06875, -0.48194444444444445], [0.06953125, -0.49027777777777776], [0.075, -0.4583333333333333], [0.08515625, -0.3388888888888889], [0.17890625, -0.18888888888888888], [0.21484375, -0.12916666666666668], [0.0, 0.0], [0.0, 0.0], [0.0, 0.0], [0.0, 0.0]], "R-Sho": [[0.065625, -0.4736111111111111], [0.065625, -0.48333333333333334], [0.071875, -0.44027777777777777], [0.07734375, -0.3263888888888889], [0.16796875, -0.18611111111111112], [0.203125, -0.125], [0.0, 0.0], [0.0, 0.0], [0.0, 0.0], [0.0, 0.0]], "R-Elb": [[0.06171875, -0.4708333333333333], [0.0609375, -0.4722222222222222], [0.065625, -0.43472222222222223], [0.0734375, -0.32083333333333336], [0.165625, -0.20277777777777778], [0.19296875, -0.13333333333333333], [0.0, 0.0], [0.0, 0.0], [0.0, 0.0], [0.0, 0.0]], "R-Wr": [[0.0578125, -0.4638888888888889], [0.0578125, -0.4652777777777778], [0.06328125, -0.4097222222222222], [0.06875, -0.3055555555555556], [0.1625, -0.22083333333333333], [0.18828125, -0.11805555555555555], [0.0, 0.0], [0.0, 0.0], [0.0, 0.0], [0.0, 0.0]], "L-Sho": [[0.07265625, -0.475], [0.075, -0.4861111111111111], [0.08046875, -0.44305555555555554], [0.08828125, -0.32222222222222224], [0.16796875, -0.17777777777777778], [0.209375, -0.11388888888888889], [0.0, 0.0], [0.0, 0.0], [0.0, 0.0], [0.0, 0.0]], "L-Elb": [[0.075, -0.4708333333333333], [0.07734375, -0.4777777777777778], [0.08359375, -0.42916666666666664], [0.09140625, -0.31527777777777777], [0.171875, -0.16111111111111112], [0.215625, -0.10555555555555556], [0.0, 0.0], [0.0, 0.0], [0.0, 0.0], [0.0, 0.0]], "L-Wr": [[0.08125, -0.46111111111111114], [0.0828125, -0.4638888888888889], [0.0875, -0.40694444444444444], [0.09921875, -0.2986111111111111], [0.18671875, -0.16111111111111112], [0.2296875, -0.09583333333333334], [0.0, 0.0], [0.0, 0.0], [0.0, 0.0], [0.0, 0.0]], "R-Hip": [[0.0671875, -0.46111111111111114], [0.06796875, -0.4708333333333333], [0.07578125, -0.40555555555555556], [0.078125, -0.3], [0.146875, -0.18194444444444444], [0.1828125, -0.1111111111111111], [0.0, 0.0], [0.0, 0.0], [0.0, 0.0], [0.0, 0.0]], "R-Knee": [[0.065625, -0.44583333333333336], [0.0671875, -0.4486111111111111], [0.07109375, -0.37916666666666665], [0.07109375, -0.28055555555555556], [0.11953125, -0.18472222222222223], [0.1625, -0.10555555555555556], [0.0, 0.0], [0.0, 0.0], [0.0, 0.0], [0.0, 0.0]], "R-Ank": [[0.06484375, -0.43194444444444446], [0.06640625, -0.425], [0.06875, -0.3625], [0.04921875, -0.2708333333333333], [0.109375, -0.19444444444444445], [0.14140625, -0.10833333333333334], [0.0, 0.0], [0.0, 0.0], [0.0, 0.0], [0.0, 0.0]], "L-Hip": [[0.07265625, -0.4583333333333333], [0.0734375, -0.4708333333333333], [0.08203125, -0.40555555555555556], [0.0859375, -0.2986111111111111], [0.14453125, -0.1597222222222222], [0.1859375, -0.09583333333333334], [0.0, 0.0], [0.0, 0.0], [0.0, 0.0], [0.0, 0.0]], "L-Knee": [[0.0734375, -0.4444444444444444], [0.07421875, -0.4513888888888889], [0.08125, -0.3861111111111111], [0.0859375, -0.2833333333333333], [0.11953125, -0.16111111111111112], [0.17890625, -0.06944444444444445], [0.0, 0.0], [0.0, 0.0], [0.0, 0.0], [0.0, 0.0]], "L-Ank": [[0.0765625, -0.42916666666666664], [0.075, -0.42777777777777776], [0.08125, -0.3625], [0.0859375, -0.26666666666666666], [0.103125, -0.1625], [0.14765625, -0.07083333333333333], [0.0, 0.0], [0.0, 0.0], [0.0, 0.0], [0.0, 0.0]]}