{"Head": [[0.01640625, -0.3333333333333333], [0.0046875, -0.3263888888888889], [-0.00625, -0.3375], [-0.00625, -0.3375], [0.00703125, -0.3402777777777778], [0.01171875, -0.3458333333333333], [0.0140625, -0.3], [0.0171875, -0.22916666666666666], [0.0796875, -0.16527777777777777], [0.18828125, -0.14305555555555555]], "R-Sho": [[-0.00859375, -0.2916666666666667], [-0.01875, -0.29305555555555557], [-0.03046875, -0.29444444444444445], [-0.01953125, -0.29444444444444445], [-0.01875, -0.29305555555555557], [-0.01796875, -0.29305555555555557], [-0.00703125, -0.27361111111111114], [-0.00625, -0.20694444444444443], [0.06640625, -0.14166666666666666], [0.1640625, -0.12083333333333333]], "R-Elb": [[-0.021875, -0.23055555555555557], [-0.03046875, -0.22777777777777777], [-0.0421875, -0.22777777777777777], [-0.03203125, -0.20833333333333334], [-0.0296875, -0.20833333333333334], [-0.03046875, -0.20833333333333334], [-0.01875, -0.20694444444444443], [-0.00625, -0.1625], [0.03046875, -0.12083333333333333], [0.1390625, -0.14166666666666666]], "R-Wr": [[-0.02578125, -0.1638888888888889], [-0.0421875, -0.1638888888888889], [-0.0484375, -0.14583333333333334], [-0.04296875, -0.1625], [-0.03125, -0.1625], [-0.0375, -0.12777777777777777], [-0.021875, -0.14444444444444443], [-0.00625, -0.14166666666666666], [-0.003125, -0.08472222222222223], [0.103125, -0.18472222222222223]], "L-Sho": [[0.04609375, -0.29305555555555557], [0.0296875, -0.29444444444444445], [0.01953125, -0.2902777777777778], [0.01796875, -0.29444444444444445], [0.0296875, -0.29305555555555557], [0.03359375, -0.2847222222222222], [0.03046875, -0.2722222222222222], [0.04140625, -0.20694444444444443], [0.0953125, -0.13333333333333333], [0.20390625, -0.08333333333333333]], "L-Elb": [[0.05390625, -0.22916666666666666], [0.0421875, -0.22916666666666666], [0.03515625, -0.22361111111111112], [0.0296875, -0.22777777777777777], [0.0421875, -0.22777777777777777], [0.0421875, -0.20833333333333334], [0.0546875, -0.20833333333333334], [0.0546875, -0.1638888888888889], [0.1109375, -0.08055555555555556], [0.2125, -0.05416666666666667]], "L-Wr": [[0.06015625, -0.1638888888888889], [0.05390625, -0.18333333333333332], [0.04375, -0.15], [0.03125, -0.1638888888888889], [0.0421875, -0.14305555555555555], [0.04296875, -0.16111111111111112], [0.05546875, -0.14166666666666666], [0.0546875, -0.12083333333333333], [0.11015625, -0.04583333333333333], [0.1890625, -0.07777777777777778]], "R-Hip": [[-0.00625, -0.1638888888888889], [-0.00703125, -0.1638888888888889], [-0.01796875, -0.1625], [-0.01796875, -0.1625], [-0.00703125, -0.1625], [-0.00703125, -0.14444444444444443], [-0.00703125, -0.14305555555555555], [0.00546875, -0.11944444444444445], [0.05, -0.06111111111111111], [0.103125, -0.030555555555555555]], "R-Knee": [[-0.01796875, -0.05555555555555555], [-0.01875, -0.05416666666666667], [-0.01875, -0.05416666666666667], [-0.01875, -0.05416666666666667], [-0.01875, -0.05416666666666667], [-0.01796875, -0.03333333333333333], [-0.01796875, -0.034722222222222224], [-0.01953125, -0.03333333333333333], [0.0265625, -0.025], [0.06953125, -0.020833333333333332]], "R-Ank": [[-0.0296875, 0.03194444444444444], [-0.03046875, 0.03194444444444444], [-0.03046875, 0.03333333333333333], [-0.03125, 0.030555555555555555], [-0.028125, 0.03611111111111111], [-0.02890625, 0.05138888888888889], [-0.01875, 0.030555555555555555], [-0.03125, 0.03194444444444444], [-0.03515625, 0.03333333333333333], [0.01328125, -0.011111111111111112]], "L-Hip": [[0.03203125, -0.15416666666666667], [0.0203125, -0.17222222222222222], [0.01640625, -0.1597222222222222], [0.01640625, -0.1597222222222222], [0.0234375, -0.175], [0.025, -0.1486111111111111], [0.028125, -0.14444444444444443], [0.034375, -0.12222222222222222], [0.0671875, -0.05555555555555555], [0.125, 0.03888888888888889]], "L-Knee": [[0.03515625, -0.0625], [0.01875, -0.05555555555555555], [0.03046875, -0.05555555555555555], [0.03046875, -0.05555555555555555], [0.03046875, -0.05416666666666667], [0.03046875, -0.05416666666666667], [0.03125, -0.05555555555555555], [0.05390625, -0.05416666666666667], [0.059375, 0.019444444444444445], [0.08046875, 0.059722222222222225]], "L-Ank": [[0.0515625, 0.022222222222222223], [0.04296875, 0.03194444444444444], [0.0421875, 0.03194444444444444], [0.0421875, 0.05277777777777778], [0.0421875, 0.05277777777777778], [0.04296875, 0.05277777777777778], [0.05390625, 0.03194444444444444], [0.04375, 0.030555555555555555], [0.01328125, 0.05277777777777778], [0.02265625, 0.06527777777777778]]}