{"Head": [[0.384375, -0.14166666666666666], [0.384375, -0.14444444444444443], [0.3828125, -0.16666666666666666], [0.3609375, -0.1638888888888889], [0.3328125, -0.09722222222222222], [0.2859375, -0.058333333333333334], [0.2109375, -0.016666666666666666], [0.1390625, 0.05], [0.078125, 0.11666666666666667], [0.0140625, 0.17777777777777778]], "R-Sho": [[0.359375, -0.08055555555555556], [0.359375, -0.09722222222222222], [0.3484375, -0.1], [0.334375, -0.07777777777777778], [0.309375, -0.013888888888888888], [0.271875, 0.011111111111111112], [0.1890625, 0.07222222222222222], [0.115625, 0.1388888888888889], [0.05625, 0.18611111111111112], [0.040625, 0.19166666666666668]], "R-Elb": [[0.346875, -0.016666666666666666], [0.3359375, -0.030555555555555555], [0.3234375, -0.011111111111111112], [0.3, 0.008333333333333333], [0.2859375, 0.075], [0.2484375, 0.09722222222222222], [0.1640625, 0.14166666666666666], [0.0890625, 0.20833333333333334], [0.0640625, 0.26944444444444443], [0.0359375, 0.28055555555555556]], "R-Wr": [[0.346875, 0.05277777777777778], [0.3359375, 0.05], [0.3109375, 0.07222222222222222], [0.284375, 0.07777777777777778], [0.2625, 0.1638888888888889], [0.2265625, 0.11944444444444445], [0.128125, 0.20555555555555555], [0.078125, 0.2916666666666667], [0.1015625, 0.20833333333333334], [-0.00625, 0.2861111111111111]], "L-Sho": [[0.4203125, -0.09722222222222222], [0.41875, -0.09722222222222222], [0.4078125, -0.10277777777777777], [0.396875, -0.09722222222222222], [0.3703125, -0.03333333333333333], [0.3234375, -0.011111111111111112], [0.2484375, 0.008333333333333333], [0.1640625, 0.05277777777777778], [0.103125, 0.11666666666666667], [0.059375, 0.15555555555555556]], "L-Elb": [[0.4328125, -0.03333333333333333], [0.4328125, -0.03333333333333333], [0.4203125, -0.013888888888888888], [0.421875, -0.011111111111111112], [0.396875, 0.05277777777777778], [0.36875, 0.05277777777777778], [0.296875, 0.030555555555555555], [0.1984375, 0.027777777777777776], [0.1265625, 0.07222222222222222], [0.075, 0.19722222222222222]], "L-Wr": [[0.446875, 0.06666666666666667], [0.440625, 0.09166666666666666], [0.4203125, 0.05277777777777778], [0.44375, 0.05], [0.4203125, 0.11944444444444445], [0.346875, 0.05277777777777778], [0.334375, 0.075], [0.225, -0.03333333333333333], [0.1375, 0.11944444444444445], [0.04375, 0.2388888888888889]], "R-Hip": [[0.3828125, 0.08611111111111111], [0.371875, 0.05277777777777778], [0.3609375, 0.05555555555555555], [0.3484375, 0.09444444444444444], [0.3265625, 0.14444444444444443], [0.296875, 0.14166666666666666], [0.2609375, 0.18055555555555555], [0.2015625, 0.225], [0.1296875, 0.26944444444444443], [0.14375, 0.23333333333333334]], "R-Knee": [[0.3578125, 0.16111111111111112], [0.3578125, 0.14166666666666666], [0.3234375, 0.15833333333333333], [0.309375, 0.1638888888888889], [0.290625, 0.20555555555555555], [0.2625, 0.18611111111111112], [0.2484375, 0.26944444444444443], [0.25, 0.26944444444444443], [0.1765625, 0.2722222222222222], [0.090625, 0.28888888888888886]], "R-Ank": [[0.3578125, 0.275], [0.3484375, 0.25277777777777777], [0.309375, 0.2722222222222222], [0.2859375, 0.26944444444444443], [0.2453125, 0.275], [0.2859375, 0.26944444444444443], [0.2859375, 0.26666666666666666], [0.284375, 0.2916666666666667], [0.225, 0.2916666666666667], [0.2046875, 0.28055555555555556]], "L-Hip": [[0.41875, 0.05277777777777778], [0.409375, 0.05277777777777778], [0.4078125, 0.05277777777777778], [0.3953125, 0.075], [0.36875, 0.09722222222222222], [0.3359375, 0.1388888888888889], [0.296875, 0.1388888888888889], [0.225, 0.1638888888888889], [0.153125, 0.20555555555555555], [0.1625, 0.16111111111111112]], "L-Knee": [[0.434375, 0.16111111111111112], [0.40625, 0.16111111111111112], [0.44375, 0.16111111111111112], [0.4203125, 0.20555555555555555], [0.4078125, 0.18055555555555555], [0.40625, 0.20555555555555555], [0.346875, 0.16111111111111112], [0.2953125, 0.20277777777777778], [0.2109375, 0.23055555555555557], [0.209375, 0.2388888888888889]], "L-Ank": [[0.46875, 0.25], [0.396875, 0.26944444444444443], [0.46875, 0.25], [0.4765625, 0.28888888888888886], [0.45625, 0.2722222222222222], [0.4546875, 0.26944444444444443], [0.3828125, 0.20555555555555555], [0.3703125, 0.23055555555555557], [0.2859375, 0.2916666666666667], [0.3171875, 0.26944444444444443]]}