{"Head": [[0.0171875, -0.16111111111111112], [0.0171875, -0.14722222222222223], [0.028125, -0.14166666666666666], [0.0296875, -0.1388888888888889], [0.0203125, -0.11944444444444445], [-0.0140625, -0.06666666666666667], [-0.1078125, -0.06111111111111111], [-0.171875, 0.013888888888888888], [-0.20625, 0.08333333333333333], [-0.225, 0.05277777777777778]], "R-Sho": [[0.0046875, -0.12222222222222222], [0.0046875, -0.11944444444444445], [0.00625, -0.1], [0.0171875, -0.1], [0.0046875, -0.07777777777777778], [-0.028125, -0.027777777777777776], [-0.0984375, -0.019444444444444445], [-0.1734375, 0.030555555555555555], [-0.19375, 0.11388888888888889], [-0.1921875, 0.07222222222222222]], "R-Elb": [[-0.00625, -0.07777777777777778], [-0.00625, -0.075], [-0.0046875, -0.058333333333333334], [0.0046875, -0.05555555555555555], [-0.0078125, -0.03333333333333333], [-0.0390625, 0.016666666666666666], [-0.1046875, -0.005555555555555556], [-0.1953125, 0.027777777777777776], [-0.1984375, 0.15833333333333333], [-0.178125, 0.11944444444444445]], "R-Wr": [[-0.0078125, -0.030555555555555555], [-0.0078125, -0.03333333333333333], [-0.00625, -0.013888888888888888], [-0.0046875, -0.013888888888888888], [-0.0171875, 0.011111111111111112], [-0.046875, 0.05277777777777778], [-0.13125, -0.005555555555555556], [-0.2421875, 0.008333333333333333], [-0.2390625, 0.16666666666666666], [-0.190625, 0.16111111111111112]], "L-Sho": [[0.040625, -0.12222222222222222], [0.040625, -0.12222222222222222], [0.0421875, -0.10277777777777777], [0.053125, -0.1], [0.0421875, -0.07777777777777778], [0.0046875, -0.04722222222222222], [-0.084375, -0.03888888888888889], [-0.1484375, -0.016666666666666666], [-0.1890625, 0.11388888888888889], [-0.1890625, 0.05555555555555555]], "L-Elb": [[0.053125, -0.07777777777777778], [0.0515625, -0.07777777777777778], [0.0546875, -0.075], [0.05625, -0.05555555555555555], [0.053125, -0.03333333333333333], [0.0171875, -0.011111111111111112], [-0.0609375, -0.03333333333333333], [-0.1796875, -0.030555555555555555], [-0.1953125, 0.15555555555555556], [-0.165625, 0.11944444444444445]], "L-Wr": [[0.053125, -0.03333333333333333], [0.053125, -0.03333333333333333], [0.0546875, -0.030555555555555555], [0.065625, -0.011111111111111112], [0.0546875, 0.008333333333333333], [0.0296875, 0.027777777777777776], [-0.0765625, 0.0], [-0.2140625, -0.05555555555555555], [-0.23125, 0.16111111111111112], [-0.1875, 0.16111111111111112]], "R-Hip": [[0.00625, -0.03333333333333333], [0.00625, -0.03333333333333333], [0.0171875, -0.013888888888888888], [0.0171875, -0.008333333333333333], [0.015625, 0.011111111111111112], [-0.01875, 0.05], [-0.0671875, 0.03611111111111111], [-0.1140625, 0.075], [-0.140625, 0.1388888888888889], [-0.1421875, 0.1388888888888889]], "R-Knee": [[0.003125, 0.05], [0.003125, 0.05], [0.0046875, 0.05277777777777778], [0.0046875, 0.05277777777777778], [-0.00625, 0.075], [-0.03125, 0.09444444444444444], [-0.040625, 0.1], [-0.0703125, 0.10555555555555556], [-0.1125, 0.1638888888888889], [-0.1046875, 0.16111111111111112]], "R-Ank": [[-0.00625, 0.11944444444444445], [-0.00625, 0.11944444444444445], [-0.00625, 0.11944444444444445], [-0.00625, 0.11944444444444445], [-0.0140625, 0.14166666666666666], [-0.0203125, 0.1388888888888889], [-0.0203125, 0.15], [0.0171875, 0.12777777777777777], [-0.053125, 0.16666666666666666], [-0.1046875, 0.16111111111111112]], "L-Hip": [[0.0296875, -0.03333333333333333], [0.03125, -0.03333333333333333], [0.040625, -0.013888888888888888], [0.0421875, -0.008333333333333333], [0.034375, 0.008333333333333333], [0.00625, 0.03333333333333333], [-0.0421875, 0.016666666666666666], [-0.1015625, 0.04722222222222222], [-0.1296875, 0.10555555555555556], [-0.1296875, 0.11666666666666667]], "L-Knee": [[0.0421875, 0.05], [0.0421875, 0.03611111111111111], [0.04375, 0.05277777777777778], [0.05625, 0.05277777777777778], [0.059375, 0.075], [0.0296875, 0.075], [-0.01875, 0.058333333333333334], [-0.053125, 0.05], [-0.09375, 0.11388888888888889], [-0.1046875, 0.09444444444444444]], "L-Ank": [[0.05625, 0.11944444444444445], [0.0640625, 0.11944444444444445], [0.065625, 0.11944444444444445], [0.078125, 0.11944444444444445], [0.0953125, 0.14444444444444443], [0.0546875, 0.1388888888888889], [0.0609375, 0.12777777777777777], [0.0171875, 0.041666666666666664], [-0.0578125, 0.11944444444444445], [-0.0671875, 0.09722222222222222]]}