{"Head": [[-0.040625, -0.21666666666666667], [-0.04375, -0.18611111111111112], [-0.04375, -0.18333333333333332], [-0.04375, -0.14166666666666666], [-0.04375, -0.15833333333333333], [-0.03125, -0.16666666666666666], [0.0296875, -0.11944444444444445], [0.1734375, -0.11944444444444445], [0.2515625, -0.016666666666666666], [0.359375, 0.09166666666666666]], "R-Sho": [[-0.065625, -0.1638888888888889], [-0.05625, -0.14444444444444443], [-0.05625, -0.14166666666666666], [-0.065625, -0.10277777777777777], [-0.0671875, -0.11944444444444445], [-0.04375, -0.1388888888888889], [0.00625, -0.07777777777777778], [0.1546875, -0.1], [0.234375, 0.0], [0.334375, 0.075]], "R-Elb": [[-0.06875, -0.11944444444444445], [-0.06875, -0.1], [-0.06875, -0.09722222222222222], [-0.0796875, -0.058333333333333334], [-0.0796875, -0.075], [-0.05625, -0.08055555555555556], [-0.0109375, -0.05277777777777778], [0.14375, -0.08055555555555556], [0.215625, 0.005555555555555556], [0.31875, 0.06388888888888888]], "R-Wr": [[-0.078125, -0.058333333333333334], [-0.0796875, -0.05555555555555555], [-0.0796875, -0.05555555555555555], [-0.08125, -0.013888888888888888], [-0.0796875, -0.013888888888888888], [-0.05625, -0.03888888888888889], [-0.0234375, -0.03333333333333333], [0.1359375, -0.1], [0.20625, -0.019444444444444445], [0.3234375, 0.008333333333333333]], "L-Sho": [[-0.0203125, -0.1638888888888889], [-0.0203125, -0.16111111111111112], [-0.0203125, -0.14166666666666666], [-0.0203125, -0.11944444444444445], [-0.021875, -0.12222222222222222], [-0.0078125, -0.14166666666666666], [0.0328125, -0.08611111111111111], [0.165625, -0.1], [0.240625, 0.0], [0.34375, 0.10555555555555556]], "L-Elb": [[-0.0078125, -0.12222222222222222], [-0.0078125, -0.11944444444444445], [-0.0078125, -0.1], [-0.00625, -0.07777777777777778], [-0.00625, -0.07777777777777778], [0.0046875, -0.09722222222222222], [0.05625, -0.06111111111111111], [0.165625, -0.06944444444444445], [0.240625, 0.03611111111111111], [0.3375, 0.1361111111111111]], "L-Wr": [[-0.00625, -0.07777777777777778], [0.0046875, -0.075], [-0.00625, -0.05555555555555555], [0.0046875, -0.030555555555555555], [-0.0046875, -0.03333333333333333], [0.00625, -0.05555555555555555], [0.0671875, -0.044444444444444446], [0.178125, -0.08611111111111111], [0.240625, 0.075], [0.3, 0.1361111111111111]], "R-Hip": [[-0.0546875, -0.05555555555555555], [-0.0546875, -0.05277777777777778], [-0.0546875, -0.05277777777777778], [-0.0546875, -0.030555555555555555], [-0.0546875, -0.03333333333333333], [-0.0328125, -0.03611111111111111], [0.0171875, -0.011111111111111112], [0.10625, -0.03333333333333333], [0.2125, 0.03611111111111111], [0.2671875, 0.058333333333333334]], "R-Knee": [[-0.0671875, 0.011111111111111112], [-0.0671875, 0.027777777777777776], [-0.0671875, 0.013888888888888888], [-0.06875, 0.030555555555555555], [-0.06875, 0.030555555555555555], [-0.0546875, 0.027777777777777776], [-0.0171875, 0.03611111111111111], [0.046875, 0.0], [0.1875, 0.011111111111111112], [0.2640625, -0.03333333333333333]], "R-Ank": [[-0.0796875, 0.09722222222222222], [-0.0796875, 0.09722222222222222], [-0.0796875, 0.09722222222222222], [-0.0796875, 0.11388888888888889], [-0.08125, 0.11388888888888889], [-0.0671875, 0.09444444444444444], [-0.046875, 0.09444444444444444], [-0.04375, 0.03333333333333333], [0.1875, -0.08055555555555556], [0.215625, -0.1111111111111111]], "L-Hip": [[-0.0296875, -0.05555555555555555], [-0.0296875, -0.05555555555555555], [-0.0296875, -0.05277777777777778], [-0.0203125, -0.03333333333333333], [-0.0296875, -0.03333333333333333], [-0.0078125, -0.03611111111111111], [0.04375, -0.002777777777777778], [0.1328125, 0.005555555555555556], [0.2078125, 0.030555555555555555], [0.246875, 0.09166666666666666]], "L-Knee": [[-0.009375, 0.011111111111111112], [-0.0078125, 0.027777777777777776], [-0.00625, 0.027777777777777776], [-0.00625, 0.030555555555555555], [-0.0078125, 0.030555555555555555], [0.003125, 0.030555555555555555], [0.0515625, 0.03888888888888889], [0.1109375, 0.05555555555555555], [0.2015625, 0.08055555555555556], [0.2140625, 0.07222222222222222]], "L-Ank": [[0.0046875, 0.09722222222222222], [0.00625, 0.09722222222222222], [0.00625, 0.09722222222222222], [0.015625, 0.1], [0.0171875, 0.11388888888888889], [0.0171875, 0.09722222222222222], [0.0734375, 0.06944444444444445], [0.0375, 0.11388888888888889], [0.10625, 0.075], [0.1765625, 0.044444444444444446]]}