{"Head": [[-0.00703125, -0.31527777777777777], [-0.00703125, -0.31527777777777777], [-0.00703125, -0.31527777777777777], [-0.00703125, -0.29583333333333334], [-0.00859375, -0.26666666666666666], [-0.1515625, -0.19305555555555556], [0.0, 0.0], [0.0, 0.0], [0.0, 0.0], [0.0, 0.0]], "R-Sho": [[-0.01875, -0.2916666666666667], [-0.01953125, -0.29305555555555557], [-0.01953125, -0.2916666666666667], [-0.01875, -0.27361111111111114], [-0.02421875, -0.25833333333333336], [-0.15078125, -0.18055555555555555], [0.0, 0.0], [0.0, 0.0], [0.0, 0.0], [0.0, 0.0]], "R-Elb": [[-0.03125, -0.2513888888888889], [-0.03125, -0.2513888888888889], [-0.03046875, -0.2513888888888889], [-0.03046875, -0.25], [-0.03359375, -0.25], [-0.16171875, -0.16805555555555557], [0.0, 0.0], [0.0, 0.0], [0.0, 0.0], [0.0, 0.0]], "R-Wr": [[-0.0546875, -0.23055555555555557], [-0.04375, -0.23055555555555557], [-0.03046875, -0.22916666666666666], [-0.03046875, -0.22777777777777777], [-0.04140625, -0.22361111111111112], [-0.184375, -0.15], [0.0, 0.0], [0.0, 0.0], [0.0, 0.0], [0.0, 0.0]], "L-Sho": [[0.00546875, -0.29305555555555557], [0.0046875, -0.29305555555555557], [0.0046875, -0.2916666666666667], [-0.00546875, -0.27361111111111114], [-0.0015625, -0.25277777777777777], [-0.14375, -0.17222222222222222], [0.0, 0.0], [0.0, 0.0], [0.0, 0.0], [0.0, 0.0]], "L-Elb": [[0.0171875, -0.2513888888888889], [0.0171875, -0.2513888888888889], [0.00546875, -0.2513888888888889], [0.00546875, -0.2513888888888889], [0.00703125, -0.24166666666666667], [-0.15390625, -0.15694444444444444], [0.0, 0.0], [0.0, 0.0], [0.0, 0.0], [0.0, 0.0]], "L-Wr": [[0.01796875, -0.24861111111111112], [0.0296875, -0.23055555555555557], [0.00625, -0.22777777777777777], [0.00625, -0.22916666666666666], [0.02265625, -0.21944444444444444], [-0.17265625, -0.14166666666666666], [0.0, 0.0], [0.0, 0.0], [0.0, 0.0], [0.0, 0.0]], "R-Hip": [[-0.01875, -0.20833333333333334], [-0.01875, -0.20833333333333334], [-0.01875, -0.22777777777777777], [-0.01875, -0.22777777777777777], [-0.025, -0.19722222222222222], [-0.11015625, -0.15416666666666667], [0.0, 0.0], [0.0, 0.0], [0.0, 0.0], [0.0, 0.0]], "R-Knee": [[-0.01875, -0.1638888888888889], [-0.01875, -0.1638888888888889], [-0.01875, -0.16527777777777777], [-0.01953125, -0.1638888888888889], [-0.025, -0.1597222222222222], [-0.0984375, -0.13194444444444445], [0.0, 0.0], [0.0, 0.0], [0.0, 0.0], [0.0, 0.0]], "R-Ank": [[-0.01953125, -0.12083333333333333], [-0.03046875, -0.11944444444444445], [-0.03046875, -0.12083333333333333], [-0.03046875, -0.12083333333333333], [-0.028125, -0.12916666666666668], [-0.05859375, -0.12638888888888888], [0.0, 0.0], [0.0, 0.0], [0.0, 0.0], [0.0, 0.0]], "L-Hip": [[-0.00625, -0.20833333333333334], [-0.00625, -0.20833333333333334], [-0.00625, -0.20972222222222223], [-0.00625, -0.22777777777777777], [-0.00546875, -0.1986111111111111], [-0.09921875, -0.18055555555555555], [0.0, 0.0], [0.0, 0.0], [0.0, 0.0], [0.0, 0.0]], "L-Knee": [[-0.00625, -0.1638888888888889], [-0.00546875, -0.1638888888888889], [-0.00546875, -0.1638888888888889], [-0.00546875, -0.16527777777777777], [0.00546875, -0.16527777777777777], [-0.07890625, -0.16944444444444445], [0.0, 0.0], [0.0, 0.0], [0.0, 0.0], [0.0, 0.0]], "L-Ank": [[0.00546875, -0.12083333333333333], [0.00546875, -0.11944444444444445], [0.00546875, -0.12083333333333333], [0.00546875, -0.12083333333333333], [0.01640625, -0.125], [-0.0375, -0.17777777777777778], [0.0, 0.0], [0.0, 0.0], [0.0, 0.0], [0.0, 0.0]]}