{"Head": [[-0.0390625, -0.15416666666666667], [-0.0390625, -0.1361111111111111], [-0.0015625, -0.07916666666666666], [0.04765625, 0.015277777777777777], [0.0140625, 0.09305555555555556], [0.0, 0.0], [0.0, 0.0], [0.0, 0.0], [0.0, 0.0], [0.0, 0.0]], "R-Sho": [[-0.04765625, -0.13472222222222222], [-0.0453125, -0.12222222222222222], [-0.0109375, -0.07222222222222222], [0.04140625, 0.018055555555555554], [0.00546875, 0.07777777777777778], [0.0, 0.0], [0.0, 0.0], [0.0, 0.0], [0.0, 0.0], [0.0, 0.0]], "R-Elb": [[-0.0609375, -0.12638888888888888], [-0.05625, -0.10555555555555556], [-0.01640625, -0.06805555555555555], [0.04296875, 0.05], [0.00546875, 0.07777777777777778], [0.0, 0.0], [0.0, 0.0], [0.0, 0.0], [0.0, 0.0], [0.0, 0.0]], "R-Wr": [[-0.0640625, -0.08888888888888889], [-0.065625, -0.08333333333333333], [-0.02734375, -0.06111111111111111], [0.05625, 0.075], [0.02578125, 0.07916666666666666], [0.0, 0.0], [0.0, 0.0], [0.0, 0.0], [0.0, 0.0], [0.0, 0.0]], "L-Sho": [[-0.03203125, -0.13333333333333333], [-0.03203125, -0.12361111111111112], [0.00390625, -0.0625], [0.0515625, 0.034722222222222224], [0.00546875, 0.10694444444444444], [0.0, 0.0], [0.0, 0.0], [0.0, 0.0], [0.0, 0.0], [0.0, 0.0]], "L-Elb": [[-0.02109375, -0.11527777777777778], [-0.025, -0.11527777777777778], [0.00234375, -0.04583333333333333], [0.05625, 0.05277777777777778], [0.01796875, 0.10972222222222222], [0.0, 0.0], [0.0, 0.0], [0.0, 0.0], [0.0, 0.0], [0.0, 0.0]], "L-Wr": [[-0.0125, -0.09722222222222222], [-0.01484375, -0.0875], [0.0171875, -0.041666666666666664], [0.07109375, 0.07777777777777778], [0.034375, 0.11388888888888889], [0.0, 0.0], [0.0, 0.0], [0.0, 0.0], [0.0, 0.0], [0.0, 0.0]], "R-Hip": [[-0.05546875, -0.06666666666666667], [-0.046875, -0.05138888888888889], [-0.03046875, -0.019444444444444445], [0.0125, 0.044444444444444446], [-0.02421875, 0.0875], [0.0, 0.0], [0.0, 0.0], [0.0, 0.0], [0.0, 0.0], [0.0, 0.0]], "R-Knee": [[-0.06640625, -0.027777777777777776], [-0.06796875, -0.006944444444444444], [-0.04375, 0.006944444444444444], [-0.01953125, 0.05277777777777778], [-0.0484375, 0.08055555555555556], [0.0, 0.0], [0.0, 0.0], [0.0, 0.0], [0.0, 0.0], [0.0, 0.0]], "R-Ank": [[-0.07421875, -0.005555555555555556], [-0.07578125, 0.020833333333333332], [-0.06484375, 0.03333333333333333], [-0.03671875, 0.08194444444444444], [-0.06640625, 0.08611111111111111], [0.0, 0.0], [0.0, 0.0], [0.0, 0.0], [0.0, 0.0], [0.0, 0.0]], "L-Hip": [[-0.03125, -0.06388888888888888], [-0.028125, -0.05694444444444444], [-0.01484375, -0.018055555555555554], [0.0203125, 0.06666666666666667], [-0.0140625, 0.10138888888888889], [0.0, 0.0], [0.0, 0.0], [0.0, 0.0], [0.0, 0.0], [0.0, 0.0]], "L-Knee": [[-0.01796875, -0.025], [-0.01875, -0.027777777777777776], [-0.009375, 0.004166666666666667], [0.009375, 0.08472222222222223], [-0.04296875, 0.09722222222222222], [0.0, 0.0], [0.0, 0.0], [0.0, 0.0], [0.0, 0.0], [0.0, 0.0]], "L-Ank": [[-0.00859375, 0.005555555555555556], [-0.01640625, 0.004166666666666667], [-0.02421875, 0.04027777777777778], [-0.00859375, 0.09583333333333334], [-0.06953125, 0.10416666666666667], [0.0, 0.0], [0.0, 0.0], [0.0, 0.0], [0.0, 0.0], [0.0, 0.0]]}