{"Head": [[0.0265625, -0.175], [0.00078125, -0.1486111111111111], [-0.125, -0.029166666666666667], [-0.1875, -0.018055555555555554], [-0.18359375, -0.06527777777777778], [0.0, 0.0], [0.0, 0.0], [0.0, 0.0], [0.0, 0.0], [0.0, 0.0]], "R-Sho": [[0.01796875, -0.15555555555555556], [-0.00546875, -0.12916666666666668], [-0.12109375, -0.015277777777777777], [-0.1828125, -0.011111111111111112], [-0.1796875, -0.041666666666666664], [0.0, 0.0], [0.0, 0.0], [0.0, 0.0], [0.0, 0.0], [0.0, 0.0]], "R-Elb": [[0.00625, -0.12638888888888888], [-0.01328125, -0.1125], [-0.1203125, 0.005555555555555556], [-0.19453125, 0.013888888888888888], [-0.18046875, -0.027777777777777776], [0.0, 0.0], [0.0, 0.0], [0.0, 0.0], [0.0, 0.0], [0.0, 0.0]], "R-Wr": [[-0.003125, -0.0875], [-0.01953125, -0.08611111111111111], [-0.12890625, 0.03611111111111111], [-0.19609375, 0.03611111111111111], [-0.18125, 0.004166666666666667], [0.0, 0.0], [0.0, 0.0], [0.0, 0.0], [0.0, 0.0], [0.0, 0.0]], "L-Sho": [[0.0421875, -0.14305555555555555], [0.01796875, -0.14027777777777778], [-0.109375, -0.03194444444444444], [-0.17890625, -0.009722222222222222], [-0.175, -0.05], [0.0, 0.0], [0.0, 0.0], [0.0, 0.0], [0.0, 0.0], [0.0, 0.0]], "L-Elb": [[0.04296875, -0.12083333333333333], [0.0296875, -0.12361111111111112], [-0.10078125, -0.0375], [-0.18984375, 0.011111111111111112], [-0.175, -0.03194444444444444], [0.0, 0.0], [0.0, 0.0], [0.0, 0.0], [0.0, 0.0], [0.0, 0.0]], "L-Wr": [[0.06171875, -0.0875], [0.034375, -0.10138888888888889], [-0.08359375, -0.043055555555555555], [-0.1890625, 0.03194444444444444], [-0.17890625, -0.002777777777777778], [0.0, 0.0], [0.0, 0.0], [0.0, 0.0], [0.0, 0.0], [0.0, 0.0]], "R-Hip": [[0.0171875, -0.09722222222222222], [0.003125, -0.07777777777777778], [-0.08515625, 0.020833333333333332], [-0.15546875, 0.029166666666666667], [-0.159375, -0.002777777777777778], [0.0, 0.0], [0.0, 0.0], [0.0, 0.0], [0.0, 0.0], [0.0, 0.0]], "R-Knee": [[0.00546875, -0.05416666666666667], [0.0, -0.022222222222222223], [-0.05390625, 0.03194444444444444], [-0.1359375, 0.011111111111111112], [-0.16328125, 0.020833333333333332], [0.0, 0.0], [0.0, 0.0], [0.0, 0.0], [0.0, 0.0], [0.0, 0.0]], "R-Ank": [[0.00546875, 0.009722222222222222], [0.0046875, 0.006944444444444444], [-0.00859375, 0.0375], [-0.1, -0.004166666666666667], [-0.1484375, 0.04027777777777778], [0.0, 0.0], [0.0, 0.0], [0.0, 0.0], [0.0, 0.0], [0.0, 0.0]], "L-Hip": [[0.03046875, -0.09722222222222222], [0.0171875, -0.075], [-0.07421875, -0.009722222222222222], [-0.1484375, 0.0375], [-0.14296875, -0.0125], [0.0, 0.0], [0.0, 0.0], [0.0, 0.0], [0.0, 0.0], [0.0, 0.0]], "L-Knee": [[0.04140625, -0.05416666666666667], [0.02734375, -0.04583333333333333], [-0.05546875, -0.011111111111111112], [-0.10703125, 0.041666666666666664], [-0.14765625, 0.015277777777777777], [0.0, 0.0], [0.0, 0.0], [0.0, 0.0], [0.0, 0.0], [0.0, 0.0]], "L-Ank": [[0.0421875, 0.009722222222222222], [0.03828125, 0.001388888888888889], [-0.00625, -0.016666666666666666], [-0.0671875, 0.013888888888888888], [-0.13203125, 0.0375], [0.0, 0.0], [0.0, 0.0], [0.0, 0.0], [0.0, 0.0], [0.0, 0.0]]}