{"Head": [[-0.0046875, -0.20833333333333334], [-0.00625, -0.20833333333333334], [-0.0046875, -0.20833333333333334], [-0.0046875, -0.20833333333333334], [-0.00625, -0.20555555555555555], [-0.00625, -0.18611111111111112], [-0.065625, -0.08611111111111111], [-0.0671875, -0.1], [-0.0671875, -0.1638888888888889], [-0.0671875, -0.18611111111111112]], "R-Sho": [[-0.01875, -0.18611111111111112], [-0.01875, -0.18611111111111112], [-0.01875, -0.18611111111111112], [-0.01875, -0.18611111111111112], [-0.01875, -0.18611111111111112], [-0.0203125, -0.1638888888888889], [-0.0546875, -0.05555555555555555], [-0.05625, -0.08055555555555556], [-0.0671875, -0.12222222222222222], [-0.0671875, -0.14444444444444443]], "R-Elb": [[-0.0296875, -0.1638888888888889], [-0.021875, -0.16111111111111112], [-0.0203125, -0.14444444444444443], [-0.0296875, -0.14444444444444443], [-0.03125, -0.14444444444444443], [-0.03125, -0.12222222222222222], [-0.059375, -0.044444444444444446], [-0.065625, -0.03333333333333333], [-0.06875, -0.09722222222222222], [-0.0671875, -0.1]], "R-Wr": [[-0.0296875, -0.12222222222222222], [-0.03125, -0.11944444444444445], [-0.0296875, -0.11944444444444445], [-0.0296875, -0.11944444444444445], [-0.0328125, -0.11944444444444445], [-0.0421875, -0.11666666666666667], [-0.0609375, -0.022222222222222223], [-0.05625, -0.05277777777777778], [-0.078125, -0.07777777777777778], [-0.05625, -0.07777777777777778]], "L-Sho": [[0.00625, -0.18611111111111112], [0.00625, -0.18611111111111112], [0.00625, -0.18611111111111112], [0.0078125, -0.18611111111111112], [0.00625, -0.18333333333333332], [0.0046875, -0.1638888888888889], [-0.0390625, -0.06944444444444445], [-0.04375, -0.09722222222222222], [-0.0421875, -0.14166666666666666], [-0.04375, -0.14444444444444443]], "L-Elb": [[0.01875, -0.1638888888888889], [0.0171875, -0.1638888888888889], [0.0171875, -0.1638888888888889], [0.0171875, -0.16111111111111112], [0.0171875, -0.14444444444444443], [0.015625, -0.14166666666666666], [-0.025, -0.04722222222222222], [-0.05625, -0.05555555555555555], [-0.0203125, -0.11666666666666667], [-0.0421875, -0.11666666666666667]], "L-Wr": [[0.028125, -0.1388888888888889], [0.01875, -0.14166666666666666], [0.01875, -0.12222222222222222], [0.01875, -0.12222222222222222], [0.01875, -0.12222222222222222], [0.0046875, -0.14166666666666666], [-0.0203125, -0.03333333333333333], [-0.05625, -0.03611111111111111], [-0.0171875, -0.07777777777777778], [-0.03125, -0.07777777777777778]], "R-Hip": [[-0.0171875, -0.125], [-0.01875, -0.12222222222222222], [-0.01875, -0.12222222222222222], [-0.0171875, -0.12222222222222222], [-0.01875, -0.12222222222222222], [-0.01875, -0.09722222222222222], [-0.05, -0.005555555555555556], [-0.04375, -0.05555555555555555], [-0.0546875, -0.05555555555555555], [-0.0546875, -0.075]], "R-Knee": [[-0.0203125, -0.08055555555555556], [-0.021875, -0.09722222222222222], [-0.0296875, -0.09444444444444444], [-0.03125, -0.09444444444444444], [-0.03125, -0.09722222222222222], [-0.0328125, -0.05555555555555555], [-0.0609375, 0.011111111111111112], [-0.0671875, -0.011111111111111112], [-0.06875, -0.013888888888888888], [-0.0453125, -0.013888888888888888]], "R-Ank": [[-0.03125, -0.030555555555555555], [-0.03125, -0.030555555555555555], [-0.03125, -0.030555555555555555], [-0.03125, -0.013888888888888888], [-0.03125, -0.016666666666666666], [-0.0453125, 0.008333333333333333], [-0.09375, 0.041666666666666664], [-0.090625, 0.03333333333333333], [-0.0671875, 0.05277777777777778], [-0.03125, 0.05277777777777778]], "L-Hip": [[0.0046875, -0.125], [0.0046875, -0.125], [0.0046875, -0.12222222222222222], [0.0046875, -0.12222222222222222], [0.0046875, -0.12222222222222222], [0.0046875, -0.09722222222222222], [-0.0296875, -0.013888888888888888], [-0.0296875, -0.05555555555555555], [-0.03125, -0.075], [-0.04375, -0.07777777777777778]], "L-Knee": [[0.0171875, -0.09722222222222222], [0.0171875, -0.09722222222222222], [0.0171875, -0.09722222222222222], [0.0171875, -0.09722222222222222], [0.0171875, -0.08055555555555556], [0.01875, -0.05555555555555555], [-0.0203125, 0.030555555555555555], [0.0046875, -0.011111111111111112], [-0.009375, -0.011111111111111112], [-0.0546875, -0.013888888888888888]], "L-Ank": [[0.0171875, -0.030555555555555555], [0.01875, -0.03333333333333333], [0.0171875, -0.030555555555555555], [0.0171875, -0.016666666666666666], [0.0171875, -0.013888888888888888], [0.0296875, 0.011111111111111112], [0.028125, 0.041666666666666664], [0.040625, 0.027777777777777776], [0.0171875, 0.05277777777777778], [-0.0578125, 0.05277777777777778]]}