{"Head": [[-0.0078125, -0.22777777777777777], [-0.0078125, -0.22777777777777777], [-0.0078125, -0.22777777777777777], [-0.0078125, -0.25277777777777777], [-0.0078125, -0.25277777777777777], [-0.00625, -0.25277777777777777], [0.0171875, -0.18611111111111112], [0.13125, -0.14444444444444443], [0.2171875, -0.08888888888888889], [0.0, 0.0]], "R-Sho": [[-0.01875, -0.20833333333333334], [-0.01875, -0.20833333333333334], [-0.01875, -0.20833333333333334], [-0.01875, -0.23055555555555557], [-0.01875, -0.23055555555555557], [-0.01875, -0.22777777777777777], [0.0046875, -0.1638888888888889], [0.109375, -0.13055555555555556], [0.2046875, -0.10277777777777777], [0.0, 0.0]], "R-Elb": [[-0.0296875, -0.18333333333333332], [-0.03125, -0.18333333333333332], [-0.0203125, -0.18333333333333332], [-0.03125, -0.18888888888888888], [-0.0296875, -0.18888888888888888], [-0.0203125, -0.18611111111111112], [-0.00625, -0.12222222222222222], [0.1, -0.14166666666666666], [0.21875, -0.1388888888888889], [0.0, 0.0]], "R-Wr": [[-0.03125, -0.14166666666666666], [-0.0328125, -0.14166666666666666], [-0.03125, -0.14444444444444443], [-0.03125, -0.1638888888888889], [-0.0296875, -0.1638888888888889], [-0.0296875, -0.16111111111111112], [-0.0046875, -0.1], [0.10625, -0.16666666666666666], [0.2203125, -0.20833333333333334], [0.0, 0.0]], "L-Sho": [[0.0046875, -0.20833333333333334], [0.0046875, -0.20833333333333334], [0.0046875, -0.20833333333333334], [0.0046875, -0.23055555555555557], [0.0046875, -0.23055555555555557], [0.0046875, -0.22777777777777777], [0.0296875, -0.16111111111111112], [0.115625, -0.11666666666666667], [0.2203125, -0.06666666666666667], [0.0, 0.0]], "L-Elb": [[0.0171875, -0.18611111111111112], [0.0171875, -0.18611111111111112], [0.0171875, -0.18611111111111112], [0.0171875, -0.20833333333333334], [0.00625, -0.20555555555555555], [0.0078125, -0.18888888888888888], [0.0296875, -0.12222222222222222], [0.1265625, -0.11388888888888889], [0.240625, -0.030555555555555555], [0.0, 0.0]], "L-Wr": [[0.0171875, -0.1638888888888889], [0.0171875, -0.16111111111111112], [0.0171875, -0.1638888888888889], [0.01875, -0.18333333333333332], [0.00625, -0.16666666666666666], [0.0171875, -0.1638888888888889], [0.0296875, -0.1], [0.15, -0.11388888888888889], [0.2671875, 0.002777777777777778], [0.0, 0.0]], "R-Hip": [[-0.01875, -0.16111111111111112], [-0.01875, -0.16111111111111112], [-0.01875, -0.16111111111111112], [-0.01875, -0.16111111111111112], [-0.01875, -0.16111111111111112], [-0.0171875, -0.16111111111111112], [-0.0046875, -0.1], [0.08125, -0.1111111111111111], [0.1765625, -0.041666666666666664], [0.0, 0.0]], "R-Knee": [[-0.03125, -0.11944444444444445], [-0.03125, -0.11944444444444445], [-0.03125, -0.11944444444444445], [-0.03125, -0.1], [-0.03125, -0.1], [-0.0296875, -0.1], [-0.00625, -0.075], [0.0390625, -0.07777777777777778], [0.1390625, -0.03888888888888889], [0.0, 0.0]], "R-Ank": [[-0.0421875, -0.05555555555555555], [-0.0421875, -0.05555555555555555], [-0.0328125, -0.05555555555555555], [-0.0328125, -0.03611111111111111], [-0.0421875, -0.03611111111111111], [-0.0421875, -0.03611111111111111], [0.0046875, -0.03333333333333333], [-0.015625, -0.07777777777777778], [0.103125, -0.05], [0.0, 0.0]], "L-Hip": [[0.003125, -0.16111111111111112], [0.003125, -0.1638888888888889], [0.0046875, -0.16111111111111112], [0.003125, -0.1638888888888889], [0.003125, -0.1638888888888889], [0.0046875, -0.16111111111111112], [0.0171875, -0.1], [0.0828125, -0.08611111111111111], [0.175, 0.002777777777777778], [0.0, 0.0]], "L-Knee": [[0.015625, -0.11666666666666667], [0.015625, -0.11666666666666667], [0.015625, -0.11666666666666667], [0.0171875, -0.10277777777777777], [0.015625, -0.1], [0.015625, -0.1], [0.01875, -0.07777777777777778], [0.0625, -0.05277777777777778], [0.140625, 0.011111111111111112], [0.0, 0.0]], "L-Ank": [[0.028125, -0.05277777777777778], [0.028125, -0.05277777777777778], [0.028125, -0.05277777777777778], [0.0296875, -0.05555555555555555], [0.0296875, -0.05555555555555555], [0.028125, -0.03611111111111111], [0.00625, -0.03333333333333333], [0.03125, -0.019444444444444445], [0.0953125, 0.011111111111111112], [0.0, 0.0]]}