{"Head": [[0.0046875, -0.25277777777777777], [0.0171875, -0.2722222222222222], [0.021875, -0.275], [0.01875, -0.22777777777777777], [0.0171875, -0.2111111111111111], [0.0171875, -0.2111111111111111], [0.028125, -0.25277777777777777], [-0.03125, -0.16666666666666666], [-0.190625, -0.011111111111111112], [-0.13125, -0.12777777777777777]], "R-Sho": [[-0.00625, -0.23055555555555557], [-0.00625, -0.25277777777777777], [-0.0046875, -0.24722222222222223], [0.0046875, -0.20833333333333334], [0.0046875, -0.20555555555555555], [0.0046875, -0.20555555555555555], [0.00625, -0.22777777777777777], [-0.03125, -0.14722222222222223], [-0.1890625, -0.011111111111111112], [-0.1390625, -0.08888888888888889]], "R-Elb": [[-0.00625, -0.20555555555555555], [-0.0078125, -0.22777777777777777], [-0.00625, -0.20833333333333334], [-0.00625, -0.18611111111111112], [-0.0046875, -0.16666666666666666], [-0.00625, -0.18333333333333332], [0.0046875, -0.18611111111111112], [-0.03125, -0.12222222222222222], [-0.165625, 0.005555555555555556], [-0.1421875, -0.058333333333333334]], "R-Wr": [[0.0046875, -0.18888888888888888], [-0.015625, -0.16666666666666666], [0.0046875, -0.18611111111111112], [-0.00625, -0.14722222222222223], [0.0046875, -0.14444444444444443], [-0.0078125, -0.16111111111111112], [-0.00625, -0.16111111111111112], [-0.03125, -0.14166666666666666], [-0.16875, 0.027777777777777776], [-0.1453125, -0.016666666666666666]], "L-Sho": [[0.0171875, -0.23333333333333334], [0.0296875, -0.25277777777777777], [0.0296875, -0.25], [0.03125, -0.20833333333333334], [0.0296875, -0.18888888888888888], [0.0296875, -0.20555555555555555], [0.0390625, -0.22777777777777777], [-0.0078125, -0.16666666666666666], [-0.1703125, -0.016666666666666666], [-0.1109375, -0.10833333333333334]], "L-Elb": [[0.01875, -0.20833333333333334], [0.03125, -0.22777777777777777], [0.040625, -0.2111111111111111], [0.0421875, -0.18611111111111112], [0.040625, -0.16666666666666666], [0.0421875, -0.16666666666666666], [0.0421875, -0.18888888888888888], [0.0046875, -0.1638888888888889], [-0.1578125, -0.016666666666666666], [-0.1015625, -0.07777777777777778]], "L-Wr": [[0.0171875, -0.22777777777777777], [0.0296875, -0.20833333333333334], [0.0296875, -0.20555555555555555], [0.040625, -0.1638888888888889], [0.040625, -0.14444444444444443], [0.0421875, -0.14722222222222223], [0.04375, -0.1638888888888889], [-0.00625, -0.12222222222222222], [-0.140625, -0.013888888888888888], [-0.0890625, -0.041666666666666664]], "R-Hip": [[0.003125, -0.1638888888888889], [0.003125, -0.18611111111111112], [0.0046875, -0.16666666666666666], [0.00625, -0.16111111111111112], [0.00625, -0.14444444444444443], [0.00625, -0.14444444444444443], [0.015625, -0.1638888888888889], [0.003125, -0.1], [-0.15, 0.008333333333333333], [-0.1265625, -0.030555555555555555]], "R-Knee": [[-0.0046875, -0.1], [-0.00625, -0.12222222222222222], [-0.00625, -0.12222222222222222], [-0.00625, -0.11944444444444445], [-0.00625, -0.10277777777777777], [-0.00625, -0.1], [-0.0046875, -0.11944444444444445], [0.0078125, -0.058333333333333334], [-0.1484375, 0.025], [-0.13125, 0.013888888888888888]], "R-Ank": [[0.0046875, -0.05555555555555555], [-0.00625, -0.05555555555555555], [-0.00625, -0.05555555555555555], [-0.00625, -0.05555555555555555], [-0.00625, -0.05555555555555555], [-0.00625, -0.05555555555555555], [-0.00625, -0.05555555555555555], [0.040625, -0.013888888888888888], [-0.1015625, 0.0], [-0.13125, 0.06388888888888888]], "L-Hip": [[0.0171875, -0.16666666666666666], [0.0171875, -0.18611111111111112], [0.028125, -0.18333333333333332], [0.0296875, -0.1638888888888889], [0.0296875, -0.14444444444444443], [0.0296875, -0.14444444444444443], [0.0296875, -0.1638888888888889], [0.0171875, -0.12222222222222222], [-0.1296875, -0.022222222222222223], [-0.1125, -0.030555555555555555]], "L-Knee": [[0.0171875, -0.10277777777777777], [0.01875, -0.12222222222222222], [0.03125, -0.1388888888888889], [0.040625, -0.11944444444444445], [0.040625, -0.11666666666666667], [0.040625, -0.11666666666666667], [0.0421875, -0.11944444444444445], [0.040625, -0.09722222222222222], [-0.1015625, 0.011111111111111112], [-0.0921875, 0.011111111111111112]], "L-Ank": [[0.0171875, -0.05555555555555555], [0.0171875, -0.05555555555555555], [0.040625, -0.05555555555555555], [0.0421875, -0.05555555555555555], [0.0421875, -0.05555555555555555], [0.0421875, -0.05555555555555555], [0.0421875, -0.05555555555555555], [0.0671875, -0.05277777777777778], [-0.06875, -0.027777777777777776], [-0.075, 0.058333333333333334]]}