{"Head": [[-0.01764705882352941, -0.1875], [-0.0196078431372549, -0.16666666666666666], [-0.0196078431372549, -0.14583333333333334], [-0.0196078431372549, -0.14583333333333334], [-0.021568627450980392, -0.1423611111111111], [-0.054901960784313725, -0.1423611111111111], [-0.11176470588235295, -0.11805555555555555], [-0.18627450980392157, -0.0763888888888889], [-0.3, 0.013888888888888888], [-0.3235294117647059, 0.027777777777777776]], "R-Sho": [[-0.03137254901960784, -0.14583333333333334], [-0.03333333333333333, -0.125], [-0.03333333333333333, -0.12152777777777778], [-0.03333333333333333, -0.12152777777777778], [-0.043137254901960784, -0.12152777777777778], [-0.06862745098039216, -0.11805555555555555], [-0.11568627450980393, -0.03819444444444445], [-0.18823529411764706, -0.059027777777777776], [-0.296078431372549, 0.027777777777777776], [-0.30980392156862746, 0.03125]], "R-Elb": [[-0.043137254901960784, -0.11805555555555555], [-0.045098039215686274, -0.09722222222222222], [-0.043137254901960784, -0.0798611111111111], [-0.045098039215686274, -0.09375], [-0.054901960784313725, -0.08333333333333333], [-0.0803921568627451, -0.0763888888888889], [-0.10392156862745099, 0.010416666666666666], [-0.17647058823529413, -0.0625], [-0.30196078431372547, 0.04861111111111111], [-0.28627450980392155, 0.04861111111111111]], "R-Wr": [[-0.043137254901960784, -0.0798611111111111], [-0.045098039215686274, -0.059027777777777776], [-0.045098039215686274, -0.05555555555555555], [-0.045098039215686274, -0.05555555555555555], [-0.06470588235294118, -0.05555555555555555], [-0.06862745098039216, -0.05555555555555555], [-0.08235294117647059, 0.04513888888888889], [-0.1627450980392157, -0.07291666666666667], [-0.3156862745098039, 0.08333333333333333], [-0.2647058823529412, 0.04513888888888889]], "L-Sho": [[0.0058823529411764705, -0.1597222222222222], [0.00392156862745098, -0.1388888888888889], [0.00392156862745098, -0.12152777777777778], [-0.0058823529411764705, -0.1388888888888889], [-0.0058823529411764705, -0.12152777777777778], [-0.03333333333333333, -0.12152777777777778], [-0.08235294117647059, -0.07291666666666667], [-0.1803921568627451, -0.09375], [-0.2803921568627451, 0.013888888888888888], [-0.3235294117647059, 0.010416666666666666]], "L-Elb": [[0.01764705882352941, -0.12152777777777778], [0.01764705882352941, -0.10069444444444445], [0.01568627450980392, -0.10069444444444445], [0.01568627450980392, -0.11805555555555555], [0.0058823529411764705, -0.10069444444444445], [-0.0196078431372549, -0.0798611111111111], [-0.060784313725490195, -0.05555555555555555], [-0.16666666666666666, -0.09722222222222222], [-0.26666666666666666, 0.003472222222222222], [-0.3176470588235294, -0.03819444444444445]], "L-Wr": [[0.01764705882352941, -0.09722222222222222], [0.01764705882352941, -0.0763888888888889], [0.01568627450980392, -0.07291666666666667], [0.01764705882352941, -0.0763888888888889], [0.0058823529411764705, -0.07291666666666667], [-0.0196078431372549, -0.05555555555555555], [-0.045098039215686274, -0.041666666666666664], [-0.1568627450980392, -0.09722222222222222], [-0.2568627450980392, 0.003472222222222222], [-0.3176470588235294, -0.09027777777777778]], "R-Hip": [[-0.021568627450980392, -0.0763888888888889], [-0.03137254901960784, -0.059027777777777776], [-0.03137254901960784, -0.059027777777777776], [-0.03137254901960784, -0.059027777777777776], [-0.03137254901960784, -0.05555555555555555], [-0.056862745098039215, -0.03819444444444445], [-0.09411764705882353, -0.017361111111111112], [-0.16862745098039217, -0.013888888888888888], [-0.22156862745098038, 0.03125], [-0.2549019607843137, 0.017361111111111112]], "R-Knee": [[-0.03137254901960784, -0.03125], [-0.041176470588235294, -0.013888888888888888], [-0.043137254901960784, -0.013888888888888888], [-0.043137254901960784, -0.03125], [-0.043137254901960784, -0.017361111111111112], [-0.054901960784313725, -0.010416666666666666], [-0.07254901960784314, -0.003472222222222222], [-0.14313725490196078, 0.03819444444444445], [-0.19019607843137254, 0.03125], [-0.20784313725490197, 0.03125]], "R-Ank": [[-0.041176470588235294, 0.03125], [-0.043137254901960784, 0.03125], [-0.043137254901960784, 0.03125], [-0.043137254901960784, 0.027777777777777776], [-0.043137254901960784, 0.027777777777777776], [-0.043137254901960784, 0.04861111111111111], [-0.045098039215686274, 0.027777777777777776], [-0.09411764705882353, 0.04513888888888889], [-0.1450980392156863, 0.020833333333333332], [-0.18235294117647058, 0.0]], "L-Hip": [[0.00196078431372549, -0.0763888888888889], [-0.0058823529411764705, -0.059027777777777776], [-0.0058823529411764705, -0.059027777777777776], [-0.00784313725490196, -0.059027777777777776], [-0.00784313725490196, -0.059027777777777776], [-0.03137254901960784, -0.05555555555555555], [-0.08823529411764706, -0.034722222222222224], [-0.14313725490196078, -0.020833333333333332], [-0.21176470588235294, -0.003472222222222222], [-0.2725490196078431, -0.010416666666666666]], "L-Knee": [[0.0058823529411764705, -0.034722222222222224], [0.013725490196078431, -0.034722222222222224], [0.00784313725490196, -0.034722222222222224], [0.00784313725490196, -0.03125], [0.0058823529411764705, -0.034722222222222224], [-0.01764705882352941, -0.013888888888888888], [-0.049019607843137254, -0.027777777777777776], [-0.12156862745098039, -0.006944444444444444], [-0.19607843137254902, -0.003472222222222222], [-0.24705882352941178, -0.03819444444444445]], "L-Ank": [[0.0058823529411764705, 0.03125], [0.01764705882352941, 0.03125], [0.01764705882352941, 0.027777777777777776], [0.01764705882352941, 0.03125], [0.01764705882352941, 0.010416666666666666], [-0.00784313725490196, 0.027777777777777776], [-0.011764705882352941, 0.003472222222222222], [-0.09019607843137255, 0.010416666666666666], [-0.1450980392156863, -0.024305555555555556], [-0.22156862745098038, -0.059027777777777776]]}