{"Head": [[-0.01764705882352941, -0.2326388888888889], [-0.01764705882352941, -0.2326388888888889], [-0.01764705882352941, -0.2326388888888889], [-0.01764705882352941, -0.2326388888888889], [-0.00980392156862745, -0.22916666666666666], [-0.0196078431372549, -0.1875], [0.021568627450980392, -0.14930555555555555], [0.029411764705882353, -0.12152777777777778], [0.01568627450980392, -0.21180555555555555], [0.0, 0.0]], "R-Sho": [[-0.021568627450980392, -0.21180555555555555], [-0.021568627450980392, -0.21180555555555555], [-0.021568627450980392, -0.21180555555555555], [-0.029411764705882353, -0.20833333333333334], [-0.021568627450980392, -0.2048611111111111], [-0.03137254901960784, -0.16666666666666666], [-0.00980392156862745, -0.11805555555555555], [0.01764705882352941, -0.11805555555555555], [0.0058823529411764705, -0.1875], [0.0, 0.0]], "R-Elb": [[-0.045098039215686274, -0.25], [-0.045098039215686274, -0.25], [-0.043137254901960784, -0.22916666666666666], [-0.045098039215686274, -0.20833333333333334], [-0.043137254901960784, -0.1875], [-0.043137254901960784, -0.16319444444444445], [-0.029411764705882353, -0.0763888888888889], [0.00392156862745098, -0.10069444444444445], [0.0058823529411764705, -0.25], [0.0, 0.0]], "R-Wr": [[-0.056862745098039215, -0.2951388888888889], [-0.06470588235294118, -0.2951388888888889], [-0.058823529411764705, -0.2534722222222222], [-0.06666666666666667, -0.22916666666666666], [-0.056862745098039215, -0.1875], [-0.06470588235294118, -0.14583333333333334], [-0.03137254901960784, -0.03819444444444445], [-0.0058823529411764705, -0.12152777777777778], [0.0196078431372549, -0.2951388888888889], [0.0, 0.0]], "L-Sho": [[0.00392156862745098, -0.21180555555555555], [0.00392156862745098, -0.21180555555555555], [0.00392156862745098, -0.21180555555555555], [0.0058823529411764705, -0.21180555555555555], [0.0058823529411764705, -0.20833333333333334], [0.00392156862745098, -0.16666666666666666], [0.029411764705882353, -0.10069444444444445], [0.041176470588235294, -0.10069444444444445], [0.029411764705882353, -0.1840277777777778], [0.0, 0.0]], "L-Elb": [[0.01764705882352941, -0.25], [0.01764705882352941, -0.25], [0.027450980392156862, -0.2465277777777778], [0.029411764705882353, -0.22916666666666666], [0.029411764705882353, -0.1909722222222222], [0.027450980392156862, -0.16319444444444445], [0.03137254901960784, -0.0763888888888889], [0.043137254901960784, -0.0798611111111111], [0.041176470588235294, -0.1423611111111111], [0.0, 0.0]], "L-Wr": [[0.029411764705882353, -0.2743055555555556], [0.029411764705882353, -0.2708333333333333], [0.0392156862745098, -0.2743055555555556], [0.045098039215686274, -0.2534722222222222], [0.043137254901960784, -0.1875], [0.0392156862745098, -0.16666666666666666], [0.03137254901960784, -0.034722222222222224], [0.029411764705882353, -0.10069444444444445], [0.060784313725490195, -0.13194444444444445], [0.0, 0.0]], "R-Hip": [[-0.0196078431372549, -0.125], [-0.0196078431372549, -0.125], [-0.0196078431372549, -0.125], [-0.0196078431372549, -0.125], [-0.0196078431372549, -0.12152777777777778], [-0.029411764705882353, -0.09375], [-0.00784313725490196, -0.05555555555555555], [0.01764705882352941, -0.052083333333333336], [0.00784313725490196, -0.11458333333333333], [0.0, 0.0]], "R-Knee": [[-0.0196078431372549, -0.05555555555555555], [-0.0196078431372549, -0.05555555555555555], [-0.0196078431372549, -0.05555555555555555], [-0.029411764705882353, -0.05555555555555555], [-0.029411764705882353, -0.05555555555555555], [-0.043137254901960784, -0.034722222222222224], [-0.03137254901960784, -0.013888888888888888], [-0.0058823529411764705, -0.010416666666666666], [0.0058823529411764705, -0.0763888888888889], [0.0, 0.0]], "R-Ank": [[-0.029411764705882353, 0.010416666666666666], [-0.029411764705882353, 0.010416666666666666], [-0.029411764705882353, 0.010416666666666666], [-0.03137254901960784, 0.010416666666666666], [-0.03333333333333333, 0.010416666666666666], [-0.054901960784313725, 0.03125], [-0.045098039215686274, 0.03125], [-0.03137254901960784, 0.04861111111111111], [0.0058823529411764705, -0.006944444444444444], [0.0, 0.0]], "L-Hip": [[-0.0058823529411764705, -0.12152777777777778], [-0.0058823529411764705, -0.12152777777777778], [-0.0058823529411764705, -0.125], [-0.0058823529411764705, -0.125], [0.00392156862745098, -0.12152777777777778], [-0.0058823529411764705, -0.0798611111111111], [0.01764705882352941, -0.05555555555555555], [0.029411764705882353, -0.03819444444444445], [0.029411764705882353, -0.11805555555555555], [0.0, 0.0]], "L-Knee": [[-0.0058823529411764705, -0.05555555555555555], [-0.0058823529411764705, -0.05555555555555555], [-0.0058823529411764705, -0.05555555555555555], [0.00392156862745098, -0.059027777777777776], [0.013725490196078431, -0.05555555555555555], [0.0058823529411764705, -0.034722222222222224], [0.029411764705882353, -0.013888888888888888], [0.03137254901960784, -0.013888888888888888], [0.043137254901960784, -0.05555555555555555], [0.0, 0.0]], "L-Ank": [[0.00392156862745098, 0.010416666666666666], [0.00392156862745098, 0.010416666666666666], [0.00392156862745098, 0.010416666666666666], [0.00392156862745098, 0.006944444444444444], [0.01764705882352941, 0.010416666666666666], [0.027450980392156862, 0.027777777777777776], [0.041176470588235294, 0.03125], [0.043137254901960784, 0.03125], [0.041176470588235294, 0.010416666666666666], [0.0, 0.0]]}