{"Head": [[-0.01764705882352941, -0.12152777777777778], [-0.06862745098039216, -0.11805555555555555], [-0.1450980392156863, -0.08333333333333333], [-0.22549019607843138, -0.003472222222222222], [0.0, 0.0], [0.0, 0.0], [0.0, 0.0], [0.0, 0.0], [0.0, 0.0], [0.0, 0.0]], "R-Sho": [[-0.041176470588235294, -0.10069444444444445], [-0.0803921568627451, -0.0798611111111111], [-0.1450980392156863, -0.0625], [-0.21568627450980393, 0.013888888888888888], [0.0, 0.0], [0.0, 0.0], [0.0, 0.0], [0.0, 0.0], [0.0, 0.0], [0.0, 0.0]], "R-Elb": [[-0.043137254901960784, -0.059027777777777776], [-0.09019607843137255, -0.034722222222222224], [-0.1450980392156863, -0.04513888888888889], [-0.22941176470588234, 0.04513888888888889], [0.0, 0.0], [0.0, 0.0], [0.0, 0.0], [0.0, 0.0], [0.0, 0.0], [0.0, 0.0]], "R-Wr": [[-0.03333333333333333, -0.034722222222222224], [-0.09215686274509804, -0.013888888888888888], [-0.1568627450980392, -0.006944444444444444], [-0.2627450980392157, 0.059027777777777776], [0.0, 0.0], [0.0, 0.0], [0.0, 0.0], [0.0, 0.0], [0.0, 0.0], [0.0, 0.0]], "L-Sho": [[0.00392156862745098, -0.10069444444444445], [-0.045098039215686274, -0.09722222222222222], [-0.11568627450980393, -0.07291666666666667], [-0.19411764705882353, 0.010416666666666666], [0.0, 0.0], [0.0, 0.0], [0.0, 0.0], [0.0, 0.0], [0.0, 0.0], [0.0, 0.0]], "L-Elb": [[0.0196078431372549, -0.059027777777777776], [-0.03137254901960784, -0.0763888888888889], [-0.11372549019607843, -0.0625], [-0.22156862745098038, 0.052083333333333336], [0.0, 0.0], [0.0, 0.0], [0.0, 0.0], [0.0, 0.0], [0.0, 0.0], [0.0, 0.0]], "L-Wr": [[0.01568627450980392, -0.09722222222222222], [-0.03137254901960784, -0.034722222222222224], [-0.11960784313725491, -0.03819444444444445], [-0.2568627450980392, 0.0763888888888889], [0.0, 0.0], [0.0, 0.0], [0.0, 0.0], [0.0, 0.0], [0.0, 0.0], [0.0, 0.0]], "R-Hip": [[-0.03137254901960784, -0.052083333333333336], [-0.056862745098039215, -0.03125], [-0.1, 0.0], [-0.17058823529411765, 0.052083333333333336], [0.0, 0.0], [0.0, 0.0], [0.0, 0.0], [0.0, 0.0], [0.0, 0.0], [0.0, 0.0]], "R-Knee": [[-0.041176470588235294, -0.013888888888888888], [-0.058823529411764705, 0.010416666666666666], [-0.07254901960784314, 0.03125], [-0.14705882352941177, 0.04861111111111111], [0.0, 0.0], [0.0, 0.0], [0.0, 0.0], [0.0, 0.0], [0.0, 0.0], [0.0, 0.0]], "R-Ank": [[-0.03137254901960784, 0.03125], [-0.043137254901960784, 0.052083333333333336], [-0.052941176470588235, 0.04513888888888889], [-0.10588235294117647, 0.04861111111111111], [0.0, 0.0], [0.0, 0.0], [0.0, 0.0], [0.0, 0.0], [0.0, 0.0], [0.0, 0.0]], "L-Hip": [[-0.00784313725490196, -0.052083333333333336], [-0.043137254901960784, -0.034722222222222224], [-0.09215686274509804, -0.024305555555555556], [-0.16470588235294117, 0.059027777777777776], [0.0, 0.0], [0.0, 0.0], [0.0, 0.0], [0.0, 0.0], [0.0, 0.0], [0.0, 0.0]], "L-Knee": [[0.01764705882352941, -0.013888888888888888], [-0.029411764705882353, -0.010416666666666666], [-0.06666666666666667, -0.003472222222222222], [-0.14313725490196078, 0.05555555555555555], [0.0, 0.0], [0.0, 0.0], [0.0, 0.0], [0.0, 0.0], [0.0, 0.0], [0.0, 0.0]], "L-Ank": [[0.01764705882352941, 0.04861111111111111], [-0.00784313725490196, 0.027777777777777776], [-0.021568627450980392, 0.020833333333333332], [-0.10980392156862745, 0.052083333333333336], [0.0, 0.0], [0.0, 0.0], [0.0, 0.0], [0.0, 0.0], [0.0, 0.0], [0.0, 0.0]]}