{"Head": [[-0.01764705882352941, -0.1701388888888889], [-0.0196078431372549, -0.16666666666666666], [-0.0196078431372549, -0.16319444444444445], [-0.0058823529411764705, -0.12152777777777778], [0.041176470588235294, -0.13194444444444445], [0.11568627450980393, -0.10416666666666667], [0.0, 0.0], [0.2235294117647059, 0.003472222222222222], [0.2647058823529412, 0.03819444444444445], [0.27058823529411763, 0.017361111111111112]], "R-Sho": [[-0.029411764705882353, -0.14583333333333334], [-0.03137254901960784, -0.14930555555555555], [-0.03137254901960784, -0.1423611111111111], [-0.0196078431372549, -0.10069444444444445], [0.03137254901960784, -0.11458333333333333], [0.1, -0.09722222222222222], [0.0, 0.0], [0.21372549019607842, 0.006944444444444444], [0.23921568627450981, 0.034722222222222224], [0.2568627450980392, 0.024305555555555556]], "R-Elb": [[-0.045098039215686274, -0.1423611111111111], [-0.047058823529411764, -0.1423611111111111], [-0.03333333333333333, -0.10069444444444445], [-0.03137254901960784, -0.05555555555555555], [0.023529411764705882, -0.09375], [0.07254901960784314, -0.07291666666666667], [0.0, 0.0], [0.22156862745098038, 0.017361111111111112], [0.24901960784313726, 0.04513888888888889], [0.25882352941176473, 0.03819444444444445]], "R-Wr": [[-0.06666666666666667, -0.125], [-0.06862745098039216, -0.1423611111111111], [-0.03333333333333333, -0.0798611111111111], [-0.043137254901960784, -0.03125], [0.01568627450980392, -0.0625], [0.0803921568627451, -0.06597222222222222], [0.0, 0.0], [0.23529411764705882, 0.03125], [0.2725490196078431, 0.05555555555555555], [0.2725490196078431, 0.04513888888888889]], "L-Sho": [[0.0058823529411764705, -0.14583333333333334], [0.0058823529411764705, -0.14583333333333334], [0.00392156862745098, -0.1423611111111111], [0.01764705882352941, -0.10069444444444445], [0.060784313725490195, -0.10416666666666667], [0.10980392156862745, -0.05555555555555555], [0.0, 0.0], [0.20392156862745098, 0.041666666666666664], [0.22745098039215686, 0.0763888888888889], [0.23333333333333334, 0.04861111111111111]], "L-Elb": [[0.027450980392156862, -0.12152777777777778], [0.03137254901960784, -0.1423611111111111], [0.029411764705882353, -0.125], [0.029411764705882353, -0.059027777777777776], [0.06470588235294118, -0.06944444444444445], [0.12745098039215685, -0.027777777777777776], [0.0, 0.0], [0.2235294117647059, 0.05555555555555555], [0.2529411764705882, 0.0763888888888889], [0.24901960784313726, 0.06944444444444445]], "L-Wr": [[0.03137254901960784, -0.12152777777777778], [0.054901960784313725, -0.1423611111111111], [0.043137254901960784, -0.125], [0.0392156862745098, -0.03125], [0.06862745098039216, -0.03125], [0.1392156862745098, 0.0], [0.0, 0.0], [0.25098039215686274, 0.07291666666666667], [0.2823529411764706, 0.0763888888888889], [0.2725490196078431, 0.0798611111111111]], "R-Hip": [[-0.021568627450980392, -0.0763888888888889], [-0.021568627450980392, -0.0763888888888889], [-0.0196078431372549, -0.0763888888888889], [-0.00784313725490196, -0.03819444444444445], [0.01568627450980392, -0.010416666666666666], [0.06274509803921569, -0.010416666666666666], [0.0, 0.0], [0.1450980392156863, 0.027777777777777776], [0.20588235294117646, 0.027777777777777776], [0.2196078431372549, 0.041666666666666664]], "R-Knee": [[-0.043137254901960784, -0.017361111111111112], [-0.043137254901960784, -0.017361111111111112], [-0.041176470588235294, -0.013888888888888888], [-0.03137254901960784, 0.003472222222222222], [-0.00980392156862745, 0.003472222222222222], [0.03333333333333333, 0.003472222222222222], [0.0, 0.0], [0.11372549019607843, 0.017361111111111112], [0.16666666666666666, 0.03125], [0.19215686274509805, 0.041666666666666664]], "R-Ank": [[-0.056862745098039215, 0.03125], [-0.056862745098039215, 0.03125], [-0.052941176470588235, 0.03125], [-0.043137254901960784, 0.03125], [-0.041176470588235294, 0.034722222222222224], [-0.0058823529411764705, 0.003472222222222222], [0.1627450980392157, -0.06597222222222222], [0.08823529411764706, 0.003472222222222222], [0.14313725490196078, 0.03125], [0.1588235294117647, 0.041666666666666664]], "L-Hip": [[-0.00392156862745098, -0.0763888888888889], [-0.0058823529411764705, -0.0763888888888889], [0.00392156862745098, -0.0763888888888889], [0.01568627450980392, -0.03819444444444445], [0.03137254901960784, -0.003472222222222222], [0.07647058823529412, 0.020833333333333332], [0.13725490196078433, -0.041666666666666664], [0.14901960784313725, 0.06944444444444445], [0.18235294117647058, 0.06944444444444445], [0.22745098039215686, 0.0798611111111111]], "L-Knee": [[0.01764705882352941, -0.03125], [0.0058823529411764705, -0.03125], [0.0058823529411764705, -0.017361111111111112], [0.01764705882352941, -0.013888888888888888], [0.029411764705882353, 0.03125], [0.052941176470588235, 0.03125], [0.11960784313725491, -0.05555555555555555], [0.11372549019607843, 0.05555555555555555], [0.1627450980392157, 0.06944444444444445], [0.18823529411764706, 0.0798611111111111]], "L-Ank": [[0.029411764705882353, 0.034722222222222224], [0.01764705882352941, 0.03125], [0.01568627450980392, 0.03125], [0.01764705882352941, 0.034722222222222224], [0.021568627450980392, 0.06597222222222222], [0.021568627450980392, 0.059027777777777776], [0.10784313725490197, -0.0625], [0.07450980392156863, 0.05555555555555555], [0.12549019607843137, 0.06944444444444445], [0.1450980392156863, 0.0763888888888889]]}