{"Head": [[-0.0020815986677768525, -0.12262658227848101], [-0.0016652789342214821, -0.11550632911392406], [-0.010407993338884263, -0.10205696202531646], [-0.04204829308909242, -0.08306962025316456], [-0.093255620316403, -0.07515822784810126], [-0.14529558701082432, -0.07436708860759493], [-0.18318068276436303, -0.038765822784810125], [-0.2331390507910075, 0.011075949367088608], [-0.2785179017485429, 0.061708860759493674], [-0.291007493755204, 0.06329113924050633]], "R-Sho": [[-0.019983347210657785, -0.1060126582278481], [-0.017485428809325562, -0.09889240506329114], [-0.028309741881765195, -0.07674050632911393], [-0.051623646960865945, -0.05458860759493671], [-0.09159034138218151, -0.04509493670886076], [-0.14945878434637802, -0.03481012658227848], [-0.18734388009991673, -0.010284810126582278], [-0.23480432972522897, 0.048259493670886076], [-0.26061615320566195, 0.08465189873417721], [-0.27185678601165697, 0.08386075949367089]], "R-Elb": [[-0.028726061615320566, -0.07674050632911393], [-0.03996669442131557, -0.07674050632911393], [-0.0395503746877602, -0.05458860759493671], [-0.04537885095753539, -0.0245253164556962], [-0.09700249791840133, -0.03243670886075949], [-0.16777685262281433, -0.00949367088607595], [-0.2031640299750208, 0.02531645569620253], [-0.23522064945878435, 0.08069620253164557], [-0.24812656119900084, 0.0925632911392405], [-0.25228975853455454, 0.09414556962025317]], "R-Wr": [[-0.03996669442131557, -0.03322784810126582], [-0.040383014154870944, -0.03401898734177215], [-0.040383014154870944, -0.03401898734177215], [-0.05745212323064113, 0.007911392405063292], [-0.10699417152373022, -0.003955696202531646], [-0.19317235636969193, -0.005537974683544304], [-0.22814321398834306, 0.048259493670886076], [-0.2302248126561199, 0.09335443037974683], [-0.23896752706078267, 0.09098101265822785], [-0.26436303080766027, 0.06487341772151899]], "L-Sho": [[0.005412156536219817, -0.09889240506329114], [0.005412156536219817, -0.0981012658227848], [0.004995836802664446, -0.07674050632911393], [-0.028726061615320566, -0.07674050632911393], [-0.07452123230641132, -0.06724683544303797], [-0.1311407160699417, -0.061708860759493674], [-0.16611157368859283, -0.03401898734177215], [-0.2218984179850125, 0.03243670886075949], [-0.2556203164029975, 0.05379746835443038], [-0.28059950041631976, 0.05221518987341772]], "L-Elb": [[0.02289758534554538, -0.05933544303797468], [0.01706910907577019, -0.0759493670886076], [0.01498751040799334, -0.043512658227848104], [-0.01706910907577019, -0.05458860759493671], [-0.061615320566194835, -0.05458860759493671], [-0.10865945045795171, -0.0680379746835443], [-0.14612822647793505, -0.028481012658227847], [-0.2060782681099084, 0.020569620253164556], [-0.24271440466278102, 0.02610759493670886], [-0.26602830974188174, 0.03401898734177215]], "L-Wr": [[0.029558701082431308, -0.023734177215189875], [0.017485428809325562, -0.03322784810126582], [0.01665278934221482, -0.011867088607594937], [-0.005828476269775187, -0.03322784810126582], [-0.06411323896752706, -0.02531645569620253], [-0.09866777685262282, -0.09098101265822785], [-0.13072439633638636, -0.022943037974683545], [-0.18859283930058285, 0.011075949367088608], [-0.2597835137385512, 0.015822784810126583], [-0.25603663613655286, 0.01661392405063291]], "R-Hip": [[-0.017485428809325562, -0.05458860759493671], [-0.017485428809325562, -0.05458860759493671], [-0.017485428809325562, -0.03243670886075949], [-0.029142381348875937, -0.011075949367088608], [-0.051623646960865945, -0.011075949367088608], [-0.09533721898417985, 0.006329113924050633], [-0.14113238967527061, 0.02610759493670886], [-0.18859283930058285, 0.07199367088607594], [-0.22231473771856786, 0.0759493670886076], [-0.2443796835970025, 0.0759493670886076]], "R-Knee": [[-0.029142381348875937, -0.011075949367088608], [-0.029142381348875937, -0.010284810126582278], [-0.03996669442131557, -0.010284810126582278], [-0.03996669442131557, 0.010284810126582278], [-0.03996669442131557, 0.03243670886075949], [-0.05328892589508743, 0.037183544303797465], [-0.08451290591174021, 0.015822784810126583], [-0.15154038301415487, 0.055379746835443035], [-0.19858451290591175, 0.09651898734177215], [-0.24313072439633637, 0.09414556962025317]], "R-Ank": [[-0.03996669442131557, 0.05458860759493671], [-0.03996669442131557, 0.05458860759493671], [-0.017485428809325562, 0.05300632911392405], [-0.01706910907577019, 0.05379746835443038], [-0.005828476269775187, 0.07515822784810126], [-0.018318068276436304, 0.061708860759493674], [-0.049125728559533725, -0.007911392405063292], [-0.11948376353039133, 0.03164556962025317], [-0.16486261448792672, 0.09731012658227849], [-0.21273938384679433, 0.09177215189873418]], "L-Hip": [[0.005412156536219817, -0.05458860759493671], [0.004995836802664446, -0.05379746835443038], [-0.005828476269775187, -0.03322784810126582], [-0.01706910907577019, -0.011867088607594937], [-0.040383014154870944, -0.027689873417721517], [-0.08825978351373855, -0.02531645569620253], [-0.12822647793505412, -0.010284810126582278], [-0.1877601998334721, 0.05300632911392405], [-0.2189841798501249, 0.055379746835443035], [-0.24271440466278102, 0.04746835443037975]], "L-Knee": [[0.01665278934221482, -0.011075949367088608], [0.01665278934221482, -0.011075949367088608], [0.005828476269775187, 0.011075949367088608], [0.005412156536219817, 0.011075949367088608], [-0.017485428809325562, -0.011075949367088608], [-0.060366361365528726, -0.04746835443037975], [-0.10116569525395504, -0.03955696202531646], [-0.1565362198168193, -0.004746835443037975], [-0.21024146544546213, 0.010284810126582278], [-0.23771856786011658, 0.0023734177215189874]], "L-Ank": [[0.028309741881765195, 0.05458860759493671], [0.027893422148209824, 0.05379746835443038], [0.028309741881765195, 0.05458860759493671], [0.028309741881765195, 0.05458860759493671], [0.005412156536219817, 0.010284810126582278], [-0.029558701082431308, -0.061708860759493674], [-0.07285595337218984, -0.06408227848101265], [-0.12323064113238967, -0.04430379746835443], [-0.16278101582014987, -0.005537974683544304], [-0.2006661115736886, 0.01819620253164557]]}