{"Head": [[-0.017485428809325562, -0.1194620253164557], [-0.017485428809325562, -0.1194620253164557], [-0.017485428809325562, -0.1194620253164557], [-0.017485428809325562, -0.1194620253164557], [-0.017485428809325562, -0.1194620253164557], [-0.01665278934221482, -0.09889240506329114], [-0.04704412989175687, -0.0759493670886076], [-0.152789342214821, -0.05221518987341772], [-0.2485428809325562, 0.03164556962025317], [-0.2960033305578684, 0.08069620253164557]], "R-Sho": [[-0.029142381348875937, -0.09889240506329114], [-0.029142381348875937, -0.09889240506329114], [-0.029142381348875937, -0.09889240506329114], [-0.029142381348875937, -0.09889240506329114], [-0.029142381348875937, -0.0981012658227848], [-0.028309741881765195, -0.0981012658227848], [-0.05661948376353039, -0.040348101265822785], [-0.16319733555370525, -0.011075949367088608], [-0.24812656119900084, 0.06882911392405064], [-0.2751873438800999, 0.09414556962025317]], "R-Elb": [[-0.03996669442131557, -0.06566455696202532], [-0.04079933388842631, -0.0680379746835443], [-0.0507910074937552, -0.07674050632911393], [-0.04079933388842631, -0.07120253164556962], [-0.040383014154870944, -0.07674050632911393], [-0.03996669442131557, -0.07674050632911393], [-0.06203164029975021, -0.013449367088607595], [-0.17860116569525394, 0.007120253164556962], [-0.24271440466278102, 0.0949367088607595], [-0.26186511240632804, 0.09335443037974683]], "R-Wr": [[-0.04079933388842631, -0.01819620253164557], [-0.04121565362198168, -0.01977848101265823], [-0.043713572023313906, -0.01661392405063291], [-0.05120732722731058, -0.03401898734177215], [-0.05120732722731058, -0.03322784810126582], [-0.04870940882597835, -0.023734177215189875], [-0.06910907577019151, 0.00870253164556962], [-0.20524562864279766, 0.015822784810126583], [-0.23272273105745211, 0.08860759493670886], [-0.25228975853455454, 0.09414556962025317]], "L-Sho": [[-0.005828476269775187, -0.09889240506329114], [-0.005828476269775187, -0.09889240506329114], [-0.005828476269775187, -0.09889240506329114], [-0.005828476269775187, -0.09889240506329114], [-0.005828476269775187, -0.0981012658227848], [0.004995836802664446, -0.0981012658227848], [-0.036219816819317234, -0.058544303797468354], [-0.13821815154038303, -0.0490506329113924], [-0.2285595337218984, 0.0379746835443038], [-0.28975853455453787, 0.06566455696202532]], "L-Elb": [[0.010407993338884263, -0.06408227848101265], [0.005412156536219817, -0.07674050632911393], [0.005412156536219817, -0.07674050632911393], [0.005412156536219817, -0.07674050632911393], [0.005412156536219817, -0.07674050632911393], [0.01665278934221482, -0.07515822784810126], [-0.017485428809325562, -0.03322784810126582], [-0.11823480432972523, -0.07832278481012658], [-0.21357202331390507, 0.01977848101265823], [-0.29850124895920066, 0.055379746835443035]], "L-Wr": [[0.005412156536219817, -0.03243670886075949], [0.005412156536219817, -0.03243670886075949], [0.005412156536219817, -0.03243670886075949], [0.005412156536219817, -0.03322784810126582], [0.005828476269775187, -0.03322784810126582], [0.027893422148209824, -0.03322784810126582], [-0.01665278934221482, -0.011867088607594937], [-0.1103247293921732, -0.12658227848101267], [-0.2285595337218984, 0.00949367088607595], [-0.30682764363030807, 0.09572784810126582]], "R-Hip": [[-0.028726061615320566, -0.05458860759493671], [-0.028726061615320566, -0.05458860759493671], [-0.028726061615320566, -0.05458860759493671], [-0.028726061615320566, -0.05458860759493671], [-0.028726061615320566, -0.05458860759493671], [-0.028309741881765195, -0.03322784810126582], [-0.028726061615320566, 0.010284810126582278], [-0.11323896752706078, 0.022151898734177215], [-0.19442131557035802, 0.08306962025316456], [-0.2585345545378851, 0.07120253164556962]], "R-Knee": [[-0.040383014154870944, -0.010284810126582278], [-0.040383014154870944, -0.011075949367088608], [-0.040383014154870944, -0.011075949367088608], [-0.040383014154870944, 0.00949367088607595], [-0.040383014154870944, -0.011075949367088608], [-0.03996669442131557, 0.010284810126582278], [-0.0395503746877602, 0.03243670886075949], [-0.07327227310574522, 0.04113924050632911], [-0.16402997502081598, 0.08386075949367089], [-0.2556203164029975, 0.09414556962025317]], "R-Ank": [[-0.051623646960865945, 0.07515822784810126], [-0.051623646960865945, 0.055379746835443035], [-0.051623646960865945, 0.05458860759493671], [-0.051623646960865945, 0.07515822784810126], [-0.051623646960865945, 0.07436708860759493], [-0.051623646960865945, 0.07515822784810126], [-0.01706910907577019, 0.07515822784810126], [-0.038301415487094086, 0.06645569620253164], [-0.12489592006661115, 0.08465189873417721], [-0.23771856786011658, 0.09731012658227849]], "L-Hip": [[-0.0062447960033305576, -0.05458860759493671], [-0.0062447960033305576, -0.05458860759493671], [-0.0062447960033305576, -0.05458860759493671], [-0.0062447960033305576, -0.05458860759493671], [-0.0062447960033305576, -0.05458860759493671], [-0.004995836802664446, -0.038765822784810125], [-0.01706910907577019, -0.011075949367088608], [-0.1003330557868443, -0.00870253164556962], [-0.19442131557035802, 0.055379746835443035], [-0.26353039134054956, 0.056962025316455694]], "L-Knee": [[0.005412156536219817, 0.00949367088607595], [0.005412156536219817, 0.00949367088607595], [0.005412156536219817, -0.010284810126582278], [0.005412156536219817, 0.010284810126582278], [0.005412156536219817, 0.00949367088607595], [0.01665278934221482, 0.00949367088607595], [0.005828476269775187, 0.03243670886075949], [-0.0649458784346378, -0.02610759493670886], [-0.19691923397169026, 0.02689873417721519], [-0.2739383846794338, 0.04113924050632911]], "L-Ank": [[0.01706910907577019, 0.07515822784810126], [0.01706910907577019, 0.07436708860759493], [0.01706910907577019, 0.055379746835443035], [0.01706910907577019, 0.07515822784810126], [0.01665278934221482, 0.07515822784810126], [0.028309741881765195, 0.05458860759493671], [0.028726061615320566, 0.07515822784810126], [-0.02331390507910075, -0.0490506329113924], [-0.18900915903413823, -0.011075949367088608], [-0.287676935886761, 0.020569620253164556]]}