{"Head": [[-0.013322231473771857, -0.12025316455696203], [-0.01706910907577019, -0.1194620253164557], [-0.005828476269775187, -0.07753164556962025], [0.03746877601998335, -0.0814873417721519], [0.08159866777685262, -0.07120253164556962], [0.11240632805995004, -0.08306962025316456], [0.16444629475437136, -0.03322784810126582], [0.2285595337218984, 0.0245253164556962], [0.26477935054121565, 0.06724683544303797], [0.2793505412156536, 0.0625]], "R-Sho": [[-0.028726061615320566, -0.0981012658227848], [-0.028726061615320566, -0.07753164556962025], [-0.017485428809325562, -0.07515822784810126], [0.01665278934221482, -0.06882911392405064], [0.06286427976686094, -0.06962025316455696], [0.1015820149875104, -0.06408227848101265], [0.15320566194837634, -0.012658227848101266], [0.21357202331390507, 0.030854430379746837], [0.2443796835970025, 0.04509493670886076], [0.26019983347210657, 0.03481012658227848]], "R-Elb": [[-0.03996669442131557, -0.0759493670886076], [-0.03996669442131557, -0.05458860759493671], [-0.028726061615320566, -0.05379746835443038], [0.005412156536219817, -0.055379746835443035], [0.04329725228975854, -0.05617088607594937], [0.08326394671107411, -0.05379746835443038], [0.14196502914238135, -0.011867088607594937], [0.19733555370524564, 0.05617088607594937], [0.22148209825145712, 0.0245253164556962], [0.25228975853455454, 0.04430379746835443]], "R-Wr": [[-0.0507910074937552, -0.03322784810126582], [-0.05120732722731058, -0.015031645569620253], [-0.03746877601998335, -0.012658227848101266], [0.0020815986677768525, -0.015031645569620253], [0.06744379683597003, -0.056962025316455694], [0.10824313072439634, -0.049841772151898736], [0.15445462114904246, -0.004746835443037975], [0.20524562864279766, 0.08860759493670886], [0.2248126561199001, 0.0680379746835443], [0.2668609492089925, 0.06408227848101265]], "L-Sho": [[-0.005412156536219817, -0.09889240506329114], [0.004579517069109076, -0.0893987341772152], [0.005828476269775187, -0.0759493670886076], [0.04787676935886761, -0.049841772151898736], [0.0861781848459617, -0.03560126582278481], [0.1186511240632806, -0.03401898734177215], [0.17568692756036636, -0.010284810126582278], [0.2302248126561199, 0.07674050632911393], [0.2485428809325562, 0.0814873417721519], [0.2681099084096586, 0.08069620253164557]], "L-Elb": [[0.005828476269775187, -0.07674050632911393], [0.01706910907577019, -0.0490506329113924], [0.01706910907577019, -0.03322784810126582], [0.04079933388842631, -0.01977848101265823], [0.0903413821815154, -0.015031645569620253], [0.13030807660283097, -0.011867088607594937], [0.18692756036636138, 0.03243670886075949], [0.2019150707743547, 0.07990506329113924], [0.22814321398834306, 0.08702531645569621], [0.24271440466278102, 0.08069620253164557]], "L-Wr": [[0.01665278934221482, -0.03322784810126582], [0.022481265611990008, -0.004746835443037975], [0.030391340549542047, 0.01740506329113924], [0.050374687760199835, -0.003955696202531646], [0.10782681099084096, -0.011075949367088608], [0.14238134887593673, 0.00949367088607595], [0.19816819317235637, 0.0759493670886076], [0.18567860116569526, 0.08623417721518987], [0.208992506244796, 0.09018987341772151], [0.25936719400499586, 0.07515822784810126]], "R-Hip": [[-0.028309741881765195, -0.05379746835443038], [-0.017901748542880933, -0.03322784810126582], [-0.01706910907577019, -0.011867088607594937], [0.005412156536219817, -0.011867088607594937], [0.042464612822647796, -0.021360759493670885], [0.06744379683597003, -0.022943037974683545], [0.14154870940882597, 0.011075949367088608], [0.1806827643630308, 0.0490506329113924], [0.20940882597835137, 0.05379746835443038], [0.2343880099916736, 0.03955696202531646]], "R-Knee": [[-0.03996669442131557, -0.011075949367088608], [-0.03996669442131557, -0.010284810126582278], [-0.028726061615320566, 0.00949367088607595], [-0.005412156536219817, 0.011867088607594937], [0.017901748542880933, 0.0007911392405063291], [0.04288093255620316, -0.006329113924050633], [0.10782681099084096, 0.010284810126582278], [0.1523730224812656, 0.05933544303797468], [0.19525395503746878, 0.04667721518987342], [0.2285595337218984, 0.058544303797468354]], "R-Ank": [[-0.05120732722731058, 0.05458860759493671], [-0.05120732722731058, 0.05379746835443038], [-0.03996669442131557, 0.05379746835443038], [-0.038301415487094086, 0.03955696202531646], [-0.017901748542880933, 0.0189873417721519], [0.0, 0.015822784810126583], [0.06244796003330558, 0.03164556962025317], [0.12031640299750208, 0.05775316455696203], [0.175270607826811, 0.05063291139240506], [0.18859283930058285, 0.030063291139240507]], "L-Hip": [[-0.005828476269775187, -0.05379746835443038], [-0.0020815986677768525, -0.029272151898734177], [0.0016652789342214821, -0.015822784810126583], [0.018318068276436304, -0.006329113924050633], [0.053705245628642796, -0.007911392405063292], [0.08201498751040799, 0.005537974683544304], [0.15320566194837634, 0.03243670886075949], [0.1806827643630308, 0.0814873417721519], [0.21440466278101583, 0.07674050632911393], [0.23605328892589508, 0.0759493670886076]], "L-Knee": [[0.01623646960865945, -0.010284810126582278], [0.005828476269775187, -0.010284810126582278], [0.01665278934221482, -0.011075949367088608], [0.01665278934221482, 0.03164556962025317], [0.027893422148209824, 0.03243670886075949], [0.05412156536219817, 0.03401898734177215], [0.1115736885928393, 0.05617088607594937], [0.1540383014154871, 0.09018987341772151], [0.1948376353039134, 0.07832278481012658], [0.23938384679433805, 0.09098101265822785]], "L-Ank": [[0.01706910907577019, 0.05458860759493671], [0.01665278934221482, 0.05458860759493671], [-0.005828476269775187, 0.05379746835443038], [-0.017485428809325562, 0.07515822784810126], [-0.007077435470441299, 0.06566455696202532], [0.0033305578684429643, 0.061708860759493674], [0.06328059950041633, 0.05458860759493671], [0.12323064113238967, 0.08386075949367089], [0.15320566194837634, 0.05458860759493671], [0.21273938384679433, 0.09018987341772151]]}