{"Head": [[-0.010407993338884263, -0.09742351046698873], [-0.00041631973355537054, -0.09822866344605476], [-0.00832639467110741, -0.0748792270531401], [-0.011656952539550375, -0.033011272141706925], [-0.03996669442131557, -0.008856682769726247], [-0.08409658617818484, 0.00966183574879227], [-0.1298917568692756, 0.05555555555555555], [-0.16611157368859283, 0.11513687600644122], [-0.21690258118234804, 0.15619967793880837], [-0.24354704412989175, 0.15539452495974235]], "R-Sho": [[-0.02289758534554538, -0.07648953301127215], [-0.022064945878434637, -0.07648953301127215], [-0.0253955037468776, -0.05233494363929147], [-0.02289758534554538, -0.011272141706924315], [-0.05120732722731058, 0.02254428341384863], [-0.093255620316403, 0.0322061191626409], [-0.14113238967527061, 0.08695652173913043], [-0.16652789342214822, 0.15056360708534622], [-0.20149875104079934, 0.18115942028985507], [-0.22273105745212324, 0.178743961352657]], "R-Elb": [[-0.04537885095753539, -0.07648953301127215], [-0.044962531223980015, -0.07568438003220612], [-0.04454621149042465, -0.04750402576489533], [-0.033721898417985015, 0.0322061191626409], [-0.053705245628642796, 0.0748792270531401], [-0.10532889258950874, 0.06843800322061191], [-0.15070774354704414, 0.13526570048309178], [-0.16069941715237301, 0.1747181964573269], [-0.1765195670274771, 0.18438003220611915], [-0.20524562864279766, 0.18276972624798712]], "R-Wr": [[-0.0678601165695254, -0.09822866344605476], [-0.07951706910907577, -0.0966183574879227], [-0.0578684429641965, -0.04830917874396135], [-0.044962531223980015, 0.05394524959742351], [-0.06452955870108243, 0.0998389694041868], [-0.093255620316403, 0.07729468599033816], [-0.15320566194837634, 0.15136876006441224], [-0.1565362198168193, 0.18438003220611915], [-0.16361365528726063, 0.18840579710144928], [-0.19691923397169026, 0.1859903381642512]], "L-Sho": [[0.00832639467110741, -0.07971014492753623], [0.012489592006661115, -0.0748792270531401], [0.009991673605328892, -0.06038647342995169], [0.0, -0.011272141706924315], [-0.02414654454621149, 0.01288244766505636], [-0.07160699417152373, 0.018518518518518517], [-0.10532889258950874, 0.06521739130434782], [-0.1511240632805995, 0.11272141706924316], [-0.20149875104079934, 0.1473429951690821], [-0.22231473771856786, 0.13043478260869565]], "L-Elb": [[0.03330557868442964, -0.07729468599033816], [0.03996669442131557, -0.08293075684380032], [0.024562864279766863, -0.05475040257648953], [0.018318068276436304, 0.026570048309178744], [-0.012073272273105746, 0.06280193236714976], [-0.05203996669442131, 0.04428341384863124], [-0.08451290591174021, 0.05314009661835749], [-0.12822647793505412, 0.0966183574879227], [-0.18151540383014156, 0.1288244766505636], [-0.20566194837635304, 0.1215780998389694]], "L-Wr": [[0.05412156536219817, -0.10064412238325282], [0.059117402164862616, -0.09742351046698873], [0.04787676935886761, -0.061996779388083734], [0.034970857618651124, 0.05233494363929147], [-0.01706910907577019, 0.09178743961352658], [-0.029558701082431308, 0.06763285024154589], [-0.06119900083263947, 0.04186795491143317], [-0.12239800166527894, 0.08051529790660225], [-0.17443796835970024, 0.11272141706924316], [-0.19608659450457952, 0.1111111111111111]], "R-Hip": [[-0.019983347210657785, 0.013687600644122383], [-0.014154870940882597, 0.01288244766505636], [-0.01665278934221482, 0.03784219001610306], [-0.022481265611990008, 0.06843800322061191], [-0.03205661948376353, 0.09017713365539452], [-0.06536219816819318, 0.10386473429951691], [-0.10574521232306411, 0.14251207729468598], [-0.13655287260616153, 0.16988727858293076], [-0.1740216486261449, 0.16666666666666666], [-0.18984179850124897, 0.16747181964573268]], "R-Knee": [[-0.02289758534554538, 0.07568438003220612], [-0.02289758534554538, 0.07568438003220612], [-0.029558701082431308, 0.10064412238325282], [-0.033721898417985015, 0.09742351046698873], [-0.03413821815154038, 0.11835748792270531], [-0.05620316402997502, 0.14492753623188406], [-0.09533721898417985, 0.17310789049919484], [-0.11990008326394672, 0.18115942028985507], [-0.1611157368859284, 0.18035426731078905], [-0.19691923397169026, 0.18438003220611915]], "R-Ank": [[-0.033721898417985015, 0.16183574879227053], [-0.033721898417985015, 0.14170692431561996], [-0.026228143213988343, 0.15056360708534622], [-0.011656952539550375, 0.14170692431561996], [-0.011240632805995004, 0.16264090177133655], [-0.009991673605328892, 0.17391304347826086], [-0.05537052456286428, 0.17552334943639292], [-0.09408825978351373, 0.17632850241545894], [-0.14654454621149043, 0.1859903381642512], [-0.1652789342214821, 0.18679549114331723]], "L-Hip": [[-0.00041631973355537054, 0.010466988727858293], [-0.00041631973355537054, 0.010466988727858293], [-0.002497918401332223, 0.039452495974235106], [-0.0008326394671107411, 0.0748792270531401], [-0.022481265611990008, 0.0748792270531401], [-0.04995836802664446, 0.0853462157809984], [-0.0974188176519567, 0.11755233494363929], [-0.12656119900083265, 0.14170692431561996], [-0.16278101582014987, 0.12962962962962962], [-0.18526228143213988, 0.13526570048309178]], "L-Knee": [[0.0, 0.07568438003220612], [0.010407993338884263, 0.07568438003220612], [0.012073272273105746, 0.09259259259259259], [0.010407993338884263, 0.09742351046698873], [0.004579517069109076, 0.11916264090177134], [-0.018734388009991675, 0.10225442834138486], [-0.06411323896752706, 0.09420289855072464], [-0.09367194004995837, 0.10950080515297907], [-0.13946711074104912, 0.08695652173913043], [-0.16985845129059118, 0.09017713365539452]], "L-Ank": [[0.010824313072439634, 0.14170692431561996], [0.010824313072439634, 0.14170692431561996], [0.022064945878434637, 0.15539452495974235], [0.03663613655287261, 0.1392914653784219], [0.033721898417985015, 0.14492753623188406], [0.024562864279766863, 0.14009661835748793], [-0.026644462947543714, 0.06521739130434782], [-0.052872606161532054, 0.06682769726247988], [-0.10241465445462115, 0.07809983896940419], [-0.13655287260616153, 0.08776167471819646]]}