{"Head": [[-0.026644462947543714, -0.057971014492753624], [-0.044962531223980015, -0.011272141706924315], [-0.0890924229808493, 0.01610305958132045], [-0.12198168193172357, 0.04911433172302738], [-0.1694421315570358, 0.143317230273752], [-0.1835970024979184, 0.15217391304347827], [-0.186511240632806, 0.143317230273752], [-0.19442131557035802, 0.12640901771336555], [-0.19983347210657784, 0.10225442834138486], [-0.2073272273105745, 0.09017713365539452]], "R-Sho": [[-0.044962531223980015, -0.033011272141706925], [-0.05661948376353039, 0.010466988727858293], [-0.08534554537885096, 0.04106280193236715], [-0.10657785179017486, 0.05636070853462158], [-0.15029142381348876, 0.15458937198067632], [-0.16777685262281433, 0.14814814814814814], [-0.1740216486261449, 0.15136876006441224], [-0.18151540383014156, 0.1360708534621578], [-0.18984179850124897, 0.12238325281803543], [-0.19816819317235637, 0.09822866344605476]], "R-Elb": [[-0.05661948376353039, -0.010466988727858293], [-0.057035803497085764, 0.05394524959742351], [-0.09492089925062448, 0.06038647342995169], [-0.12531223980016654, 0.07568438003220612], [-0.14612822647793505, 0.18438003220611915], [-0.15320566194837634, 0.17954911433172302], [-0.1594504579517069, 0.18679549114331723], [-0.17277268942547877, 0.16988727858293076], [-0.17860116569525394, 0.1537842190016103], [-0.1906744379683597, 0.14090177133655393]], "R-Wr": [[-0.0678601165695254, 0.011272141706924315], [-0.05661948376353039, 0.07568438003220612], [-0.1103247293921732, 0.08373590982286634], [-0.15195670274771025, 0.08776167471819646], [-0.1765195670274771, 0.18518518518518517], [-0.17485428809325562, 0.19243156199677938], [-0.1835970024979184, 0.18357487922705315], [-0.18484596169858453, 0.19484702093397746], [-0.19192339716902582, 0.17632850241545894], [-0.21149042464612822, 0.16344605475040258]], "L-Sho": [[-0.013322231473771857, -0.030595813204508857], [-0.033721898417985015, 0.010466988727858293], [-0.0678601165695254, 0.028985507246376812], [-0.08825978351373855, 0.036231884057971016], [-0.15362198168193172, 0.13848631239935588], [-0.1694421315570358, 0.1570048309178744], [-0.17693588676103247, 0.1529790660225443], [-0.18692756036636138, 0.1392914653784219], [-0.1823480432972523, 0.10466988727858294], [-0.1906744379683597, 0.09742351046698873]], "L-Elb": [[0.0, -0.004830917874396135], [-0.02289758534554538, 0.05314009661835749], [-0.09492089925062448, 0.0499194847020934], [-0.115736885928393, 0.06682769726247988], [-0.14862614487926729, 0.18518518518518517], [-0.15320566194837634, 0.19243156199677938], [-0.16153205661948378, 0.1932367149758454], [-0.17568692756036636, 0.17310789049919484], [-0.17069109075770192, 0.13768115942028986], [-0.18609492089925062, 0.13768115942028986]], "L-Wr": [[0.010824313072439634, 0.023349436392914653], [-0.02289758534554538, 0.07568438003220612], [-0.13488759367194006, 0.09742351046698873], [-0.14571190674437967, 0.07971014492753623], [-0.18151540383014156, 0.19806763285024154], [-0.175270607826811, 0.20048309178743962], [-0.17901748542880933, 0.19082125603864733], [-0.18109908409658618, 0.18760064412238325], [-0.18026644462947544, 0.16908212560386474], [-0.20274771024146546, 0.14090177133655393]], "R-Hip": [[-0.034970857618651124, 0.05475040257648953], [-0.04537885095753539, 0.07648953301127215], [-0.05995004163197336, 0.0861513687600644], [-0.08659450457951708, 0.09742351046698873], [-0.11407160699417153, 0.1747181964573269], [-0.12781015820149874, 0.18518518518518517], [-0.14196502914238135, 0.15942028985507245], [-0.1511240632805995, 0.15458937198067632], [-0.16694421315570357, 0.1457326892109501], [-0.16985845129059118, 0.11755233494363929]], "R-Knee": [[-0.04995836802664446, 0.11916264090177134], [-0.04537885095753539, 0.11916264090177134], [-0.059533721898417984, 0.13687600644122383], [-0.05995004163197336, 0.1529790660225443], [-0.06244796003330558, 0.18518518518518517], [-0.10324729392173189, 0.1932367149758454], [-0.15154038301415487, 0.1859903381642512], [-0.1736053288925895, 0.19162640901771336], [-0.1819317235636969, 0.1892109500805153], [-0.16028309741881766, 0.17552334943639292]], "R-Ank": [[-0.05661948376353039, 0.16183574879227053], [-0.044962531223980015, 0.16264090177133655], [-0.04746044962531224, 0.17632850241545894], [-0.029558701082431308, 0.15136876006441224], [-0.03746877601998335, 0.17149758454106281], [-0.07993338884263114, 0.177938808373591], [-0.11115736885928393, 0.18438003220611915], [-0.1540383014154871, 0.19082125603864733], [-0.1540383014154871, 0.1892109500805153], [-0.1398834304746045, 0.17552334943639292]], "L-Hip": [[-0.017485428809325562, 0.05394524959742351], [-0.033721898417985015, 0.07568438003220612], [-0.04329725228975854, 0.07809983896940419], [-0.06952539550374688, 0.07326892109500806], [-0.1115736885928393, 0.1497584541062802], [-0.12781015820149874, 0.1537842190016103], [-0.13863447127393838, 0.16505636070853463], [-0.14779350541215652, 0.13687600644122383], [-0.1540383014154871, 0.12077294685990338], [-0.17901748542880933, 0.1288244766505636]], "L-Knee": [[-0.00041631973355537054, 0.09822866344605476], [-0.011656952539550375, 0.11835748792270531], [-0.019983347210657785, 0.1215780998389694], [-0.03122398001665279, 0.11352657004830918], [-0.0636969192339717, 0.15780998389694043], [-0.09825145711906745, 0.1537842190016103], [-0.1482098251457119, 0.19082125603864733], [-0.12156536219816819, 0.18035426731078905], [-0.14029975020815988, 0.16264090177133655], [-0.18151540383014156, 0.18760064412238325]], "L-Ank": [[0.0, 0.16264090177133655], [0.0, 0.16183574879227053], [0.013322231473771857, 0.17149758454106281], [0.004995836802664446, 0.1392914653784219], [-0.04579517069109076, 0.1280193236714976], [-0.06619483763530391, 0.1247987117552335], [-0.12073272273105745, 0.1819645732689211], [-0.09700249791840133, 0.18518518518518517], [-0.12489592006661115, 0.18518518518518517], [-0.16028309741881766, 0.18679549114331723]]}