{"Head": [[-0.025811823480432972, -0.10305958132045089], [-0.026644462947543714, -0.0893719806763285], [-0.03330557868442964, -0.07729468599033816], [-0.02331390507910075, -0.05475040257648953], [-0.04537885095753539, -0.011272141706924315], [-0.11781848459616986, 0.0249597423510467], [-0.15861781848459616, 0.10144927536231885], [-0.1877601998334721, 0.09420289855072464], [-0.20149875104079934, 0.10869565217391304], [-0.21815154038301415, 0.12077294685990338]], "R-Sho": [[-0.044962531223980015, -0.07568438003220612], [-0.04288093255620316, -0.0499194847020934], [-0.044962531223980015, -0.05475040257648953], [-0.044962531223980015, -0.012077294685990338], [-0.06661115736885928, 0.02254428341384863], [-0.1257285595337219, 0.061191626409017714], [-0.1694421315570358, 0.13043478260869565], [-0.18984179850124897, 0.13446054750402575], [-0.1948376353039134, 0.13285024154589373], [-0.19608659450457952, 0.1457326892109501]], "R-Elb": [[-0.04537885095753539, -0.0322061191626409], [-0.04621149042464613, -0.007246376811594203], [-0.04537885095753539, -0.011272141706924315], [-0.05620316402997502, 0.011272141706924315], [-0.06286427976686094, 0.07085346215780998], [-0.13821815154038303, 0.08373590982286634], [-0.1740216486261449, 0.17310789049919484], [-0.18859283930058285, 0.1706924315619968], [-0.18734388009991673, 0.17310789049919484], [-0.18734388009991673, 0.16908212560386474]], "R-Wr": [[-0.04537885095753539, 0.011272141706924315], [-0.05120732722731058, 0.033816425120772944], [-0.04537885095753539, 0.0322061191626409], [-0.04537885095753539, 0.05314009661835749], [-0.049125728559533725, 0.09259259259259259], [-0.1552872606161532, 0.09017713365539452], [-0.18692756036636138, 0.18679549114331723], [-0.1965029142381349, 0.18840579710144928], [-0.2073272273105745, 0.18035426731078905], [-0.2060782681099084, 0.1892109500805153]], "L-Sho": [[-0.009575353871773521, -0.06924315619967794], [-0.009159034138218152, -0.061191626409017714], [-0.011656952539550375, -0.05475040257648953], [-0.011656952539550375, -0.012077294685990338], [-0.03122398001665279, 0.016908212560386472], [-0.09783513738551207, 0.03784219001610306], [-0.14363030807660282, 0.11352657004830918], [-0.16819317235636969, 0.10225442834138486], [-0.18484596169858453, 0.0998389694041868], [-0.20691090757701916, 0.09903381642512077]], "L-Elb": [[-0.005412156536219817, -0.018518518518518517], [-0.005412156536219817, -0.0008051529790660225], [-0.010824313072439634, -0.011272141706924315], [-0.0008326394671107411, 0.011272141706924315], [-0.028726061615320566, 0.05958132045088567], [-0.08076602830974189, 0.05555555555555555], [-0.11740216486261448, 0.13365539452495975], [-0.14904246461282264, 0.11996779388083736], [-0.16819317235636969, 0.11191626409017713], [-0.19109075770191508, 0.11513687600644122]], "L-Wr": [[-0.0008326394671107411, 0.030595813204508857], [-0.0016652789342214821, 0.033011272141706925], [-0.011240632805995004, 0.03140096618357488], [-0.011240632805995004, 0.05314009661835749], [-0.028726061615320566, 0.09098228663446055], [-0.05620316402997502, 0.0322061191626409], [-0.1357202331390508, 0.10628019323671498], [-0.17152373022481265, 0.10628019323671498], [-0.18609492089925062, 0.13526570048309178], [-0.20815986677768525, 0.1473429951690821]], "R-Hip": [[-0.03413821815154038, 0.011272141706924315], [-0.034970857618651124, 0.033011272141706925], [-0.03413821815154038, 0.0322061191626409], [-0.04454621149042465, 0.05475040257648953], [-0.05203996669442131, 0.08373590982286634], [-0.09950041631973355, 0.1143317230273752], [-0.14238134887593673, 0.17552334943639292], [-0.16736053288925895, 0.16586151368760063], [-0.16402997502081598, 0.16022544283413848], [-0.17901748542880933, 0.14251207729468598]], "R-Knee": [[-0.044962531223980015, 0.0966183574879227], [-0.04121565362198168, 0.0861513687600644], [-0.044962531223980015, 0.0966183574879227], [-0.04537885095753539, 0.09822866344605476], [-0.06203164029975021, 0.11755233494363929], [-0.10116569525395504, 0.14895330112721417], [-0.13821815154038303, 0.19162640901771336], [-0.1723563696919234, 0.18115942028985507], [-0.18442964196502915, 0.18438003220611915], [-0.1948376353039134, 0.18276972624798712]], "R-Ank": [[-0.04537885095753539, 0.16183574879227053], [-0.043713572023313906, 0.14814814814814814], [-0.04537885095753539, 0.14170692431561996], [-0.044962531223980015, 0.16264090177133655], [-0.044962531223980015, 0.16264090177133655], [-0.058284762697751874, 0.17310789049919484], [-0.11074104912572856, 0.19162640901771336], [-0.14571190674437967, 0.177938808373591], [-0.15487094088259784, 0.1892109500805153], [-0.1582014987510408, 0.18840579710144928]], "L-Hip": [[-0.012073272273105746, 0.011272141706924315], [-0.01623646960865945, 0.03140096618357488], [-0.022064945878434637, 0.0322061191626409], [-0.022481265611990008, 0.05394524959742351], [-0.03413821815154038, 0.07568438003220612], [-0.08326394671107411, 0.09822866344605476], [-0.1273938384679434, 0.1537842190016103], [-0.1540383014154871, 0.1473429951690821], [-0.15861781848459616, 0.14895330112721417], [-0.17194004995836804, 0.11594202898550725]], "L-Knee": [[-0.011240632805995004, 0.07568438003220612], [-0.00832639467110741, 0.0821256038647343], [-0.011240632805995004, 0.07648953301127215], [-0.010824313072439634, 0.09742351046698873], [-0.012905911740216486, 0.11674718196457327], [-0.04579517069109076, 0.11272141706924316], [-0.08576186511240633, 0.15539452495974235], [-0.11990008326394672, 0.14251207729468598], [-0.1594504579517069, 0.1280193236714976], [-0.17568692756036636, 0.14090177133655393]], "L-Ank": [[-0.0008326394671107411, 0.14170692431561996], [-0.0016652789342214821, 0.14895330112721417], [-0.0008326394671107411, 0.14170692431561996], [0.010407993338884263, 0.14170692431561996], [0.012489592006661115, 0.15539452495974235], [-0.010824313072439634, 0.15056360708534622], [-0.04704412989175687, 0.16344605475040258], [-0.0903413821815154, 0.1706924315619968], [-0.1315570358034971, 0.19162640901771336], [-0.13905079100749376, 0.17391304347826086]]}