{"Head": [[-0.006661115736885929, -0.06280193236714976], [0.010824313072439634, 0.00966183574879227], [0.07410491257285595, 0.026570048309178744], [0.13905079100749376, 0.06521739130434782], [0.22939217318900915, 0.17149758454106281], [0.26477935054121565, 0.16666666666666666], [0.2781015820149875, 0.1642512077294686], [0.28892589508742716, 0.1497584541062802], [0.2960033305578684, 0.14814814814814814], [0.0, 0.0]], "R-Sho": [[-0.022481265611990008, -0.033011272141706925], [-0.0008326394671107411, 0.0322061191626409], [0.05661948376353039, 0.04911433172302738], [0.11823480432972523, 0.06602254428341385], [0.21565362198168192, 0.14814814814814814], [0.2497918401332223, 0.15619967793880837], [0.26935886761032474, 0.15539452495974235], [0.28559533721898417, 0.16908212560386474], [0.2835137385512073, 0.15619967793880837], [0.0, 0.0]], "R-Elb": [[-0.033721898417985015, 0.010466988727858293], [-0.011656952539550375, 0.05394524959742351], [0.04787676935886761, 0.07246376811594203], [0.11906744379683597, 0.09339774557165861], [0.19525395503746878, 0.1682769726247987], [0.22772689425478768, 0.13848631239935588], [0.2527060782681099, 0.14251207729468598], [0.27726894254787676, 0.19162640901771336], [0.27310574521232306, 0.177938808373591], [0.0, 0.0]], "R-Wr": [[-0.044962531223980015, 0.05314009661835749], [-0.033721898417985015, 0.09742351046698873], [0.06619483763530391, 0.08776167471819646], [0.14196502914238135, 0.09581320450885668], [0.2006661115736886, 0.20048309178743962], [0.21940049958368027, 0.19243156199677938], [0.26061615320566195, 0.1610305958132045], [0.2980849292256453, 0.1964573268921095], [0.2964196502914238, 0.19082125603864733], [0.0, 0.0]], "L-Sho": [[0.009159034138218152, -0.036231884057971016], [0.024562864279766863, 0.0322061191626409], [0.07701915070774355, 0.05475040257648953], [0.13447127393838468, 0.09903381642512077], [0.21648626144879268, 0.19001610305958133], [0.2531223980016653, 0.19806763285024154], [0.2710241465445462, 0.20531400966183574], [0.27768526228143214, 0.16747181964573268], [0.2951706910907577, 0.1682769726247987], [0.0, 0.0]], "L-Elb": [[0.022064945878434637, 0.010466988727858293], [0.027477102414654453, 0.07246376811594203], [0.08576186511240633, 0.11272141706924316], [0.16694421315570357, 0.08695652173913043], [0.23605328892589508, 0.2037037037037037], [0.2697751873438801, 0.2028985507246377], [0.2839300582847627, 0.20531400966183574], [0.2672772689425479, 0.20209339774557167], [0.2810158201498751, 0.1996779388083736], [0.0, 0.0]], "L-Wr": [[0.030807660283097418, 0.05636070853462158], [0.03330557868442964, 0.09742351046698873], [0.09575353871773522, 0.11755233494363929], [0.19150707743547044, 0.06602254428341385], [0.2631140716069942, 0.1956521739130435], [0.2951706910907577, 0.17954911433172302], [0.29766860949208995, 0.2028985507246377], [0.29017485428809325, 0.21014492753623187], [0.2968359700249792, 0.20450885668276972], [0.0, 0.0]], "R-Hip": [[-0.011656952539550375, 0.05394524959742351], [-0.00041631973355537054, 0.0966183574879227], [0.033721898417985015, 0.09903381642512077], [0.07577019150707744, 0.11674718196457327], [0.15986677768526228, 0.1642512077294686], [0.20982514571190675, 0.16505636070853463], [0.2373022481265612, 0.17552334943639292], [0.24479600333055787, 0.19404186795491143], [0.25353871773522063, 0.17552334943639292], [0.0, 0.0]], "R-Knee": [[-0.022481265611990008, 0.09822866344605476], [-0.02289758534554538, 0.11916264090177134], [0.0020815986677768525, 0.13848631239935588], [0.044962531223980015, 0.13526570048309178], [0.12614487926727727, 0.15539452495974235], [0.1611157368859284, 0.15136876006441224], [0.1965029142381349, 0.1747181964573269], [0.20691090757701916, 0.19806763285024154], [0.21440466278101583, 0.18518518518518517], [0.0, 0.0]], "R-Ank": [[-0.02289758534554538, 0.16344605475040258], [-0.04954204829308909, 0.1747181964573269], [-0.02997502081598668, 0.1706924315619968], [0.0020815986677768525, 0.1723027375201288], [0.10574521232306411, 0.18840579710144928], [0.13322231473771856, 0.19001610305958133], [0.1623646960865945, 0.1972624798711755], [0.17860116569525394, 0.1392914653784219], [0.17985012489592006, 0.1497584541062802], [0.0, 0.0]], "L-Hip": [[0.010407993338884263, 0.05394524959742351], [0.020399666944213156, 0.10144927536231885], [0.04412989175686927, 0.11996779388083736], [0.08076602830974189, 0.14814814814814814], [0.16194837635303913, 0.19806763285024154], [0.20566194837635304, 0.19806763285024154], [0.23771856786011658, 0.20531400966183574], [0.2414654454621149, 0.19484702093397746], [0.2527060782681099, 0.1996779388083736], [0.0, 0.0]], "L-Knee": [[0.011240632805995004, 0.09822866344605476], [0.02289758534554538, 0.11916264090177134], [0.040383014154870944, 0.15942028985507245], [0.0507910074937552, 0.17149758454106281], [0.12114904246461282, 0.18840579710144928], [0.16860949208992507, 0.2037037037037037], [0.19567027477102414, 0.20611916264090177], [0.2048293089092423, 0.2109500805152979], [0.2218984179850125, 0.2069243156199678], [0.0, 0.0]], "L-Ank": [[0.022064945878434637, 0.16344605475040258], [0.0, 0.16344605475040258], [0.004163197335553705, 0.1972624798711755], [0.014154870940882597, 0.19001610305958133], [0.08451290591174021, 0.15458937198067632], [0.1257285595337219, 0.20209339774557167], [0.14238134887593673, 0.2037037037037037], [0.16611157368859283, 0.1747181964573269], [0.2077435470441299, 0.1392914653784219], [0.0, 0.0]]}