{"Head": [[-0.013738551207327226, -0.11916264090177134], [-0.022481265611990008, -0.11916264090177134], [-0.022481265611990008, -0.11996779388083736], [-0.022481265611990008, -0.09822866344605476], [-0.022481265611990008, -0.07648953301127215], [-0.030391340549542047, -0.033011272141706925], [-0.06869275603663613, -0.030595813204508857], [-0.0974188176519567, 0.004025764895330112], [-0.1736053288925895, 0.020128824476650563], [-0.21648626144879268, 0.08132045088566828]], "R-Sho": [[-0.03330557868442964, -0.07729468599033816], [-0.033721898417985015, -0.07729468599033816], [-0.033721898417985015, -0.07729468599033816], [-0.033721898417985015, -0.07568438003220612], [-0.03413821815154038, -0.05394524959742351], [-0.04579517069109076, -0.008856682769726247], [-0.07868442964196502, -0.010466988727858293], [-0.10116569525395504, 0.036231884057971016], [-0.1623646960865945, 0.05233494363929147], [-0.20982514571190675, 0.11835748792270531]], "R-Elb": [[-0.03413821815154038, -0.05394524959742351], [-0.044962531223980015, -0.05394524959742351], [-0.04454621149042465, -0.05475040257648953], [-0.044962531223980015, -0.033011272141706925], [-0.050374687760199835, -0.03462157809983897], [-0.05537052456286428, 0.026570048309178744], [-0.0791007493755204, 0.0322061191626409], [-0.11906744379683597, 0.037037037037037035], [-0.1806827643630308, 0.0861513687600644], [-0.20857618651124063, 0.1457326892109501]], "R-Wr": [[-0.03413821815154038, -0.011272141706924315], [-0.04537885095753539, -0.011272141706924315], [-0.044962531223980015, -0.012077294685990338], [-0.05620316402997502, -0.011272141706924315], [-0.061615320566194835, 0.001610305958132045], [-0.058284762697751874, 0.05555555555555555], [-0.07327227310574522, 0.05152979066022544], [-0.1328059950041632, 0.04428341384863124], [-0.2073272273105745, 0.11594202898550725], [-0.2289758534554538, 0.15136876006441224]], "L-Sho": [[-0.00041631973355537054, -0.07729468599033816], [-0.0012489592006661116, -0.07971014492753623], [-0.007077435470441299, -0.08454106280193237], [-0.0029142381348875937, -0.07004830917874397], [-0.004995836802664446, -0.04428341384863124], [-0.017901748542880933, -0.004830917874396135], [-0.05620316402997502, -0.010466988727858293], [-0.0903413821815154, 0.010466988727858293], [-0.14529558701082432, 0.014492753623188406], [-0.1965029142381349, 0.06521739130434782]], "L-Elb": [[0.010824313072439634, -0.05394524959742351], [0.00041631973355537054, -0.033816425120772944], [0.0, -0.05394524959742351], [0.010824313072439634, -0.033011272141706925], [0.010824313072439634, -0.033011272141706925], [-0.004163197335553705, 0.016908212560386472], [-0.04454621149042465, 0.0322061191626409], [-0.07701915070774355, 0.015297906602254429], [-0.13613655287260615, -0.013687600644122383], [-0.19567027477102414, 0.03784219001610306]], "L-Wr": [[0.010824313072439634, -0.011272141706924315], [0.010407993338884263, -0.011272141706924315], [0.0, -0.011272141706924315], [0.022064945878434637, -0.011272141706924315], [0.022064945878434637, -0.012077294685990338], [0.009991673605328892, 0.050724637681159424], [-0.05661948376353039, 0.05394524959742351], [-0.0649458784346378, 0.0322061191626409], [-0.1315570358034971, -0.05877616747181964], [-0.20691090757701916, 0.010466988727858293]], "R-Hip": [[-0.02289758534554538, -0.010466988727858293], [-0.033721898417985015, -0.010466988727858293], [-0.033721898417985015, -0.011272141706924315], [-0.02331390507910075, 0.010466988727858293], [-0.03455453788509576, 0.029790660225442835], [-0.0395503746877602, 0.04750402576489533], [-0.0678601165695254, 0.0748792270531401], [-0.07785179017485429, 0.061996779388083734], [-0.11532056619483763, 0.06843800322061191], [-0.16402997502081598, 0.1320450885668277]], "R-Knee": [[-0.033721898417985015, 0.05475040257648953], [-0.03413821815154038, 0.05475040257648953], [-0.03413821815154038, 0.05394524959742351], [-0.044962531223980015, 0.07568438003220612], [-0.04454621149042465, 0.07568438003220612], [-0.04454621149042465, 0.07568438003220612], [-0.04412989175686927, 0.10305958132045089], [-0.05203996669442131, 0.10064412238325282], [-0.08825978351373855, 0.10305958132045089], [-0.13238967527060783, 0.14090177133655393]], "R-Ank": [[-0.03413821815154038, 0.11996779388083736], [-0.04579517069109076, 0.13526570048309178], [-0.03455453788509576, 0.11916264090177134], [-0.05578684429641965, 0.14009661835748793], [-0.044962531223980015, 0.14009661835748793], [-0.022064945878434637, 0.12962962962962962], [-0.01665278934221482, 0.14090177133655393], [-0.02331390507910075, 0.13446054750402575], [-0.05120732722731058, 0.14090177133655393], [-0.09825145711906745, 0.15539452495974235]], "L-Hip": [[-0.0008326394671107411, -0.010466988727858293], [-0.011240632805995004, 0.00966183574879227], [-0.011240632805995004, -0.011272141706924315], [-0.011240632805995004, 0.010466988727858293], [-0.011240632805995004, 0.03140096618357488], [-0.02164862614487927, 0.0499194847020934], [-0.04579517069109076, 0.05475040257648953], [-0.06452955870108243, 0.04750402576489533], [-0.11490424646128226, 0.036231884057971016], [-0.1623646960865945, 0.0966183574879227]], "L-Knee": [[-0.00041631973355537054, 0.05394524959742351], [-0.011240632805995004, 0.05475040257648953], [-0.00041631973355537054, 0.05394524959742351], [0.0, 0.0748792270531401], [0.0, 0.0748792270531401], [0.0008326394671107411, 0.09420289855072464], [-0.033721898417985015, 0.07568438003220612], [-0.042464612822647796, 0.07971014492753623], [-0.08451290591174021, 0.071658615136876], [-0.1298917568692756, 0.09903381642512077]], "L-Ank": [[0.00041631973355537054, 0.11916264090177134], [0.0, 0.14009661835748793], [0.0, 0.11916264090177134], [0.010407993338884263, 0.14009661835748793], [0.010824313072439634, 0.11916264090177134], [0.010824313072439634, 0.14090177133655393], [0.019150707743547043, 0.13285024154589373], [-0.004579517069109076, 0.12238325281803543], [-0.04621149042464613, 0.11755233494363929], [-0.09783513738551207, 0.09903381642512077]]}