{"Head": [[-0.011656952539550375, -0.09339774557165861], [-0.011656952539550375, -0.05475040257648953], [-0.011240632805995004, -0.05475040257648953], [-0.011656952539550375, -0.05475040257648953], [-0.022064945878434637, -0.033011272141706925], [-0.036219816819317234, -0.008856682769726247], [-0.07868442964196502, 0.010466988727858293], [-0.11490424646128226, 0.023349436392914653], [-0.14196502914238135, 0.05152979066022544], [-0.17985012489592006, 0.08454106280193237]], "R-Sho": [[-0.03122398001665279, -0.05877616747181964], [-0.02289758534554538, -0.033011272141706925], [-0.02289758534554538, -0.012077294685990338], [-0.033721898417985015, -0.012077294685990338], [-0.03413821815154038, -0.010466988727858293], [-0.04537885095753539, 0.010466988727858293], [-0.0903413821815154, 0.0322061191626409], [-0.12531223980016654, 0.05233494363929147], [-0.152789342214821, 0.08132045088566828], [-0.18859283930058285, 0.11996779388083736]], "R-Elb": [[-0.033721898417985015, -0.033011272141706925], [-0.044962531223980015, -0.011272141706924315], [-0.044962531223980015, -0.010466988727858293], [-0.044962531223980015, 0.010466988727858293], [-0.044962531223980015, 0.033011272141706925], [-0.05661948376353039, 0.05394524959742351], [-0.10116569525395504, 0.07568438003220612], [-0.13197335553705244, 0.07648953301127215], [-0.16486261448792672, 0.11996779388083736], [-0.1935886761032473, 0.1610305958132045]], "R-Wr": [[-0.03413821815154038, 0.00966183574879227], [-0.05620316402997502, 0.010466988727858293], [-0.05661948376353039, 0.010466988727858293], [-0.044962531223980015, 0.05394524959742351], [-0.044962531223980015, 0.07568438003220612], [-0.04537885095753539, 0.07568438003220612], [-0.0903413821815154, 0.07648953301127215], [-0.14779350541215652, 0.08132045088566828], [-0.1723563696919234, 0.14251207729468598], [-0.1740216486261449, 0.15942028985507245]], "L-Sho": [[0.00041631973355537054, -0.0571658615136876], [0.00041631973355537054, -0.021739130434782608], [0.004995836802664446, -0.018518518518518517], [0.0, -0.011272141706924315], [-0.0008326394671107411, -0.010466988727858293], [-0.02497918401332223, 0.017713365539452495], [-0.06744379683597003, 0.0322061191626409], [-0.09908409658617819, 0.0322061191626409], [-0.13072439633638636, 0.05958132045088567], [-0.17069109075770192, 0.107085346215781]], "L-Elb": [[0.010824313072439634, -0.0322061191626409], [0.011240632805995004, -0.010466988727858293], [0.022064945878434637, 0.010466988727858293], [0.00041631973355537054, 0.03140096618357488], [0.0, 0.033011272141706925], [-0.011656952539550375, 0.0322061191626409], [-0.04537885095753539, 0.07568438003220612], [-0.08284762697751874, 0.05233494363929147], [-0.11407160699417153, 0.07326892109500806], [-0.1582014987510408, 0.12399355877616747]], "L-Wr": [[0.011240632805995004, 0.010466988727858293], [0.022064945878434637, 0.010466988727858293], [0.02164862614487927, 0.05394524959742351], [0.010824313072439634, 0.05475040257648953], [0.010824313072439634, 0.0748792270531401], [-0.011656952539550375, 0.0748792270531401], [-0.06244796003330558, 0.0893719806763285], [-0.07993338884263114, 0.071658615136876], [-0.09200666111573688, 0.09098228663446055], [-0.13946711074104912, 0.12399355877616747]], "R-Hip": [[-0.02289758534554538, 0.010466988727858293], [-0.0253955037468776, 0.0322061191626409], [-0.02289758534554538, 0.05394524959742351], [-0.02289758534554538, 0.05394524959742351], [-0.033721898417985015, 0.0748792270531401], [-0.044962531223980015, 0.07568438003220612], [-0.07035803497085762, 0.09339774557165861], [-0.09492089925062448, 0.09742351046698873], [-0.11990008326394672, 0.11996779388083736], [-0.1594504579517069, 0.1497584541062802]], "R-Knee": [[-0.033721898417985015, 0.07568438003220612], [-0.044962531223980015, 0.07648953301127215], [-0.04454621149042465, 0.07648953301127215], [-0.03413821815154038, 0.0966183574879227], [-0.04121565362198168, 0.09420289855072464], [-0.042464612822647796, 0.10225442834138486], [-0.040383014154870944, 0.12640901771336555], [-0.05661948376353039, 0.13285024154589373], [-0.08534554537885096, 0.14251207729468598], [-0.1311407160699417, 0.1570048309178744]], "R-Ank": [[-0.044962531223980015, 0.14090177133655393], [-0.057035803497085764, 0.14090177133655393], [-0.05620316402997502, 0.14090177133655393], [-0.033721898417985015, 0.14090177133655393], [-0.010824313072439634, 0.14090177133655393], [-0.012905911740216486, 0.15136876006441224], [-0.009575353871773521, 0.15539452495974235], [-0.01665278934221482, 0.15136876006441224], [-0.03330557868442964, 0.15539452495974235], [-0.09616985845129059, 0.1570048309178744]], "L-Hip": [[-0.011240632805995004, 0.011272141706924315], [-0.00749375520399667, 0.037037037037037035], [-0.004995836802664446, 0.05314009661835749], [-0.010824313072439634, 0.05394524959742351], [-0.011240632805995004, 0.05475040257648953], [-0.02331390507910075, 0.0748792270531401], [-0.05620316402997502, 0.07809983896940419], [-0.08368026644462948, 0.07971014492753623], [-0.10782681099084096, 0.0966183574879227], [-0.15029142381348876, 0.13365539452495975]], "L-Knee": [[0.0, 0.07568438003220612], [0.010824313072439634, 0.07568438003220612], [0.010824313072439634, 0.09742351046698873], [0.010824313072439634, 0.0966183574879227], [0.011240632805995004, 0.10386473429951691], [-0.005828476269775187, 0.10305958132045089], [-0.02373022481265612, 0.10225442834138486], [-0.049125728559533725, 0.08695652173913043], [-0.07868442964196502, 0.09500805152979067], [-0.1286427976686095, 0.11674718196457327]], "L-Ank": [[0.010824313072439634, 0.14090177133655393], [0.022064945878434637, 0.11916264090177134], [0.03288925895087427, 0.14170692431561996], [0.022481265611990008, 0.14090177133655393], [0.011240632805995004, 0.14170692431561996], [0.02497918401332223, 0.15619967793880837], [0.017901748542880933, 0.14492753623188406], [0.0029142381348875937, 0.11594202898550725], [-0.03330557868442964, 0.08373590982286634], [-0.0974188176519567, 0.10628019323671498]]}