{"Head": [[-0.01582014987510408, -0.09742351046698873], [-0.011656952539550375, -0.09822866344605476], [-0.014154870940882597, -0.09581320450885668], [-0.022064945878434637, -0.07648953301127215], [-0.027893422148209824, -0.010466988727858293], [-0.08867610324729393, -0.008856682769726247], [-0.13738551207327226, 0.001610305958132045], [-0.1765195670274771, 0.027375201288244767], [-0.22939217318900915, 0.10305958132045089], [0.0, 0.0]], "R-Sho": [[-0.02289758534554538, -0.07648953301127215], [-0.02289758534554538, -0.07568438003220612], [-0.02289758534554538, -0.07568438003220612], [-0.02997502081598668, -0.06280193236714976], [-0.040383014154870944, 0.011272141706924315], [-0.09242298084929226, 0.026570048309178744], [-0.14612822647793505, 0.0322061191626409], [-0.18026644462947544, 0.07568438003220612], [-0.23272273105745211, 0.13446054750402575], [0.0, 0.0]], "R-Elb": [[-0.044962531223980015, -0.09742351046698873], [-0.03413821815154038, -0.09742351046698873], [-0.04121565362198168, -0.09581320450885668], [-0.042464612822647796, -0.06763285024154589], [-0.044962531223980015, 0.05394524959742351], [-0.09991673605328892, 0.04589371980676329], [-0.15986677768526228, 0.04750402576489533], [-0.20108243130724396, 0.11352657004830918], [-0.22689425478767694, 0.16344605475040258], [0.0, 0.0]], "R-Wr": [[-0.05620316402997502, -0.14170692431561996], [-0.05620316402997502, -0.14090177133655393], [-0.05745212323064113, -0.1360708534621578], [-0.06119900083263947, -0.0748792270531401], [-0.04454621149042465, 0.07568438003220612], [-0.11490424646128226, 0.04669887278582931], [-0.1777685262281432, 0.06521739130434782], [-0.21149042464612822, 0.14653784219001612], [-0.2206494587843464, 0.1747181964573269], [0.0, 0.0]], "L-Sho": [[-0.002497918401332223, -0.0748792270531401], [-0.0033305578684429643, -0.07407407407407407], [0.00041631973355537054, -0.07809983896940419], [0.0, -0.05636070853462158], [0.0, 0.010466988727858293], [-0.06952539550374688, 0.020933977455716585], [-0.12239800166527894, 0.021739130434782608], [-0.16444629475437136, 0.0499194847020934], [-0.21398834304746045, 0.10869565217391304], [0.0, 0.0]], "L-Elb": [[0.010824313072439634, -0.09903381642512077], [0.010824313072439634, -0.09822866344605476], [0.011240632805995004, -0.09822866344605476], [0.024562864279766863, -0.071658615136876], [0.010824313072439634, 0.05314009661835749], [-0.059117402164862616, 0.04750402576489533], [-0.09866777685262282, 0.0249597423510467], [-0.14654454621149043, 0.07648953301127215], [-0.19150707743547044, 0.1288244766505636], [0.0, 0.0]], "L-Wr": [[0.03164029975020816, -0.15458937198067632], [0.028309741881765195, -0.14009661835748793], [0.022481265611990008, -0.14090177133655393], [0.043713572023313906, -0.08856682769726248], [0.012489592006661115, 0.0748792270531401], [-0.07701915070774355, 0.050724637681159424], [-0.09075770191507078, 0.03462157809983897], [-0.13613655287260615, 0.09259259259259259], [-0.2035803497085762, 0.15217391304347827], [0.0, 0.0]], "R-Hip": [[-0.02289758534554538, 0.010466988727858293], [-0.019983347210657785, 0.020933977455716585], [-0.021232306411323898, 0.010466988727858293], [-0.02497918401332223, 0.023349436392914653], [-0.03413821815154038, 0.07568438003220612], [-0.06286427976686094, 0.08373590982286634], [-0.1103247293921732, 0.08776167471819646], [-0.15154038301415487, 0.11835748792270531], [-0.19983347210657784, 0.17310789049919484], [0.0, 0.0]], "R-Knee": [[-0.02289758534554538, 0.07568438003220612], [-0.026644462947543714, 0.10386473429951691], [-0.02289758534554538, 0.07648953301127215], [-0.033721898417985015, 0.07648953301127215], [-0.04329725228975854, 0.09903381642512077], [-0.057035803497085764, 0.11594202898550725], [-0.07743547044129892, 0.12318840579710146], [-0.12489592006661115, 0.1360708534621578], [-0.16736053288925895, 0.18035426731078905], [0.0, 0.0]], "R-Ank": [[-0.02289758534554538, 0.14170692431561996], [-0.03122398001665279, 0.16183574879227053], [-0.029558701082431308, 0.16022544283413848], [-0.033721898417985015, 0.14090177133655393], [-0.022481265611990008, 0.14492753623188406], [-0.01498751040799334, 0.1642512077294686], [-0.02997502081598668, 0.16344605475040258], [-0.06994171523730225, 0.1497584541062802], [-0.12822647793505412, 0.1706924315619968], [0.0, 0.0]], "L-Hip": [[-0.010824313072439634, 0.010466988727858293], [-0.004579517069109076, 0.021739130434782608], [-0.0008326394671107411, 0.010466988727858293], [-0.011240632805995004, 0.03140096618357488], [-0.01665278934221482, 0.07085346215780998], [-0.04787676935886761, 0.07004830917874397], [-0.09616985845129059, 0.06682769726247988], [-0.14321398834304747, 0.08776167471819646], [-0.19317235636969193, 0.14492753623188406], [0.0, 0.0]], "L-Knee": [[-0.00041631973355537054, 0.07568438003220612], [0.0020815986677768525, 0.09742351046698873], [-0.00041631973355537054, 0.07568438003220612], [-0.00041631973355537054, 0.07568438003220612], [0.00791007493755204, 0.12238325281803543], [-0.02373022481265612, 0.10305958132045089], [-0.061615320566194835, 0.07809983896940419], [-0.1186511240632806, 0.0644122383252818], [-0.175270607826811, 0.10144927536231885], [0.0, 0.0]], "L-Ank": [[0.0, 0.14090177133655393], [0.00791007493755204, 0.1642512077294686], [0.0062447960033305576, 0.15619967793880837], [0.0, 0.14090177133655393], [0.018734388009991675, 0.16264090177133655], [0.005412156536219817, 0.13285024154589373], [-0.026228143213988343, 0.0861513687600644], [-0.08659450457951708, 0.02254428341384863], [-0.1469608659450458, 0.033011272141706925], [0.0, 0.0]]}