{"Head": [[-0.029142381348875937, -0.08051529790660225], [-0.027893422148209824, -0.06924315619967794], [-0.022481265611990008, -0.05475040257648953], [-0.022481265611990008, -0.05475040257648953], [-0.02289758534554538, -0.011272141706924315], [-0.06286427976686094, 0.01610305958132045], [-0.1298917568692756, 0.036231884057971016], [-0.17693588676103247, 0.07729468599033816], [-0.23938384679433805, 0.13687600644122383], [-0.27768526228143214, 0.16183574879227053]], "R-Sho": [[-0.041631973355537054, -0.057971014492753624], [-0.041631973355537054, -0.04911433172302738], [-0.033721898417985015, -0.033011272141706925], [-0.033721898417985015, -0.0322061191626409], [-0.04537885095753539, 0.012077294685990338], [-0.07327227310574522, 0.04186795491143317], [-0.14154870940882597, 0.06521739130434782], [-0.19109075770191508, 0.11916264090177134], [-0.23397169025811823, 0.16747181964573268], [-0.27185678601165697, 0.18035426731078905]], "R-Elb": [[-0.05745212323064113, -0.08856682769726248], [-0.05745212323064113, -0.0821256038647343], [-0.04537885095753539, -0.033011272141706925], [-0.05620316402997502, -0.010466988727858293], [-0.05120732722731058, 0.04911433172302738], [-0.07577019150707744, 0.06843800322061191], [-0.152789342214821, 0.08776167471819646], [-0.20233139050791007, 0.16264090177133655], [-0.2331390507910075, 0.19082125603864733], [-0.2626977518734388, 0.19887278582930756]], "R-Wr": [[-0.0749375520399667, -0.13768115942028986], [-0.07077435470441298, -0.1288244766505636], [-0.0749375520399667, -0.0426731078904992], [-0.06827643630308076, 0.010466988727858293], [-0.05661948376353039, 0.07890499194847021], [-0.08409658617818484, 0.09420289855072464], [-0.16777685262281433, 0.08373590982286634], [-0.20274771024146546, 0.18438003220611915], [-0.22273105745212324, 0.1972624798711755], [-0.246044962531224, 0.1964573268921095]], "L-Sho": [[-0.012489592006661115, -0.057971014492753624], [-0.012073272273105746, -0.05394524959742351], [-0.0008326394671107411, -0.04106280193236715], [-0.0062447960033305576, -0.02818035426731079], [-0.011656952539550375, 0.010466988727858293], [-0.04787676935886761, 0.03542673107890499], [-0.11698584512905912, 0.04508856682769726], [-0.15778517901748543, 0.09742351046698873], [-0.2273105745212323, 0.1288244766505636], [-0.2681099084096586, 0.14814814814814814]], "L-Elb": [[0.0020815986677768525, -0.09098228663446055], [-0.00041631973355537054, -0.07729468599033816], [0.011240632805995004, -0.05475040257648953], [0.01582014987510408, -0.016908212560386472], [0.0029142381348875937, 0.04750402576489533], [-0.04204829308909242, 0.07246376811594203], [-0.09866777685262282, 0.04508856682769726], [-0.13863447127393838, 0.09420289855072464], [-0.21149042464612822, 0.14412238325281804], [-0.25770191507077433, 0.1747181964573269]], "L-Wr": [[0.01706910907577019, -0.13285024154589373], [0.011240632805995004, -0.11916264090177134], [0.03871773522064946, -0.06682769726247988], [0.033721898417985015, -0.008856682769726247], [0.01582014987510408, 0.07809983896940419], [-0.049125728559533725, 0.10225442834138486], [-0.07452123230641132, 0.04508856682769726], [-0.11990008326394672, 0.10225442834138486], [-0.2231473771856786, 0.18035426731078905], [-0.2793505412156536, 0.2069243156199678]], "R-Hip": [[-0.038301415487094086, 0.03542673107890499], [-0.03788509575353872, 0.03784219001610306], [-0.02373022481265612, 0.050724637681159424], [-0.026228143213988343, 0.061191626409017714], [-0.033721898417985015, 0.07648953301127215], [-0.05453788509575354, 0.11030595813204509], [-0.10491257285595337, 0.12399355877616747], [-0.1523730224812656, 0.16586151368760063], [-0.1990008326394671, 0.18438003220611915], [-0.2285595337218984, 0.18518518518518517]], "R-Knee": [[-0.03455453788509576, 0.09742351046698873], [-0.04121565362198168, 0.1280193236714976], [-0.03413821815154038, 0.09822866344605476], [-0.03538717735220649, 0.1288244766505636], [-0.040383014154870944, 0.11755233494363929], [-0.04412989175686927, 0.13687600644122383], [-0.06286427976686094, 0.16666666666666666], [-0.11532056619483763, 0.18679549114331723], [-0.17610324729392174, 0.18276972624798712], [-0.2218984179850125, 0.19806763285024154]], "R-Ank": [[-0.044962531223980015, 0.16264090177133655], [-0.043713572023313906, 0.1819645732689211], [-0.044962531223980015, 0.18357487922705315], [-0.03413821815154038, 0.16344605475040258], [-0.022481265611990008, 0.16264090177133655], [-0.013738551207327226, 0.1892109500805153], [-0.02497918401332223, 0.18840579710144928], [-0.08992506244796003, 0.1964573268921095], [-0.13447127393838468, 0.1956521739130435], [-0.18276436303080765, 0.20128824476650564]], "L-Hip": [[-0.022481265611990008, 0.0322061191626409], [-0.019567027477102414, 0.03542673107890499], [-0.0062447960033305576, 0.05394524959742351], [-0.011240632805995004, 0.05394524959742351], [-0.017901748542880933, 0.07890499194847021], [-0.035803497085761866, 0.09822866344605476], [-0.09159034138218151, 0.0998389694041868], [-0.14862614487926729, 0.13365539452495975], [-0.19442131557035802, 0.15458937198067632], [-0.2273105745212323, 0.16022544283413848]], "L-Knee": [[-0.022481265611990008, 0.09742351046698873], [-0.010407993338884263, 0.11755233494363929], [0.010824313072439634, 0.09742351046698873], [0.010824313072439634, 0.12399355877616747], [0.0012489592006661116, 0.11594202898550725], [-0.015403830141548709, 0.1280193236714976], [-0.04746044962531224, 0.10789049919484701], [-0.12406328059950042, 0.10628019323671498], [-0.18026644462947544, 0.11916264090177134], [-0.20649458784346378, 0.13285024154589373]], "L-Ank": [[-0.011656952539550375, 0.16264090177133655], [-0.007077435470441299, 0.18115942028985507], [0.011240632805995004, 0.16344605475040258], [0.011656952539550375, 0.16344605475040258], [0.011240632805995004, 0.16344605475040258], [0.019150707743547043, 0.17954911433172302], [-0.011240632805995004, 0.11916264090177134], [-0.09866777685262282, 0.11996779388083736], [-0.14737718567860117, 0.09581320450885668], [-0.17069109075770192, 0.11513687600644122]]}