{"Head": [[-0.00791007493755204, -0.09581320450885668], [-0.011240632805995004, -0.09903381642512077], [-0.00749375520399667, -0.10064412238325282], [-0.011240632805995004, -0.07648953301127215], [0.010824313072439634, -0.011272141706924315], [0.05745212323064113, 0.004025764895330112], [0.10699417152373022, 0.029790660225442835], [0.1652789342214821, 0.05233494363929147], [0.208992506244796, 0.11272141706924316], [0.2472939217318901, 0.15136876006441224]], "R-Sho": [[-0.017485428809325562, -0.07326892109500806], [-0.022481265611990008, -0.07648953301127215], [-0.022481265611990008, -0.07568438003220612], [-0.020815986677768527, -0.05152979066022544], [-0.006661115736885929, 0.007246376811594203], [0.03996669442131557, 0.018518518518518517], [0.08534554537885096, 0.03462157809983897], [0.14321398834304747, 0.05233494363929147], [0.19567027477102414, 0.10950080515297907], [0.22772689425478768, 0.1280193236714976]], "R-Elb": [[-0.03413821815154038, -0.09822866344605476], [-0.04121565362198168, -0.10950080515297907], [-0.044962531223980015, -0.09500805152979067], [-0.03746877601998335, -0.05555555555555555], [-0.02289758534554538, 0.030595813204508857], [0.0324729392173189, 0.037037037037037035], [0.08534554537885096, 0.01610305958132045], [0.15195670274771025, 0.033011272141706925], [0.19150707743547044, 0.061996779388083734], [0.2189841798501249, 0.0861513687600644]], "R-Wr": [[-0.054954204829308906, -0.15056360708534622], [-0.0578684429641965, -0.13848631239935588], [-0.06286427976686094, -0.11835748792270531], [-0.05870108243130724, -0.061191626409017714], [-0.03455453788509576, 0.05394524959742351], [0.022481265611990008, 0.05475040257648953], [0.11407160699417153, -0.0008051529790660225], [0.18026644462947544, 0.020933977455716585], [0.21523730224812657, 0.07246376811594203], [0.24229808492922564, 0.0821256038647343]], "L-Sho": [[0.0, -0.07648953301127215], [0.010407993338884263, -0.07729468599033816], [0.010824313072439634, -0.07648953301127215], [0.00791007493755204, -0.05233494363929147], [0.02289758534554538, 0.01932367149758454], [0.061615320566194835, 0.033816425120772944], [0.10532889258950874, 0.05475040257648953], [0.15736885928393005, 0.0821256038647343], [0.20815986677768525, 0.15619967793880837], [0.23605328892589508, 0.1642512077294686]], "L-Elb": [[0.02164862614487927, -0.09822866344605476], [0.022481265611990008, -0.09822866344605476], [0.02289758534554538, -0.09822866344605476], [0.027893422148209824, -0.04830917874396135], [0.022481265611990008, 0.05475040257648953], [0.0720233139050791, 0.07004830917874397], [0.1257285595337219, 0.0571658615136876], [0.1819317235636969, 0.07809983896940419], [0.21690258118234804, 0.1723027375201288], [0.25187343880099916, 0.17310789049919484]], "L-Wr": [[0.03330557868442964, -0.14090177133655393], [0.03413821815154038, -0.12077294685990338], [0.044962531223980015, -0.11996779388083736], [0.044962531223980015, -0.033816425120772944], [0.011656952539550375, 0.07568438003220612], [0.08534554537885096, 0.08132045088566828], [0.14487926727726894, 0.03542673107890499], [0.19816819317235637, 0.061996779388083734], [0.24104912572855952, 0.17149758454106281], [0.27019150707743544, 0.15539452495974235]], "R-Hip": [[-0.012073272273105746, 0.010466988727858293], [-0.019983347210657785, 0.00966183574879227], [-0.022481265611990008, 0.011272141706924315], [-0.011656952539550375, 0.011272141706924315], [-0.011240632805995004, 0.05394524959742351], [0.020815986677768527, 0.07568438003220612], [0.05203996669442131, 0.07890499194847021], [0.11323896752706078, 0.09017713365539452], [0.1652789342214821, 0.13768115942028986], [0.19525395503746878, 0.1392914653784219]], "R-Knee": [[-0.022481265611990008, 0.07568438003220612], [-0.029142381348875937, 0.08373590982286634], [-0.02289758534554538, 0.07568438003220612], [-0.03330557868442964, 0.07568438003220612], [-0.022481265611990008, 0.09742351046698873], [-0.00041631973355537054, 0.09822866344605476], [0.027893422148209824, 0.09742351046698873], [0.07535387177352207, 0.10064412238325282], [0.12031640299750208, 0.11916264090177134], [0.1498751040799334, 0.13123993558776167]], "R-Ank": [[-0.02289758534554538, 0.14090177133655393], [-0.033721898417985015, 0.14009661835748793], [-0.033721898417985015, 0.14090177133655393], [-0.03413821815154038, 0.11916264090177134], [-0.033721898417985015, 0.14009661835748793], [-0.03913405495420483, 0.13446054750402575], [-0.010824313072439634, 0.1143317230273752], [0.034970857618651124, 0.09742351046698873], [0.09075770191507078, 0.1360708534621578], [0.1286427976686095, 0.14895330112721417]], "L-Hip": [[0.0, 0.010466988727858293], [0.0, -0.010466988727858293], [0.0, 0.03140096618357488], [0.0029142381348875937, 0.024154589371980676], [0.00832639467110741, 0.06360708534621579], [0.03455453788509576, 0.0861513687600644], [0.060366361365528726, 0.10547504025764895], [0.11490424646128226, 0.11916264090177134], [0.1623646960865945, 0.16666666666666666], [0.1935886761032473, 0.1682769726247987]], "L-Knee": [[0.00041631973355537054, 0.07568438003220612], [0.010407993338884263, 0.05475040257648953], [0.0, 0.07648953301127215], [0.010824313072439634, 0.07568438003220612], [0.010407993338884263, 0.09742351046698873], [0.029558701082431308, 0.11030595813204509], [0.044962531223980015, 0.13123993558776167], [0.07701915070774355, 0.1320450885668277], [0.1273938384679434, 0.1537842190016103], [0.1569525395503747, 0.15056360708534622]], "L-Ank": [[0.010824313072439634, 0.14090177133655393], [0.010824313072439634, 0.14009661835748793], [0.010407993338884263, 0.14170692431561996], [0.0, 0.14090177133655393], [0.0, 0.14090177133655393], [-0.003746877601998335, 0.16586151368760063], [-0.0012489592006661116, 0.15780998389694043], [0.027477102414654453, 0.1320450885668277], [0.07327227310574522, 0.10869565217391304], [0.10782681099084096, 0.15539452495974235]]}