{"Head": [[-0.01706910907577019, -0.11916264090177134], [-0.022481265611990008, -0.09903381642512077], [-0.02289758534554538, -0.09822866344605476], [-0.011656952539550375, -0.05475040257648953], [-0.011240632805995004, -0.0322061191626409], [0.0033305578684429643, -0.023349436392914653], [0.0749375520399667, 0.014492753623188406], [0.12198168193172357, 0.03864734299516908], [0.17069109075770192, 0.07568438003220612], [0.20024979184013322, 0.11674718196457327]], "R-Sho": [[-0.033721898417985015, -0.07648953301127215], [-0.033721898417985015, -0.07568438003220612], [-0.033721898417985015, -0.05555555555555555], [-0.02289758534554538, -0.033011272141706925], [-0.022481265611990008, 0.010466988727858293], [-0.00791007493755204, 0.00644122383252818], [0.058284762697751874, 0.023349436392914653], [0.10241465445462115, 0.039452495974235106], [0.1498751040799334, 0.07729468599033816], [0.1819317235636969, 0.11996779388083736]], "R-Elb": [[-0.03455453788509576, -0.033011272141706925], [-0.04454621149042465, -0.0322061191626409], [-0.03413821815154038, -0.011272141706924315], [-0.03413821815154038, 0.010466988727858293], [-0.03413821815154038, 0.05394524959742351], [-0.022481265611990008, 0.03462157809983897], [0.051623646960865945, 0.04911433172302738], [0.07743547044129892, 0.043478260869565216], [0.12905911740216486, 0.08776167471819646], [0.17860116569525394, 0.1537842190016103]], "R-Wr": [[-0.044962531223980015, 0.010466988727858293], [-0.044962531223980015, 0.011272141706924315], [-0.044962531223980015, 0.03140096618357488], [-0.044962531223980015, 0.05475040257648953], [-0.04579517069109076, 0.09017713365539452], [-0.03413821815154038, 0.07568438003220612], [0.07243963363863447, 0.06602254428341385], [0.104496253122398, 0.0571658615136876], [0.15195670274771025, 0.10789049919484701], [0.19025811823480432, 0.18357487922705315]], "L-Sho": [[-0.00041631973355537054, -0.07648953301127215], [-0.00041631973355537054, -0.07648953301127215], [-0.00041631973355537054, -0.05555555555555555], [0.0, -0.033011272141706925], [0.010824313072439634, 0.010466988727858293], [0.017485428809325562, 0.008051529790660225], [0.07660283097418817, 0.0426731078904992], [0.1286427976686095, 0.06843800322061191], [0.16902581182348042, 0.1111111111111111], [0.19858451290591175, 0.1497584541062802]], "L-Elb": [[0.010407993338884263, -0.033011272141706925], [0.0, -0.0322061191626409], [0.0, -0.011272141706924315], [0.010824313072439634, 0.010466988727858293], [0.01665278934221482, 0.04669887278582931], [0.018734388009991675, 0.050724637681159424], [0.08201498751040799, 0.07890499194847021], [0.15986677768526228, 0.09259259259259259], [0.19109075770191508, 0.13446054750402575], [0.21065778517901748, 0.177938808373591]], "L-Wr": [[0.010407993338884263, 0.010466988727858293], [0.0, 0.011272141706924315], [0.0, 0.03140096618357488], [0.010824313072439634, 0.05394524959742351], [0.020399666944213156, 0.08051529790660225], [0.026228143213988343, 0.07326892109500806], [0.09408825978351373, 0.07971014492753623], [0.18567860116569526, 0.107085346215781], [0.22231473771856786, 0.143317230273752], [0.23938384679433805, 0.1819645732689211]], "R-Hip": [[-0.03330557868442964, 0.010466988727858293], [-0.02331390507910075, 0.010466988727858293], [-0.02331390507910075, 0.03140096618357488], [-0.02289758534554538, 0.05394524959742351], [-0.022064945878434637, 0.07568438003220612], [-0.01706910907577019, 0.07407407407407407], [0.029142381348875937, 0.0821256038647343], [0.06452955870108243, 0.08132045088566828], [0.11074104912572856, 0.10386473429951691], [0.14904246461282264, 0.14090177133655393]], "R-Knee": [[-0.03413821815154038, 0.07648953301127215], [-0.033721898417985015, 0.07648953301127215], [-0.033721898417985015, 0.0966183574879227], [-0.03413821815154038, 0.11916264090177134], [-0.038301415487094086, 0.11594202898550725], [-0.03746877601998335, 0.1143317230273752], [-0.00041631973355537054, 0.09742351046698873], [0.028726061615320566, 0.09259259259259259], [0.06536219816819318, 0.0893719806763285], [0.10532889258950874, 0.11594202898550725]], "R-Ank": [[-0.03413821815154038, 0.16183574879227053], [-0.03413821815154038, 0.16183574879227053], [-0.03413821815154038, 0.16183574879227053], [-0.04621149042464613, 0.14412238325281804], [-0.05537052456286428, 0.15619967793880837], [-0.05620316402997502, 0.15619967793880837], [-0.03788509575353872, 0.1610305958132045], [-0.012489592006661115, 0.12560386473429952], [0.02164862614487927, 0.07809983896940419], [0.06869275603663613, 0.07971014492753623]], "L-Hip": [[-0.011240632805995004, 0.010466988727858293], [-0.011240632805995004, 0.010466988727858293], [-0.011240632805995004, 0.0322061191626409], [-0.0008326394671107411, 0.05475040257648953], [-0.0029142381348875937, 0.07648953301127215], [-0.00041631973355537054, 0.07568438003220612], [0.03913405495420483, 0.10144927536231885], [0.06827643630308076, 0.1143317230273752], [0.11199000832639468, 0.13526570048309178], [0.14238134887593673, 0.16988727858293076]], "L-Knee": [[-0.00041631973355537054, 0.07648953301127215], [-0.00041631973355537054, 0.07568438003220612], [-0.00041631973355537054, 0.0966183574879227], [0.0029142381348875937, 0.10628019323671498], [0.011656952539550375, 0.10466988727858294], [0.01623646960865945, 0.09420289855072464], [0.029142381348875937, 0.13123993558776167], [0.035803497085761866, 0.13285024154589373], [0.0678601165695254, 0.143317230273752], [0.09616985845129059, 0.15861513687600645]], "L-Ank": [[0.0, 0.16183574879227053], [0.0, 0.16183574879227053], [-0.00041631973355537054, 0.16183574879227053], [-0.002497918401332223, 0.14653784219001612], [-0.01582014987510408, 0.1570048309178744], [-0.00791007493755204, 0.15780998389694043], [0.0033305578684429643, 0.16747181964573268], [-0.0020815986677768525, 0.16344605475040258], [0.019150707743547043, 0.143317230273752], [0.05328892589508743, 0.14251207729468598]]}