{"Head": [[-0.024562864279766863, -0.09017713365539452], [-0.022481265611990008, -0.07648953301127215], [-0.022481265611990008, -0.07648953301127215], [-0.022481265611990008, -0.07648953301127215], [-0.02289758534554538, -0.07648953301127215], [-0.022481265611990008, -0.07648953301127215], [-0.011240632805995004, -0.033011272141706925], [-0.05661948376353039, 0.021739130434782608], [-0.126977518734388, 0.05636070853462158], [-0.19442131557035802, 0.1288244766505636]], "R-Sho": [[-0.03413821815154038, -0.05475040257648953], [-0.03413821815154038, -0.05475040257648953], [-0.03413821815154038, -0.05475040257648953], [-0.03413821815154038, -0.05475040257648953], [-0.03413821815154038, -0.05475040257648953], [-0.03413821815154038, -0.033816425120772944], [-0.033721898417985015, -0.011272141706924315], [-0.07285595337218984, 0.04669887278582931], [-0.1353039134054954, 0.09420289855072464], [-0.19400499583680267, 0.17713365539452497]], "R-Elb": [[-0.044962531223980015, -0.011272141706924315], [-0.044962531223980015, -0.011272141706924315], [-0.044962531223980015, -0.011272141706924315], [-0.044962531223980015, -0.011272141706924315], [-0.044962531223980015, -0.011272141706924315], [-0.044962531223980015, 0.00966183574879227], [-0.044962531223980015, 0.0322061191626409], [-0.07160699417152373, 0.10305958132045089], [-0.14904246461282264, 0.12962962962962962], [-0.17485428809325562, 0.19887278582930756]], "R-Wr": [[-0.044962531223980015, 0.0322061191626409], [-0.044962531223980015, 0.0322061191626409], [-0.044962531223980015, 0.0322061191626409], [-0.044962531223980015, 0.0322061191626409], [-0.044962531223980015, 0.0322061191626409], [-0.04537885095753539, 0.05314009661835749], [-0.04537885095753539, 0.07568438003220612], [-0.06078268109908409, 0.1288244766505636], [-0.16069941715237301, 0.14895330112721417], [-0.1611157368859284, 0.20531400966183574]], "L-Sho": [[-0.009575353871773521, -0.05314009661835749], [-0.00832639467110741, -0.05555555555555555], [-0.011240632805995004, -0.05475040257648953], [-0.006661115736885929, -0.05636070853462158], [-0.0062447960033305576, -0.05314009661835749], [-0.011240632805995004, -0.033816425120772944], [0.0012489592006661116, 0.0], [-0.03788509575353872, 0.04186795491143317], [-0.11199000832639468, 0.07326892109500806], [-0.17277268942547877, 0.13446054750402575]], "L-Elb": [[-0.00041631973355537054, -0.011272141706924315], [-0.00041631973355537054, -0.011272141706924315], [-0.00041631973355537054, -0.011272141706924315], [-0.00041631973355537054, -0.011272141706924315], [-0.00041631973355537054, -0.011272141706924315], [-0.00041631973355537054, -0.010466988727858293], [0.010824313072439634, 0.05314009661835749], [-0.027477102414654453, 0.07568438003220612], [-0.09075770191507078, 0.09098228663446055], [-0.15778517901748543, 0.15942028985507245]], "L-Wr": [[-0.0008326394671107411, 0.0322061191626409], [-0.00041631973355537054, 0.0322061191626409], [-0.00041631973355537054, 0.0322061191626409], [-0.00041631973355537054, 0.0322061191626409], [-0.0008326394671107411, 0.0322061191626409], [-0.00041631973355537054, 0.0322061191626409], [0.011240632805995004, 0.0966183574879227], [-0.03663613655287261, 0.07729468599033816], [-0.07119067443796837, 0.10144927536231885], [-0.18276436303080765, 0.1706924315619968]], "R-Hip": [[-0.033721898417985015, 0.0322061191626409], [-0.033721898417985015, 0.0322061191626409], [-0.033721898417985015, 0.0322061191626409], [-0.033721898417985015, 0.0322061191626409], [-0.033721898417985015, 0.0322061191626409], [-0.033721898417985015, 0.033011272141706925], [-0.03330557868442964, 0.0966183574879227], [-0.04954204829308909, 0.11272141706924316], [-0.10699417152373022, 0.16264090177133655], [-0.1469608659450458, 0.18035426731078905]], "R-Knee": [[-0.04454621149042465, 0.09742351046698873], [-0.04454621149042465, 0.09742351046698873], [-0.04454621149042465, 0.09742351046698873], [-0.04454621149042465, 0.09742351046698873], [-0.04454621149042465, 0.09742351046698873], [-0.03455453788509576, 0.09822866344605476], [-0.0395503746877602, 0.12721417069243157], [-0.04746044962531224, 0.14895330112721417], [-0.07993338884263114, 0.1819645732689211], [-0.13238967527060783, 0.20611916264090177]], "R-Ank": [[-0.04537885095753539, 0.16344605475040258], [-0.04537885095753539, 0.16344605475040258], [-0.04537885095753539, 0.16344605475040258], [-0.04537885095753539, 0.16344605475040258], [-0.04537885095753539, 0.16344605475040258], [-0.04537885095753539, 0.16264090177133655], [-0.033721898417985015, 0.15619967793880837], [-0.015403830141548709, 0.1892109500805153], [-0.041631973355537054, 0.19162640901771336], [-0.10116569525395504, 0.20853462157809985]], "L-Hip": [[-0.011656952539550375, 0.0322061191626409], [-0.011656952539550375, 0.0322061191626409], [-0.011656952539550375, 0.0322061191626409], [-0.011656952539550375, 0.0322061191626409], [-0.011656952539550375, 0.0322061191626409], [-0.011240632805995004, 0.033011272141706925], [-0.00832639467110741, 0.07809983896940419], [-0.03413821815154038, 0.10869565217391304], [-0.09242298084929226, 0.1288244766505636], [-0.14154870940882597, 0.16022544283413848]], "L-Knee": [[-0.011240632805995004, 0.09742351046698873], [-0.011240632805995004, 0.09742351046698873], [-0.011240632805995004, 0.09742351046698873], [-0.011240632805995004, 0.09742351046698873], [-0.011240632805995004, 0.09742351046698873], [-0.011240632805995004, 0.09822866344605476], [0.010407993338884263, 0.12318840579710146], [0.0012489592006661116, 0.14412238325281804], [-0.05620316402997502, 0.15136876006441224], [-0.11074104912572856, 0.16022544283413848]], "L-Ank": [[-0.011240632805995004, 0.16344605475040258], [-0.011240632805995004, 0.16344605475040258], [-0.011240632805995004, 0.16344605475040258], [-0.011240632805995004, 0.16344605475040258], [-0.011240632805995004, 0.16344605475040258], [-0.011240632805995004, 0.16344605475040258], [0.027060782681099085, 0.17391304347826086], [0.027477102414654453, 0.17391304347826086], [-0.009991673605328892, 0.1682769726247987], [-0.0636969192339717, 0.17391304347826086]]}