{"Head": [[-0.02414654454621149, -0.10466988727858294], [-0.02289758534554538, -0.09822866344605476], [-0.022481265611990008, -0.09822866344605476], [-0.022481265611990008, -0.09742351046698873], [-0.022481265611990008, -0.09742351046698873], [-0.033721898417985015, -0.07568438003220612], [-0.04829308909242298, -0.050724637681159424], [-0.08742714404662781, -0.0322061191626409], [-0.1315570358034971, -0.02818035426731079], [-0.14862614487926729, -0.0024154589371980675]], "R-Sho": [[-0.04454621149042465, -0.07648953301127215], [-0.03413821815154038, -0.07648953301127215], [-0.03413821815154038, -0.07568438003220612], [-0.03413821815154038, -0.05555555555555555], [-0.03455453788509576, -0.05555555555555555], [-0.03455453788509576, -0.033011272141706925], [-0.05870108243130724, -0.018518518518518517], [-0.0974188176519567, 0.001610305958132045], [-0.12073272273105745, 0.01288244766505636], [-0.13780183180682765, 0.03140096618357488]], "R-Elb": [[-0.044962531223980015, -0.033011272141706925], [-0.044962531223980015, -0.033011272141706925], [-0.044962531223980015, -0.033011272141706925], [-0.044962531223980015, -0.0322061191626409], [-0.04537885095753539, -0.033011272141706925], [-0.044962531223980015, 0.010466988727858293], [-0.061615320566194835, 0.012077294685990338], [-0.11115736885928393, 0.033816425120772944], [-0.1103247293921732, 0.06682769726247988], [-0.12905911740216486, 0.061191626409017714]], "R-Wr": [[-0.04537885095753539, 0.010466988727858293], [-0.044962531223980015, 0.010466988727858293], [-0.04537885095753539, 0.010466988727858293], [-0.04537885095753539, 0.011272141706924315], [-0.044962531223980015, 0.00966183574879227], [-0.03996669442131557, 0.05877616747181964], [-0.049125728559533725, 0.021739130434782608], [-0.1357202331390508, 0.037037037037037035], [-0.12947543713572024, 0.09420289855072464], [-0.13821815154038303, 0.0966183574879227]], "L-Sho": [[-0.011656952539550375, -0.07648953301127215], [-0.011240632805995004, -0.07648953301127215], [-0.011240632805995004, -0.07648953301127215], [-0.011240632805995004, -0.07568438003220612], [-0.011240632805995004, -0.07568438003220612], [-0.011656952539550375, -0.033011272141706925], [-0.02997502081598668, -0.027375201288244767], [-0.0649458784346378, -0.027375201288244767], [-0.1003330557868443, -0.02576489533011272], [-0.13197335553705244, -0.007246376811594203]], "L-Elb": [[-0.0008326394671107411, -0.033011272141706925], [-0.0008326394671107411, -0.033011272141706925], [-0.0008326394671107411, -0.033011272141706925], [-0.00041631973355537054, -0.033011272141706925], [-0.00041631973355537054, -0.0322061191626409], [-0.011240632805995004, 0.010466988727858293], [-0.027893422148209824, 0.00644122383252818], [-0.03413821815154038, -0.010466988727858293], [-0.0749375520399667, -0.00644122383252818], [-0.10616153205661949, 0.017713365539452495]], "L-Wr": [[-0.00041631973355537054, 0.00966183574879227], [-0.00041631973355537054, -0.010466988727858293], [-0.0008326394671107411, 0.010466988727858293], [-0.00041631973355537054, 0.010466988727858293], [-0.00041631973355537054, 0.010466988727858293], [-0.01582014987510408, 0.04830917874396135], [-0.04412989175686927, 0.020933977455716585], [-0.012073272273105746, -0.033816425120772944], [-0.08451290591174021, 0.014492753623188406], [-0.1311407160699417, 0.036231884057971016]], "R-Hip": [[-0.03413821815154038, 0.010466988727858293], [-0.03413821815154038, 0.010466988727858293], [-0.03413821815154038, 0.010466988727858293], [-0.03413821815154038, 0.010466988727858293], [-0.03413821815154038, 0.011272141706924315], [-0.03413821815154038, 0.033011272141706925], [-0.05328892589508743, 0.05314009661835749], [-0.06994171523730225, 0.0499194847020934], [-0.09075770191507078, 0.05314009661835749], [-0.11407160699417153, 0.06602254428341385]], "R-Knee": [[-0.044962531223980015, 0.07568438003220612], [-0.044962531223980015, 0.0748792270531401], [-0.044962531223980015, 0.07568438003220612], [-0.044962531223980015, 0.07568438003220612], [-0.044962531223980015, 0.07568438003220612], [-0.05661948376353039, 0.07568438003220612], [-0.08076602830974189, 0.0748792270531401], [-0.1015820149875104, 0.07648953301127215], [-0.11199000832639468, 0.08695652173913043], [-0.13447127393838468, 0.11835748792270531]], "R-Ank": [[-0.04537885095753539, 0.14090177133655393], [-0.04537885095753539, 0.14090177133655393], [-0.04537885095753539, 0.14090177133655393], [-0.04537885095753539, 0.14009661835748793], [-0.04537885095753539, 0.14009661835748793], [-0.07868442964196502, 0.14009661835748793], [-0.08534554537885096, 0.15056360708534622], [-0.093255620316403, 0.16022544283413848], [-0.09533721898417985, 0.15619967793880837], [-0.0903413821815154, 0.16264090177133655]], "L-Hip": [[-0.012073272273105746, 0.010466988727858293], [-0.012073272273105746, 0.010466988727858293], [-0.011656952539550375, 0.010466988727858293], [-0.011656952539550375, 0.010466988727858293], [-0.01498751040799334, 0.01932367149758454], [-0.022481265611990008, 0.033011272141706925], [-0.035803497085761866, 0.05475040257648953], [-0.05203996669442131, 0.04669887278582931], [-0.0720233139050791, 0.04830917874396135], [-0.10074937552039967, 0.061191626409017714]], "L-Knee": [[-0.011240632805995004, 0.07568438003220612], [-0.011240632805995004, 0.05475040257648953], [-0.010824313072439634, 0.0748792270531401], [-0.0008326394671107411, 0.0748792270531401], [-0.010824313072439634, 0.07568438003220612], [0.0, 0.09742351046698873], [-0.009159034138218152, 0.10225442834138486], [-0.029142381348875937, 0.09742351046698873], [-0.051623646960865945, 0.08856682769726248], [-0.07993338884263114, 0.09259259259259259]], "L-Ank": [[-0.00041631973355537054, 0.14090177133655393], [-0.00041631973355537054, 0.14090177133655393], [-0.00041631973355537054, 0.14090177133655393], [-0.00041631973355537054, 0.14090177133655393], [-0.00041631973355537054, 0.14090177133655393], [0.022064945878434637, 0.14170692431561996], [0.01706910907577019, 0.1473429951690821], [0.006661115736885929, 0.1537842190016103], [-0.022481265611990008, 0.15861513687600645], [-0.04579517069109076, 0.15056360708534622]]}