{"Head": [[-0.022064945878434637, -0.0499194847020934], [-0.022481265611990008, -0.010466988727858293], [-0.00041631973355537054, 0.0322061191626409], [0.05578684429641965, 0.0322061191626409], [0.09950041631973355, 0.05555555555555555], [0.126977518734388, 0.07326892109500806], [0.16819317235636969, 0.12721417069243157], [0.20024979184013322, 0.1215780998389694], [0.2243963363863447, 0.13687600644122383], [0.23064113238967526, 0.14412238325281804]], "R-Sho": [[-0.03413821815154038, -0.012077294685990338], [-0.033721898417985015, 0.03140096618357488], [-0.012073272273105746, 0.05314009661835749], [0.03330557868442964, 0.05314009661835749], [0.07285595337218984, 0.07004830917874397], [0.10741049125728559, 0.08695652173913043], [0.1523730224812656, 0.13848631239935588], [0.17985012489592006, 0.12238325281803543], [0.20149875104079934, 0.12560386473429952], [0.21856786011656953, 0.12318840579710146]], "R-Elb": [[-0.044962531223980015, 0.011272141706924315], [-0.04829308909242298, 0.05394524959742351], [-0.02331390507910075, 0.07568438003220612], [0.022481265611990008, 0.07648953301127215], [0.06119900083263947, 0.07085346215780998], [0.09450457951706911, 0.11916264090177134], [0.14113238967527061, 0.1723027375201288], [0.16319733555370525, 0.15056360708534622], [0.19858451290591175, 0.1392914653784219], [0.22106577851790174, 0.1392914653784219]], "R-Wr": [[-0.044962531223980015, 0.05314009661835749], [-0.07035803497085762, 0.09017713365539452], [-0.044962531223980015, 0.11996779388083736], [0.015403830141548709, 0.09420289855072464], [0.07743547044129892, 0.05394524959742351], [0.10824313072439634, 0.12640901771336555], [0.16153205661948378, 0.20772946859903382], [0.1781848459616986, 0.17391304347826086], [0.2206494587843464, 0.16264090177133655], [0.24313072439633637, 0.15780998389694043]], "L-Sho": [[-0.011240632805995004, -0.012077294685990338], [-0.003746877601998335, 0.01932367149758454], [0.014154870940882597, 0.04750402576489533], [0.05578684429641965, 0.05394524959742351], [0.10491257285595337, 0.10305958132045089], [0.13322231473771856, 0.11191626409017713], [0.1781848459616986, 0.16022544283413848], [0.20149875104079934, 0.14653784219001612], [0.20982514571190675, 0.17391304347826086], [0.2218984179850125, 0.15458937198067632]], "L-Elb": [[-0.00041631973355537054, 0.010466988727858293], [0.0, 0.05394524959742351], [0.011656952539550375, 0.0966183574879227], [0.05578684429641965, 0.09742351046698873], [0.12031640299750208, 0.12238325281803543], [0.1482098251457119, 0.14412238325281804], [0.18692756036636138, 0.18760064412238325], [0.20233139050791007, 0.18679549114331723], [0.2077435470441299, 0.1996779388083736], [0.21315570358034971, 0.18115942028985507]], "L-Wr": [[-0.00041631973355537054, 0.05394524959742351], [0.011656952539550375, 0.09259259259259259], [0.022064945878434637, 0.11916264090177134], [0.05578684429641965, 0.11835748792270531], [0.1353039134054954, 0.1320450885668277], [0.17194004995836804, 0.1859903381642512], [0.20149875104079934, 0.20853462157809985], [0.20982514571190675, 0.21014492753623187], [0.231473771856786, 0.19484702093397746], [0.23105745212323064, 0.1972624798711755]], "R-Hip": [[-0.033721898417985015, 0.05394524959742351], [-0.027893422148209824, 0.08856682769726248], [-0.022481265611990008, 0.09822866344605476], [0.022481265611990008, 0.09822866344605476], [0.0507910074937552, 0.12077294685990338], [0.08368026644462948, 0.13848631239935588], [0.13738551207327226, 0.17310789049919484], [0.15861781848459616, 0.1747181964573269], [0.1835970024979184, 0.17552334943639292], [0.19816819317235637, 0.1706924315619968]], "R-Knee": [[-0.044962531223980015, 0.11916264090177134], [-0.03413821815154038, 0.11916264090177134], [-0.03996669442131557, 0.14653784219001612], [-0.01623646960865945, 0.14170692431561996], [0.02414654454621149, 0.14251207729468598], [0.05120732722731058, 0.1360708534621578], [0.10116569525395504, 0.15619967793880837], [0.14321398834304747, 0.14170692431561996], [0.175270607826811, 0.14090177133655393], [0.19233971690258117, 0.15217391304347827]], "R-Ank": [[-0.04537885095753539, 0.18357487922705315], [-0.058284762697751874, 0.1682769726247987], [-0.06411323896752706, 0.17391304347826086], [-0.05412156536219817, 0.18115942028985507], [-0.017485428809325562, 0.1642512077294686], [0.012905911740216486, 0.1529790660225443], [0.06577851790174855, 0.15942028985507245], [0.10616153205661949, 0.1529790660225443], [0.16278101582014987, 0.1932367149758454], [0.1777685262281432, 0.20772946859903382]], "L-Hip": [[-0.014154870940882597, 0.05314009661835749], [-0.00749375520399667, 0.0893719806763285], [-0.002497918401332223, 0.10547504025764895], [0.026644462947543714, 0.1143317230273752], [0.0636969192339717, 0.14170692431561996], [0.09658617818484597, 0.16988727858293076], [0.14071606994171523, 0.1996779388083736], [0.16569525395503748, 0.1932367149758454], [0.1906744379683597, 0.1956521739130435], [0.20649458784346378, 0.1892109500805153]], "L-Knee": [[-0.011240632805995004, 0.11916264090177134], [-0.00041631973355537054, 0.11916264090177134], [0.011240632805995004, 0.11996779388083736], [0.027893422148209824, 0.14492753623188406], [0.04787676935886761, 0.1747181964573269], [0.07868442964196502, 0.19162640901771336], [0.1311407160699417, 0.2069243156199678], [0.1794338051623647, 0.2109500805152979], [0.19691923397169026, 0.2109500805152979], [0.23522064945878435, 0.20772946859903382]], "L-Ank": [[-0.00041631973355537054, 0.18357487922705315], [-0.011656952539550375, 0.16264090177133655], [-0.011240632805995004, 0.18438003220611915], [-0.010824313072439634, 0.1964573268921095], [-0.0020815986677768525, 0.19404186795491143], [0.03205661948376353, 0.1996779388083736], [0.1103247293921732, 0.21336553945249598], [0.1582014987510408, 0.2109500805152979], [0.21024146544546213, 0.21578099838969403], [0.21273938384679433, 0.21578099838969403]]}