{"Head": [[-0.017901748542880933, -0.0821256038647343], [-0.022064945878434637, -0.07568438003220612], [-0.011656952539550375, -0.033011272141706925], [0.009575353871773521, -0.008051529790660225], [0.044962531223980015, 0.010466988727858293], [0.10532889258950874, 0.04428341384863124], [0.14071606994171523, 0.08373590982286634], [0.17693588676103247, 0.11674718196457327], [0.19192339716902582, 0.11594202898550725], [0.20108243130724396, 0.14251207729468598]], "R-Sho": [[-0.033721898417985015, -0.05475040257648953], [-0.033721898417985015, -0.033011272141706925], [-0.02289758534554538, -0.010466988727858293], [-0.0016652789342214821, 0.01288244766505636], [0.03288925895087427, 0.033011272141706925], [0.08742714404662781, 0.04669887278582931], [0.12614487926727727, 0.0998389694041868], [0.1569525395503747, 0.11835748792270531], [0.1765195670274771, 0.11352657004830918], [0.18900915903413823, 0.12238325281803543]], "R-Elb": [[-0.03455453788509576, -0.010466988727858293], [-0.03413821815154038, 0.010466988727858293], [-0.033721898417985015, 0.033011272141706925], [-0.01706910907577019, 0.08051529790660225], [0.018318068276436304, 0.06682769726247988], [0.06910907577019151, 0.04186795491143317], [0.10074937552039967, 0.10064412238325282], [0.14029975020815988, 0.12560386473429952], [0.15986677768526228, 0.1111111111111111], [0.18984179850124897, 0.10547504025764895]], "R-Wr": [[-0.04454621149042465, 0.033011272141706925], [-0.03413821815154038, 0.05314009661835749], [-0.03413821815154038, 0.07568438003220612], [-0.022481265611990008, 0.09822866344605476], [0.035803497085761866, 0.057971014492753624], [0.05537052456286428, 0.020933977455716585], [0.10283097418817652, 0.06360708534621579], [0.16486261448792672, 0.1320450885668277], [0.18692756036636138, 0.11835748792270531], [0.21648626144879268, 0.1288244766505636]], "L-Sho": [[-0.00041631973355537054, -0.0499194847020934], [-0.00041631973355537054, -0.033011272141706925], [0.0, -0.011272141706924315], [0.019150707743547043, 0.02254428341384863], [0.05578684429641965, 0.0322061191626409], [0.1144879267277269, 0.07648953301127215], [0.15445462114904246, 0.13365539452495975], [0.18151540383014156, 0.14895330112721417], [0.19317235636969193, 0.1457326892109501], [0.19816819317235637, 0.1682769726247987]], "L-Elb": [[0.010407993338884263, -0.010466988727858293], [0.00041631973355537054, 0.010466988727858293], [0.010824313072439634, 0.0322061191626409], [0.02164862614487927, 0.07085346215780998], [0.058284762697751874, 0.08695652173913043], [0.1286427976686095, 0.10950080515297907], [0.16736053288925895, 0.1723027375201288], [0.1877601998334721, 0.1859903381642512], [0.18900915903413823, 0.1972624798711755], [0.19691923397169026, 0.1996779388083736]], "L-Wr": [[0.010407993338884263, 0.0322061191626409], [0.006661115736885929, 0.06521739130434782], [-0.0029142381348875937, 0.08132045088566828], [0.0016652789342214821, 0.11755233494363929], [0.05453788509575354, 0.06360708534621579], [0.1482098251457119, 0.1280193236714976], [0.18109908409658618, 0.1996779388083736], [0.19400499583680267, 0.20048309178743962], [0.2006661115736886, 0.1932367149758454], [0.21398834304746045, 0.1932367149758454]], "R-Hip": [[-0.02331390507910075, 0.0322061191626409], [-0.02289758534554538, 0.05314009661835749], [-0.022481265611990008, 0.07648953301127215], [-0.007077435470441299, 0.09420289855072464], [0.019983347210657785, 0.0893719806763285], [0.06536219816819318, 0.1111111111111111], [0.10824313072439634, 0.14895330112721417], [0.13738551207327226, 0.1642512077294686], [0.1540383014154871, 0.1570048309178744], [0.16569525395503748, 0.1642512077294686]], "R-Knee": [[-0.03413821815154038, 0.09822866344605476], [-0.033721898417985015, 0.11835748792270531], [-0.0324729392173189, 0.11835748792270531], [-0.030807660283097418, 0.1360708534621578], [-0.01498751040799334, 0.143317230273752], [0.028309741881765195, 0.14251207729468598], [0.07285595337218984, 0.1497584541062802], [0.1144879267277269, 0.13123993558776167], [0.14238134887593673, 0.11513687600644122], [0.1582014987510408, 0.12962962962962962]], "R-Ank": [[-0.03413821815154038, 0.18357487922705315], [-0.03413821815154038, 0.16344605475040258], [-0.04995836802664446, 0.1747181964573269], [-0.04995836802664446, 0.18035426731078905], [-0.04454621149042465, 0.18518518518518517], [-0.010407993338884263, 0.17632850241545894], [0.0324729392173189, 0.1747181964573269], [0.08492922564529559, 0.18357487922705315], [0.12364696086594505, 0.177938808373591], [0.14487926727726894, 0.2037037037037037]], "L-Hip": [[-0.010824313072439634, 0.033011272141706925], [-0.0008326394671107411, 0.05314009661835749], [-0.004163197335553705, 0.07407407407407407], [0.00791007493755204, 0.09742351046698873], [0.03455453788509576, 0.10225442834138486], [0.07951706910907577, 0.13043478260869565], [0.11948376353039133, 0.1747181964573269], [0.1511240632805995, 0.18518518518518517], [0.1569525395503747, 0.17391304347826086], [0.16819317235636969, 0.1819645732689211]], "L-Knee": [[-0.00041631973355537054, 0.09822866344605476], [0.0, 0.09822866344605476], [0.01498751040799334, 0.1215780998389694], [0.03455453788509576, 0.12640901771336555], [0.04704412989175687, 0.1457326892109501], [0.08451290591174021, 0.17391304347826086], [0.12489592006661115, 0.20048309178743962], [0.1565362198168193, 0.1996779388083736], [0.17443796835970024, 0.19404186795491143], [0.18900915903413823, 0.20531400966183574]], "L-Ank": [[0.0, 0.18357487922705315], [0.0, 0.16344605475040258], [0.0012489592006661116, 0.16908212560386474], [0.00749375520399667, 0.1892109500805153], [0.013322231473771857, 0.2037037037037037], [0.04288093255620316, 0.19001610305958133], [0.08867610324729393, 0.1972624798711755], [0.12239800166527894, 0.1972624798711755], [0.14737718567860117, 0.19243156199677938], [0.16985845129059118, 0.2109500805152979]]}