{"Head": [[-0.018734388009991675, -0.10144927536231885], [-0.01498751040799334, -0.09017713365539452], [-0.012073272273105746, -0.05475040257648953], [0.002497918401332223, -0.017713365539452495], [0.02289758534554538, -0.004025764895330112], [0.04746044962531224, 0.0008051529790660225], [0.07785179017485429, 0.015297906602254429], [0.12031640299750208, 0.06360708534621579], [0.15154038301415487, 0.09742351046698873], [0.0, 0.0]], "R-Sho": [[-0.033721898417985015, -0.07648953301127215], [-0.033721898417985015, -0.05555555555555555], [-0.02289758534554538, -0.033011272141706925], [-0.011656952539550375, -0.011272141706924315], [0.004163197335553705, 0.012077294685990338], [0.03164029975020816, 0.017713365539452495], [0.06119900083263947, 0.03542673107890499], [0.10241465445462115, 0.07326892109500806], [0.13821815154038303, 0.10064412238325282], [0.0, 0.0]], "R-Elb": [[-0.044962531223980015, -0.05394524959742351], [-0.04870940882597835, -0.0426731078904992], [-0.0395503746877602, -0.0322061191626409], [-0.0324729392173189, 0.007246376811594203], [-0.011656952539550375, 0.02818035426731079], [0.00832639467110741, 0.02818035426731079], [0.044962531223980015, 0.04508856682769726], [0.08368026644462948, 0.071658615136876], [0.12406328059950042, 0.10547504025764895], [0.0, 0.0]], "R-Wr": [[-0.05620316402997502, -0.011272141706924315], [-0.05578684429641965, -0.017713365539452495], [-0.05245628642797669, -0.014492753623188406], [-0.04995836802664446, 0.0322061191626409], [0.0029142381348875937, 0.04186795491143317], [0.0033305578684429643, 0.04186795491143317], [0.02331390507910075, 0.043478260869565216], [0.06244796003330558, 0.06360708534621579], [0.10824313072439634, 0.11352657004830918], [0.0, 0.0]], "L-Sho": [[-0.011240632805995004, -0.07648953301127215], [-0.00041631973355537054, -0.05555555555555555], [-0.00041631973355537054, -0.033816425120772944], [0.010824313072439634, 0.00966183574879227], [0.030807660283097418, 0.021739130434782608], [0.05537052456286428, 0.028985507246376812], [0.08992506244796003, 0.05233494363929147], [0.126977518734388, 0.0966183574879227], [0.15320566194837634, 0.13043478260869565], [0.0, 0.0]], "L-Elb": [[0.010407993338884263, -0.033011272141706925], [0.02289758534554538, -0.0322061191626409], [0.010824313072439634, -0.012077294685990338], [0.011240632805995004, 0.0322061191626409], [0.03746877601998335, 0.04830917874396135], [0.06869275603663613, 0.061191626409017714], [0.10574521232306411, 0.08776167471819646], [0.13238967527060783, 0.1280193236714976], [0.14196502914238135, 0.1570048309178744], [0.0, 0.0]], "L-Wr": [[0.025811823480432972, -0.008051529790660225], [0.009159034138218152, -0.008856682769726247], [0.006661115736885929, -0.00322061191626409], [0.00832639467110741, 0.06280193236714976], [0.0253955037468776, 0.06602254428341385], [0.07535387177352207, 0.08454106280193237], [0.11948376353039133, 0.11916264090177134], [0.1311407160699417, 0.1610305958132045], [0.12364696086594505, 0.15780998389694043], [0.0, 0.0]], "R-Hip": [[-0.033721898417985015, 0.010466988727858293], [-0.029558701082431308, 0.017713365539452495], [-0.022481265611990008, 0.03140096618357488], [-0.022064945878434637, 0.05394524959742351], [-0.003746877601998335, 0.07568438003220612], [0.01623646960865945, 0.06763285024154589], [0.04579517069109076, 0.08856682769726248], [0.07660283097418817, 0.12399355877616747], [0.11407160699417153, 0.1247987117552335], [0.0, 0.0]], "R-Knee": [[-0.04579517069109076, 0.09178743961352658], [-0.044962531223980015, 0.07568438003220612], [-0.03413821815154038, 0.0748792270531401], [-0.033721898417985015, 0.09742351046698873], [-0.02497918401332223, 0.11352657004830918], [-0.00791007493755204, 0.10547504025764895], [0.004995836802664446, 0.11513687600644122], [0.04579517069109076, 0.12318840579710146], [0.09242298084929226, 0.12560386473429952], [0.0, 0.0]], "R-Ank": [[-0.053705245628642796, 0.14412238325281804], [-0.052872606161532054, 0.13446054750402575], [-0.0578684429641965, 0.13123993558776167], [-0.05995004163197336, 0.15780998389694043], [-0.05995004163197336, 0.14895330112721417], [-0.052872606161532054, 0.14009661835748793], [-0.03330557868442964, 0.1288244766505636], [0.012905911740216486, 0.14090177133655393], [0.052872606161532054, 0.1360708534621578], [0.0, 0.0]], "L-Hip": [[-0.011656952539550375, 0.010466988727858293], [-0.00791007493755204, 0.024154589371980676], [-0.0033305578684429643, 0.0322061191626409], [-0.005412156536219817, 0.061191626409017714], [0.011240632805995004, 0.0853462157809984], [0.027893422148209824, 0.08454106280193237], [0.054954204829308906, 0.10869565217391304], [0.08950874271440466, 0.1529790660225443], [0.1144879267277269, 0.14814814814814814], [0.0, 0.0]], "L-Knee": [[-0.004995836802664446, 0.09742351046698873], [-0.00041631973355537054, 0.0748792270531401], [0.0, 0.0748792270531401], [-0.011656952539550375, 0.11835748792270531], [0.006661115736885929, 0.12399355877616747], [0.010407993338884263, 0.1280193236714976], [0.02997502081598668, 0.14653784219001612], [0.04954204829308909, 0.1610305958132045], [0.09367194004995837, 0.14895330112721417], [0.0, 0.0]], "L-Ank": [[0.0, 0.143317230273752], [-0.00041631973355537054, 0.14009661835748793], [-0.009991673605328892, 0.13526570048309178], [-0.011656952539550375, 0.14090177133655393], [-0.015403830141548709, 0.15780998389694043], [-0.012073272273105746, 0.15861513687600645], [-0.0016652789342214821, 0.15942028985507245], [0.02289758534554538, 0.16666666666666666], [0.05412156536219817, 0.15780998389694043], [0.0, 0.0]]}