{"Head": [[-0.017485428809325562, -0.09742351046698873], [-0.011656952539550375, -0.09742351046698873], [-0.012073272273105746, -0.07729468599033816], [-0.012905911740216486, -0.06038647342995169], [-0.022481265611990008, -0.05475040257648953], [-0.022481265611990008, -0.033011272141706925], [-0.03413821815154038, -0.011272141706924315], [-0.0761865112406328, 0.020128824476650563], [-0.11656952539550375, 0.027375201288244767], [-0.1594504579517069, 0.07407407407407407]], "R-Sho": [[-0.027893422148209824, -0.061191626409017714], [-0.02289758534554538, -0.05475040257648953], [-0.02289758534554538, -0.05475040257648953], [-0.03330557868442964, -0.033816425120772944], [-0.03330557868442964, -0.033011272141706925], [-0.036219816819317234, -0.010466988727858293], [-0.04537885095753539, 0.011272141706924315], [-0.0791007493755204, 0.04589371980676329], [-0.115736885928393, 0.057971014492753624], [-0.16819317235636969, 0.0998389694041868]], "R-Elb": [[-0.03413821815154038, -0.0322061191626409], [-0.033721898417985015, -0.012077294685990338], [-0.033721898417985015, -0.011272141706924315], [-0.04288093255620316, 0.001610305958132045], [-0.044962531223980015, -0.011272141706924315], [-0.04621149042464613, 0.00322061191626409], [-0.05620316402997502, 0.05475040257648953], [-0.07660283097418817, 0.08132045088566828], [-0.1340549542048293, 0.07729468599033816], [-0.17568692756036636, 0.13687600644122383]], "R-Wr": [[-0.04454621149042465, 0.010466988727858293], [-0.044962531223980015, 0.011272141706924315], [-0.04621149042464613, 0.029790660225442835], [-0.05412156536219817, 0.03462157809983897], [-0.053705245628642796, 0.018518518518518517], [-0.053705245628642796, 0.03140096618357488], [-0.05620316402997502, 0.07648953301127215], [-0.07743547044129892, 0.1111111111111111], [-0.16028309741881766, 0.08293075684380032], [-0.18109908409658618, 0.17391304347826086]], "L-Sho": [[-0.0029142381348875937, -0.05877616747181964], [0.0, -0.05152979066022544], [0.0008326394671107411, -0.05152979066022544], [0.0012489592006661116, -0.03784219001610306], [-0.004579517069109076, -0.04106280193236715], [-0.00749375520399667, -0.011272141706924315], [-0.022064945878434637, 0.010466988727858293], [-0.05328892589508743, 0.0249597423510467], [-0.10491257285595337, 0.03462157809983897], [-0.1469608659450458, 0.08454106280193237]], "L-Elb": [[0.010824313072439634, -0.033011272141706925], [0.010824313072439634, -0.011272141706924315], [0.010824313072439634, -0.011272141706924315], [0.015403830141548709, 0.004025764895330112], [0.010824313072439634, -0.011272141706924315], [0.00832639467110741, 0.008051529790660225], [-0.011240632805995004, 0.05394524959742351], [-0.03746877601998335, 0.04911433172302738], [-0.07577019150707744, 0.027375201288244767], [-0.1315570358034971, 0.0861513687600644]], "L-Wr": [[0.010824313072439634, 0.010466988727858293], [0.013738551207327226, 0.037037037037037035], [0.01665278934221482, 0.04186795491143317], [0.025811823480432972, 0.040257648953301126], [0.017485428809325562, 0.020128824476650563], [0.012489592006661115, 0.02818035426731079], [-0.010407993338884263, 0.0861513687600644], [-0.061615320566194835, 0.04508856682769726], [-0.09908409658617819, 0.05877616747181964], [-0.11074104912572856, 0.07971014492753623]], "R-Hip": [[-0.02289758534554538, 0.03140096618357488], [-0.02289758534554538, 0.03140096618357488], [-0.02289758534554538, 0.03140096618357488], [-0.02289758534554538, 0.0322061191626409], [-0.02289758534554538, 0.0322061191626409], [-0.03205661948376353, 0.04428341384863124], [-0.037052456286427976, 0.0748792270531401], [-0.05453788509575354, 0.09098228663446055], [-0.08409658617818484, 0.09178743961352658], [-0.13738551207327226, 0.13526570048309178]], "R-Knee": [[-0.02331390507910075, 0.0966183574879227], [-0.033721898417985015, 0.0966183574879227], [-0.033721898417985015, 0.0966183574879227], [-0.03538717735220649, 0.09903381642512077], [-0.044962531223980015, 0.09742351046698873], [-0.04288093255620316, 0.08051529790660225], [-0.04746044962531224, 0.09903381642512077], [-0.04704412989175687, 0.13848631239935588], [-0.04787676935886761, 0.15056360708534622], [-0.09783513738551207, 0.10628019323671498]], "R-Ank": [[-0.03330557868442964, 0.14170692431561996], [-0.03413821815154038, 0.16183574879227053], [-0.03455453788509576, 0.16183574879227053], [-0.04537885095753539, 0.14090177133655393], [-0.04537885095753539, 0.16183574879227053], [-0.03788509575353872, 0.1473429951690821], [-0.025811823480432972, 0.1529790660225443], [-0.007077435470441299, 0.178743961352657], [-0.012489592006661115, 0.17149758454106281], [-0.0578684429641965, 0.0499194847020934]], "L-Hip": [[-0.010824313072439634, 0.03140096618357488], [-0.010824313072439634, 0.0322061191626409], [-0.011240632805995004, 0.0322061191626409], [-0.011240632805995004, 0.0322061191626409], [-0.007077435470441299, 0.03864734299516908], [-0.013322231473771857, 0.04106280193236715], [-0.018734388009991675, 0.0748792270531401], [-0.03538717735220649, 0.08454106280193237], [-0.06661115736885928, 0.0821256038647343], [-0.12239800166527894, 0.12962962962962962]], "L-Knee": [[-0.00041631973355537054, 0.07648953301127215], [0.0, 0.0966183574879227], [-0.00041631973355537054, 0.0966183574879227], [-0.00041631973355537054, 0.0966183574879227], [0.0, 0.0966183574879227], [0.010407993338884263, 0.0966183574879227], [0.0020815986677768525, 0.11272141706924316], [-0.009575353871773521, 0.12640901771336555], [-0.03330557868442964, 0.10869565217391304], [-0.09200666111573688, 0.1473429951690821]], "L-Ank": [[0.010824313072439634, 0.14170692431561996], [0.010824313072439634, 0.16183574879227053], [0.010824313072439634, 0.16264090177133655], [0.010824313072439634, 0.16183574879227053], [0.010824313072439634, 0.14170692431561996], [0.02164862614487927, 0.16183574879227053], [0.02414654454621149, 0.17149758454106281], [0.02414654454621149, 0.16505636070853463], [-0.0016652789342214821, 0.14090177133655393], [-0.05328892589508743, 0.1610305958132045]]}