{"Head": [[0.0012489592006661116, -0.11708860759493671], [0.005412156536219817, -0.0981012658227848], [0.005412156536219817, -0.0981012658227848], [0.01623646960865945, -0.07674050632911393], [0.017901748542880933, -0.03560126582278481], [-0.01498751040799334, -0.004746835443037975], [-0.09200666111573688, 0.051424050632911396], [-0.126977518734388, 0.09889240506329114], [-0.16736053288925895, 0.1281645569620253], [-0.1777685262281432, 0.12025316455696203]], "R-Sho": [[-0.01706910907577019, -0.07674050632911393], [-0.006661115736885929, -0.0759493670886076], [-0.0062447960033305576, -0.055379746835443035], [-0.005828476269775187, -0.05458860759493671], [0.004163197335553705, -0.015031645569620253], [-0.01706910907577019, 0.03243670886075949], [-0.09159034138218151, 0.07832278481012658], [-0.13447127393838468, 0.13844936708860758], [-0.15487094088259784, 0.1439873417721519], [-0.16860949208992507, 0.13765822784810128]], "R-Elb": [[-0.028309741881765195, -0.03401898734177215], [-0.017485428809325562, -0.03243670886075949], [-0.017485428809325562, -0.011867088607594937], [-0.017485428809325562, -0.011075949367088608], [-0.00832639467110741, 0.011075949367088608], [-0.02497918401332223, 0.058544303797468354], [-0.11948376353039133, 0.09968354430379747], [-0.15570358034970858, 0.16218354430379747], [-0.1694421315570358, 0.16930379746835442], [-0.16985845129059118, 0.16534810126582278]], "R-Wr": [[-0.03871773522064946, 0.015822784810126583], [-0.029142381348875937, 0.010284810126582278], [-0.028309741881765195, 0.03164556962025317], [-0.019567027477102414, 0.030854430379746837], [-0.01706910907577019, 0.048259493670886076], [-0.04329725228975854, 0.0949367088607595], [-0.14363030807660282, 0.11471518987341772], [-0.1794338051623647, 0.16693037974683544], [-0.19192339716902582, 0.1606012658227848], [-0.1965029142381349, 0.14873417721518986]], "L-Sho": [[0.01623646960865945, -0.08069620253164557], [0.020815986677768527, -0.06882911392405064], [0.020399666944213156, -0.06091772151898734], [0.030391340549542047, -0.05063291139240506], [0.030807660283097418, -0.013449367088607595], [0.0020815986677768525, 0.011867088607594937], [-0.06744379683597003, 0.04272151898734177], [-0.11323896752706078, 0.10126582278481013], [-0.1482098251457119, 0.10996835443037975], [-0.15986677768526228, 0.10522151898734178]], "L-Elb": [[0.01706910907577019, -0.03322784810126582], [0.027893422148209824, -0.03164556962025317], [0.028309741881765195, -0.011075949367088608], [0.028309741881765195, -0.011075949367088608], [0.04954204829308909, 0.029272151898734177], [0.011240632805995004, 0.0379746835443038], [-0.053705245628642796, 0.011867088607594937], [-0.10407993338884262, 0.06408227848101265], [-0.13488759367194006, 0.12974683544303797], [-0.14654454621149043, 0.1337025316455696]], "L-Wr": [[0.028309741881765195, 0.010284810126582278], [0.03413821815154038, 0.021360759493670885], [0.028309741881765195, 0.03243670886075949], [0.03913405495420483, 0.03243670886075949], [0.07035803497085762, 0.07911392405063292], [-0.0016652789342214821, 0.07990506329113924], [-0.07410491257285595, 0.00949367088607595], [-0.12531223980016654, 0.06724683544303797], [-0.15320566194837634, 0.1685126582278481], [-0.15070774354704414, 0.16772151898734178]], "R-Hip": [[-0.008742714404662781, 0.0031645569620253164], [-0.005412156536219817, 0.012658227848101266], [-0.0062447960033305576, 0.03243670886075949], [0.005412156536219817, 0.03243670886075949], [0.0029142381348875937, 0.048259493670886076], [-0.00749375520399667, 0.08544303797468354], [-0.04870940882597835, 0.09968354430379747], [-0.08451290591174021, 0.16693037974683544], [-0.10699417152373022, 0.15901898734177214], [-0.1298917568692756, 0.16218354430379747]], "R-Knee": [[-0.017485428809325562, 0.05458860759493671], [-0.017485428809325562, 0.07515822784810126], [-0.019150707743547043, 0.06962025316455696], [-0.00791007493755204, 0.08306962025316456], [-0.01498751040799334, 0.0814873417721519], [-0.008742714404662781, 0.1194620253164557], [-0.02289758534554538, 0.13844936708860758], [-0.0395503746877602, 0.1518987341772152], [-0.08326394671107411, 0.13686708860759494], [-0.11074104912572856, 0.14477848101265822]], "R-Ank": [[-0.028309741881765195, 0.14003164556962025], [-0.028309741881765195, 0.1194620253164557], [-0.00791007493755204, 0.12579113924050633], [-0.0033305578684429643, 0.13528481012658228], [0.00791007493755204, 0.12579113924050633], [0.019150707743547043, 0.14794303797468356], [0.018318068276436304, 0.15031645569620253], [0.00749375520399667, 0.14477848101265822], [-0.04454621149042465, 0.1281645569620253], [-0.06203164029975021, 0.14240506329113925]], "L-Hip": [[0.0062447960033305576, 0.0015822784810126582], [0.01582014987510408, 0.015031645569620253], [0.01665278934221482, 0.03243670886075949], [0.024562864279766863, 0.03164556962025317], [0.02373022481265612, 0.04746835443037975], [0.012489592006661115, 0.07278481012658228], [-0.03871773522064946, 0.08386075949367089], [-0.06744379683597003, 0.1281645569620253], [-0.10074937552039967, 0.127373417721519], [-0.12614487926727727, 0.13528481012658228]], "L-Knee": [[0.01665278934221482, 0.05458860759493671], [0.01706910907577019, 0.07436708860759493], [0.02373022481265612, 0.08465189873417721], [0.028309741881765195, 0.0759493670886076], [0.041631973355537054, 0.08544303797468354], [0.041631973355537054, 0.10996835443037975], [-0.007077435470441299, 0.10205696202531646], [-0.041631973355537054, 0.12262658227848101], [-0.0761865112406328, 0.11471518987341772], [-0.10283097418817652, 0.127373417721519]], "L-Ank": [[0.01706910907577019, 0.12025316455696203], [0.01706910907577019, 0.14003164556962025], [0.027893422148209824, 0.1337025316455696], [0.028726061615320566, 0.1194620253164557], [0.06910907577019151, 0.14240506329113925], [0.07743547044129892, 0.14319620253164558], [0.020399666944213156, 0.10126582278481013], [0.003746877601998335, 0.11629746835443038], [-0.05412156536219817, 0.1194620253164557], [-0.05412156536219817, 0.13132911392405064]]}