{"Head": [[-0.012489592006661115, -0.11030595813204509], [-0.006661115736885929, -0.09017713365539452], [-0.0008326394671107411, -0.05394524959742351], [-0.027060782681099085, -0.013687600644122383], [-0.07160699417152373, -0.0008051529790660225], [-0.12114904246461282, 0.02818035426731079], [-0.16319733555370525, 0.08856682769726248], [-0.2035803497085762, 0.09420289855072464], [-0.2160699417152373, 0.10869565217391304], [-0.23105745212323064, 0.11191626409017713]], "R-Sho": [[-0.02331390507910075, -0.07648953301127215], [-0.018734388009991675, -0.061191626409017714], [-0.02289758534554538, -0.0322061191626409], [-0.03913405495420483, 0.013687600644122383], [-0.08326394671107411, 0.028985507246376812], [-0.13488759367194006, 0.07246376811594203], [-0.1723563696919234, 0.12560386473429952], [-0.1965029142381349, 0.11755233494363929], [-0.20982514571190675, 0.1320450885668277], [-0.21773522064945877, 0.12640901771336555]], "R-Elb": [[-0.033721898417985015, -0.033011272141706925], [-0.03122398001665279, -0.01288244766505636], [-0.03413821815154038, 0.03140096618357488], [-0.0466278101582015, 0.033011272141706925], [-0.0903413821815154, 0.07890499194847021], [-0.14363030807660282, 0.10547504025764895], [-0.17568692756036636, 0.16666666666666666], [-0.19025811823480432, 0.16183574879227053], [-0.1965029142381349, 0.1537842190016103], [-0.20524562864279766, 0.14170692431561996]], "R-Wr": [[-0.03413821815154038, 0.010466988727858293], [-0.03663613655287261, 0.029790660225442835], [-0.044962531223980015, 0.07568438003220612], [-0.050374687760199835, 0.0644122383252818], [-0.093255620316403, 0.12962962962962962], [-0.15154038301415487, 0.11835748792270531], [-0.186511240632806, 0.17954911433172302], [-0.19608659450457952, 0.178743961352657], [-0.21149042464612822, 0.1706924315619968], [-0.21523730224812657, 0.16908212560386474]], "L-Sho": [[0.0, -0.07648953301127215], [0.0062447960033305576, -0.05475040257648953], [0.010407993338884263, -0.012077294685990338], [-0.013322231473771857, 0.01288244766505636], [-0.05620316402997502, 0.016908212560386472], [-0.10616153205661949, 0.04750402576489533], [-0.14904246461282264, 0.10789049919484701], [-0.1806827643630308, 0.09017713365539452], [-0.2031640299750208, 0.10386473429951691], [-0.21856786011656953, 0.10064412238325282]], "L-Elb": [[0.00041631973355537054, -0.0322061191626409], [0.012073272273105746, 0.005636070853462158], [0.019150707743547043, 0.02818035426731079], [0.0008326394671107411, 0.03864734299516908], [-0.04579517069109076, 0.04669887278582931], [-0.08409658617818484, 0.05877616747181964], [-0.1228143213988343, 0.1143317230273752], [-0.15778517901748543, 0.11594202898550725], [-0.17277268942547877, 0.107085346215781], [-0.197751873438801, 0.10386473429951691]], "L-Wr": [[0.0, 0.010466988727858293], [0.01582014987510408, 0.0499194847020934], [0.028309741881765195, 0.07407407407407407], [0.011240632805995004, 0.07568438003220612], [-0.0395503746877602, 0.0861513687600644], [-0.0861781848459617, 0.07890499194847021], [-0.14113238967527061, 0.09420289855072464], [-0.1835970024979184, 0.1143317230273752], [-0.19567027477102414, 0.13123993558776167], [-0.21273938384679433, 0.13768115942028986]], "R-Hip": [[-0.02289758534554538, 0.010466988727858293], [-0.019983347210657785, 0.02576489533011272], [-0.024562864279766863, 0.04508856682769726], [-0.03996669442131557, 0.07809983896940419], [-0.06536219816819318, 0.09822866344605476], [-0.09908409658617819, 0.11996779388083736], [-0.13738551207327226, 0.15942028985507245], [-0.1694421315570358, 0.15861513687600645], [-0.17985012489592006, 0.1529790660225443], [-0.19025811823480432, 0.1392914653784219]], "R-Knee": [[-0.033721898417985015, 0.07568438003220612], [-0.028309741881765195, 0.0821256038647343], [-0.03413821815154038, 0.09742351046698873], [-0.044962531223980015, 0.11513687600644122], [-0.06411323896752706, 0.13526570048309178], [-0.10366361365528726, 0.14814814814814814], [-0.13780183180682765, 0.177938808373591], [-0.18859283930058285, 0.17391304347826086], [-0.20274771024146546, 0.16908212560386474], [-0.208992506244796, 0.1723027375201288]], "R-Ank": [[-0.03413821815154038, 0.14090177133655393], [-0.033721898417985015, 0.13768115942028986], [-0.019150707743547043, 0.13687600644122383], [-0.028309741881765195, 0.16666666666666666], [-0.03455453788509576, 0.1473429951690821], [-0.054954204829308906, 0.16908212560386474], [-0.10657785179017486, 0.17713365539452497], [-0.1565362198168193, 0.18438003220611915], [-0.17194004995836804, 0.178743961352657], [-0.1723563696919234, 0.1723027375201288]], "L-Hip": [[-0.00041631973355537054, 0.010466988727858293], [-0.0012489592006661116, 0.02818035426731079], [-0.00041631973355537054, 0.05394524959742351], [-0.013322231473771857, 0.08051529790660225], [-0.04954204829308909, 0.09178743961352658], [-0.08659450457951708, 0.10950080515297907], [-0.11781848459616986, 0.14412238325281804], [-0.15070774354704414, 0.1392914653784219], [-0.1652789342214821, 0.13526570048309178], [-0.1823480432972523, 0.107085346215781]], "L-Knee": [[0.0, 0.07568438003220612], [0.004995836802664446, 0.07729468599033816], [0.012073272273105746, 0.09259259259259259], [0.005828476269775187, 0.1143317230273752], [-0.01623646960865945, 0.11996779388083736], [-0.04704412989175687, 0.12238325281803543], [-0.08867610324729393, 0.1537842190016103], [-0.12156536219816819, 0.1473429951690821], [-0.14862614487926729, 0.13446054750402575], [-0.18318068276436303, 0.14492753623188406]], "L-Ank": [[0.00041631973355537054, 0.14090177133655393], [0.00791007493755204, 0.13848631239935588], [0.027893422148209824, 0.14492753623188406], [0.027060782681099085, 0.15136876006441224], [0.024562864279766863, 0.15861513687600645], [-0.0062447960033305576, 0.15136876006441224], [-0.04412989175686927, 0.15217391304347827], [-0.08701082431307244, 0.1642512077294686], [-0.1144879267277269, 0.18035426731078905], [-0.15778517901748543, 0.1747181964573269]]}