{"Head": [[-0.012143611404435059, -0.01120162932790224], [-0.022175290390707498, -0.01120162932790224], [-0.022175290390707498, -0.01120162932790224], [-0.022175290390707498, -0.010183299389002037], [-0.011087645195353749, -0.012219959266802444], [0.011087645195353749, 0.009164969450101833], [0.0781414994720169, 0.01120162932790224], [0.1853220696937698, 0.03054989816700611], [0.0, 0.0], [0.0, 0.0]], "R-Sho": [[-0.034318901795142555, 0.010183299389002037], [-0.034318901795142555, 0.010183299389002037], [-0.04487856388595565, 0.010183299389002037], [-0.034318901795142555, 0.010183299389002037], [-0.03326293558606125, 0.009164969450101833], [-0.011087645195353749, 0.031568228105906315], [0.05543822597676874, 0.032586558044806514], [0.16578669482576558, 0.04378818737270876], [0.0, 0.0], [0.0, 0.0]], "R-Elb": [[-0.0559662090813094, 0.031568228105906315], [-0.056494192185850056, 0.031568228105906315], [-0.056494192185850056, 0.051934826883910386], [-0.056494192185850056, 0.05295315682281059], [-0.0559662090813094, 0.010183299389002037], [-0.02375923970432946, 0.0539714867617108], [0.0454065469904963, 0.07535641547861507], [0.15311510031678988, 0.03767820773930754], [0.0, 0.0], [0.0, 0.0]], "R-Wr": [[-0.04593453009503696, 0.07535641547861507], [-0.04593453009503696, 0.07535641547861507], [-0.0559662090813094, 0.07637474541751528], [-0.056494192185850056, 0.09674134419551934], [-0.056494192185850056, 0.0539714867617108], [-0.04487856388595565, 0.09775967413441955], [0.0781414994720169, 0.032586558044806514], [0.14836325237592396, -0.015274949083503055], [0.0, 0.0], [0.0, 0.0]], "L-Sho": [[-0.0005279831045406547, 0.010183299389002037], [-0.0005279831045406547, 0.010183299389002037], [-0.0005279831045406547, 0.01120162932790224], [-0.0005279831045406547, 0.031568228105906315], [0.0005279831045406547, 0.01120162932790224], [0.022175290390707498, 0.032586558044806514], [0.07866948257655755, 0.0539714867617108], [0.1890179514255544, 0.07026476578411406], [0.0, 0.0], [0.0, 0.0]], "L-Elb": [[0.01003167898627244, 0.0539714867617108], [0.010559662090813094, 0.07433808553971487], [0.011087645195353749, 0.07535641547861507], [0.010559662090813094, 0.07535641547861507], [0.022175290390707498, 0.032586558044806514], [0.02270327349524815, 0.07535641547861507], [0.10084477296726505, 0.09775967413441955], [0.1969376979936642, 0.09775967413441955], [0.0, 0.0], [0.0, 0.0]], "L-Wr": [[-0.0005279831045406547, 0.07535641547861507], [-0.0010559662090813093, 0.07535641547861507], [0.0, 0.09775967413441955], [0.010559662090813094, 0.09674134419551934], [0.03273495248152059, 0.0539714867617108], [0.0337909186906019, 0.11914460285132383], [0.1119324181626188, 0.09775967413441955], [0.1900739176346357, 0.04684317718940937], [0.0, 0.0], [0.0, 0.0]], "R-Hip": [[-0.04487856388595565, 0.0539714867617108], [-0.0454065469904963, 0.0539714867617108], [-0.04487856388595565, 0.07535641547861507], [-0.04487856388595565, 0.09572301425661914], [-0.04487856388595565, 0.07535641547861507], [-0.02270327349524815, 0.07637474541751528], [0.022175290390707498, 0.09877800407331976], [0.13833157338965152, 0.09470468431771895], [0.0, 0.0], [0.0, 0.0]], "R-Knee": [[-0.04593453009503696, 0.11914460285132383], [-0.04593453009503696, 0.11914460285132383], [-0.04593453009503696, 0.11914460285132383], [-0.056494192185850056, 0.12016293279022404], [-0.0559662090813094, 0.11914460285132383], [-0.034318901795142555, 0.1415478615071283], [-0.011615628299894404, 0.16089613034623218], [0.10084477296726505, 0.06619144602851323], [0.0, 0.0], [0.0, 0.0]], "R-Ank": [[-0.056494192185850056, 0.18533604887983707], [-0.056494192185850056, 0.18533604887983707], [-0.056494192185850056, 0.18533604887983707], [-0.056494192185850056, 0.20570264765784113], [-0.056494192185850056, 0.18533604887983707], [-0.0454065469904963, 0.20570264765784113], [-0.0454065469904963, 0.20570264765784113], [0.057022175290390706, 0.04786150712830957], [0.0, 0.0], [0.0, 0.0]], "L-Hip": [[-0.012143611404435059, 0.054989816700611], [-0.02270327349524815, 0.054989816700611], [-0.012143611404435059, 0.07535641547861507], [-0.022175290390707498, 0.09674134419551934], [-0.012143611404435059, 0.07535641547861507], [-0.0005279831045406547, 0.09674134419551934], [0.044350580781414996, 0.12016293279022404], [0.1420274551214361, 0.13034623217922606], [0.0, 0.0], [0.0, 0.0]], "L-Knee": [[-0.0005279831045406547, 0.11914460285132383], [-0.0005279831045406547, 0.11812627291242363], [-0.0005279831045406547, 0.11914460285132383], [-0.0005279831045406547, 0.12016293279022404], [0.0, 0.11914460285132383], [0.022175290390707498, 0.11812627291242363], [0.044350580781414996, 0.16191446028513237], [0.10559662090813093, 0.14969450101832993], [0.0, 0.0], [0.0, 0.0]], "L-Ank": [[-0.0005279831045406547, 0.18533604887983707], [-0.0005279831045406547, 0.18431771894093688], [-0.0005279831045406547, 0.18533604887983707], [0.0, 0.20570264765784113], [-0.0005279831045406547, 0.18533604887983707], [0.0, 0.18533604887983707], [0.011087645195353749, 0.20570264765784113], [0.042238648363252376, 0.17515274949083504], [0.0, 0.0], [0.0, 0.0]]}