{"Head": [[0.022175290390707498, -0.16395112016293278], [0.0, -0.09979633401221996], [-0.012143611404435059, -0.09877800407331976], [-0.02270327349524815, -0.09877800407331976], [0.02375923970432946, -0.09063136456211812], [0.07866948257655755, -0.023421588594704685], [0.12302006335797254, 0.062118126272912425], [0.1536430834213305, 0.054989816700611], [0.2085533262935586, 0.08655804480651731], [0.0, 0.0]], "R-Sho": [[0.011087645195353749, -0.1415478615071283], [-0.011087645195353749, -0.09775967413441955], [-0.023231256599788808, -0.07739307535641547], [-0.0337909186906019, -0.07739307535641547], [0.0031678986272439284, -0.0824847250509165], [0.06335797254487856, -0.04480651731160896], [0.11615628299894404, 0.03767820773930754], [0.14783526927138332, 0.034623217922606926], [0.20538542766631468, 0.07433808553971487], [0.0, 0.0]], "R-Elb": [[0.0015839493136219642, -0.12219959266802444], [-0.012143611404435059, -0.07637474541751528], [-0.03484688489968321, -0.06517311608961303], [-0.0337909186906019, -0.054989816700611], [-0.013727560718057022, -0.06822810590631365], [0.05860612460401267, -0.06720977596741344], [0.13357972544878563, 0.03360488798370672], [0.16367476240760295, 0.05804480651731161], [0.19852164730728616, 0.07433808553971487], [0.0, 0.0]], "R-Wr": [[-0.012671594508975714, -0.09775967413441955], [-0.02375923970432946, -0.05804480651731161], [-0.04118268215417107, -0.03767820773930754], [-0.0454065469904963, -0.03054989816700611], [-0.02903907074973601, -0.05702647657841141], [0.04963041182682154, -0.09368635437881874], [0.14361140443505807, 0.06109979633401222], [0.1700105596620908, 0.08044806517311609], [0.1890179514255544, 0.07637474541751528], [0.0, 0.0]], "L-Sho": [[0.03326293558606125, -0.1415478615071283], [0.010559662090813094, -0.09775967413441955], [-0.0010559662090813093, -0.09674134419551934], [-0.011615628299894404, -0.09775967413441955], [0.025343189017951427, -0.06109979633401222], [0.08183738120380148, 0.007128309572301426], [0.11721224920802534, 0.08044806517311609], [0.14361140443505807, 0.08961303462321792], [0.20644139387539598, 0.10692464358452139], [0.0, 0.0]], "L-Elb": [[0.0501583949313622, -0.12729124236252545], [0.019535374868004225, -0.07230142566191446], [0.010559662090813094, -0.0560081466395112], [-0.0005279831045406547, -0.07637474541751528], [0.03484688489968321, -0.034623217922606926], [0.0955649419218585, 0.021384928716904276], [0.13885955649419218, 0.0835030549898167], [0.1610348468848997, 0.08961303462321792], [0.2006335797254488, 0.109979633401222], [0.0, 0.0]], "L-Wr": [[0.06810982048574446, -0.109979633401222], [0.024287222808870117, -0.05091649694501019], [0.018479408658922915, -0.031568228105906315], [-0.0005279831045406547, -0.0560081466395112], [0.049102428722280884, -0.010183299389002037], [0.11668426610348469, 0.035641547861507125], [0.1583949313621964, 0.07128309572301425], [0.1795142555438226, 0.09063136456211812], [0.19060190073917635, 0.11608961303462322], [0.0, 0.0]], "R-Hip": [[0.011615628299894404, -0.07739307535641547], [-0.011087645195353749, -0.054989816700611], [-0.02270327349524815, -0.03360488798370672], [-0.02270327349524815, -0.03360488798370672], [-0.011087645195353749, -0.04378818737270876], [0.026399155227032733, -0.025458248472505093], [0.08447729672650475, 0.04073319755600815], [0.1246040126715945, 0.0539714867617108], [0.19165786694825765, 0.09674134419551934], [0.0, 0.0]], "R-Knee": [[0.012671594508975714, -0.03360488798370672], [-0.011615628299894404, -0.032586558044806514], [-0.0337909186906019, -0.012219959266802444], [-0.032206969376979935, -0.008146639511201629], [-0.03009503695881732, -0.008146639511201629], [-0.005279831045406547, -0.024439918533604887], [0.06335797254487856, 0.007128309572301426], [0.12143611404435058, 0.02240325865580448], [0.1726504751847941, 0.1120162932790224], [0.0, 0.0]], "R-Ank": [[0.011087645195353749, 0.008146639511201629], [-0.011615628299894404, 0.010183299389002037], [-0.0337909186906019, 0.031568228105906315], [-0.03748680042238648, 0.028513238289205704], [-0.0501583949313622, 0.023421588594704685], [-0.046990496304118265, -0.028513238289205704], [0.03326293558606125, 0.002036659877800407], [0.08658922914466737, 0.012219959266802444], [0.17212249208025343, 0.06415478615071284], [0.0, 0.0]], "L-Hip": [[0.03326293558606125, -0.07739307535641547], [0.008447729672650475, -0.048879837067209775], [-0.011087645195353749, -0.03360488798370672], [-0.011615628299894404, -0.034623217922606926], [-0.0015839493136219642, -0.017311608961303463], [0.03167898627243928, 0.004073319755600814], [0.08236536430834214, 0.07230142566191446], [0.12249208025343189, 0.08961303462321792], [0.18479408658922913, 0.0835030549898167], [0.0, 0.0]], "L-Knee": [[0.04012671594508976, -0.03665987780040733], [0.02164730728616684, -0.03360488798370672], [0.008447729672650475, -0.012219959266802444], [0.005279831045406547, -0.017311608961303463], [0.0026399155227032735, 0.013238289205702648], [-0.0015839493136219642, 0.014256619144602852], [0.05174234424498416, 0.06720977596741344], [0.09398099260823653, 0.10081466395112017], [0.15047518479408659, 0.10081466395112017], [0.0, 0.0]], "L-Ank": [[0.042238648363252376, 0.009164969450101833], [0.03326293558606125, 0.016293279022403257], [0.01795142555438226, 0.029531568228105907], [0.003695881731784583, 0.024439918533604887], [-0.02375923970432946, 0.03767820773930754], [-0.03907074973600845, 0.04276985743380855], [0.020591341077085535, 0.034623217922606926], [0.061246040126715945, 0.09266802443991853], [0.13357972544878563, 0.04276985743380855], [0.0, 0.0]]}