{"Head": [[0.0005279831045406547, -0.11914460285132383], [0.01003167898627244, -0.09775967413441955], [0.011087645195353749, -0.01120162932790224], [0.09767687434002112, 0.016293279022403257], [0.18479408658922913, 0.07637474541751528], [0.2824709609292503, 0.20162932790224034], [0.35374868004223864, 0.19959266802443992], [0.40496304118268217, 0.21181262729124237], [0.4424498416050686, 0.20773930753564154], [0.4699049630411827, 0.17617107942973523]], "R-Sho": [[-0.011615628299894404, -0.07739307535641547], [-0.011615628299894404, -0.0560081466395112], [-0.011615628299894404, 0.031568228105906315], [0.0675818373812038, 0.032586558044806514], [0.1737064413938754, 0.06008146639511202], [0.25818373812038015, 0.18228105906313646], [0.3400211193241816, 0.17922606924643583], [0.3812038014783527, 0.18533604887983707], [0.42925026399155225, 0.19653767820773932], [0.455649419218585, 0.1924643584521385]], "R-Elb": [[-0.02270327349524815, -0.032586558044806514], [-0.023231256599788808, -0.01120162932790224], [-0.0337909186906019, 0.07535641547861507], [0.05543822597676874, 0.05295315682281059], [0.1932418162618796, 0.028513238289205704], [0.27666314677930304, 0.15376782077393075], [0.36747624076029567, 0.159877800407332], [0.4081309398099261, 0.1629327902240326], [0.4535374868004224, 0.23116089613034624], [0.4635691657866948, 0.23625254582484725]], "R-Wr": [[-0.029567053854276663, 0.0560081466395112], [-0.030623020063357972, 0.062118126272912425], [-0.05174234424498416, 0.11608961303462322], [0.0559662090813094, 0.07433808553971487], [0.22439281942977823, 0.023421588594704685], [0.3167898627243928, 0.14562118126272913], [0.3996832101372756, 0.19653767820773932], [0.44456177402323127, 0.18737270875763748], [0.4820485744456177, 0.23828920570264767], [0.49208025343189016, 0.23727087576374745]], "L-Sho": [[0.022175290390707498, -0.07637474541751528], [0.0279831045406547, -0.05702647657841141], [0.03326293558606125, 0.025458248472505093], [0.10084477296726505, 0.054989816700611], [0.1853220696937698, 0.11710794297352342], [0.27243928194297784, 0.23828920570264767], [0.34213305174234426, 0.23828920570264767], [0.38595564941921856, 0.23930753564154786], [0.426610348468849, 0.2454175152749491], [0.46462513199577615, 0.20264765784114053]], "L-Elb": [[0.03326293558606125, -0.032586558044806514], [0.03326293558606125, -0.012219959266802444], [0.03801478352692714, 0.07841140529531568], [0.1119324181626188, 0.09775967413441955], [0.20485744456177402, 0.10896130346232179], [0.29778247096092925, 0.23421588594704684], [0.37697993664202745, 0.2494908350305499], [0.41816261879619854, 0.24745417515274948], [0.455649419218585, 0.2484725050916497], [0.47360084477296727, 0.2454175152749491]], "L-Wr": [[0.03537486800422387, 0.0560081466395112], [0.042238648363252376, 0.06822810590631365], [0.03695881731784583, 0.11303462321792261], [0.1235480464625132, 0.14052953156822812], [0.23020063357972545, 0.08655804480651731], [0.3342133051742344, 0.21181262729124237], [0.4028511087645195, 0.24745417515274948], [0.44456177402323127, 0.225050916496945], [0.47729672650475186, 0.2505091649694501], [0.4978880675818374, 0.24338085539714868]], "R-Hip": [[-0.011087645195353749, 0.032586558044806514], [-0.011615628299894404, 0.05295315682281059], [-0.011087645195353749, 0.09775967413441955], [0.04382259767687434, 0.09775967413441955], [0.11932418162618796, 0.12016293279022404], [0.21964097148891235, 0.1945010183299389], [0.27930306230200636, 0.1955193482688391], [0.32470960929250264, 0.1945010183299389], [0.38384371700105596, 0.21283095723014256], [0.39440337909186907, 0.2189409368635438]], "R-Knee": [[-0.011615628299894404, 0.1395112016293279], [-0.02270327349524815, 0.12016293279022404], [-0.0337909186906019, 0.1415478615071283], [0.0, 0.1415478615071283], [0.0781414994720169, 0.1415478615071283], [0.17106652587117213, 0.17209775967413443], [0.23389651531151004, 0.20875763747454176], [0.2824709609292503, 0.18024439918533605], [0.34318901795142553, 0.20672097759674135], [0.3521647307286167, 0.22912423625254583]], "R-Ank": [[-0.012143611404435059, 0.22708757637474541], [-0.021119324181626188, 0.2209775967413442], [-0.0454065469904963, 0.22708757637474541], [-0.034318901795142555, 0.18533604887983707], [0.02587117212249208, 0.1364562118126273], [0.13727560718057022, 0.17515274949083504], [0.21119324181626187, 0.23014256619144602], [0.24498416050686378, 0.21283095723014256], [0.324181626187962, 0.1364562118126273], [0.337909186906019, 0.14765784114052954]], "L-Hip": [[0.011615628299894404, 0.032586558044806514], [0.011087645195353749, 0.05295315682281059], [0.02006335797254488, 0.10590631364562118], [0.06230200633579725, 0.13136456211812628], [0.12090813093980993, 0.16191446028513237], [0.2212249208025343, 0.24439918533604887], [0.28141499472016895, 0.23828920570264767], [0.32787750791974657, 0.23828920570264767], [0.3780359028511088, 0.24745417515274948], [0.3991552270327349, 0.24134419551934827]], "L-Knee": [[0.022175290390707498, 0.12016293279022404], [0.022175290390707498, 0.12016293279022404], [0.03273495248152059, 0.1395112016293279], [0.03326293558606125, 0.18431771894093688], [0.08183738120380148, 0.18228105906313646], [0.1737064413938754, 0.23727087576374745], [0.24234424498416052, 0.2454175152749491], [0.28299894403379094, 0.24439918533604887], [0.34318901795142553, 0.24134419551934827], [0.3833157338965153, 0.2454175152749491]], "L-Ank": [[0.022175290390707498, 0.20672097759674135], [0.022175290390707498, 0.20672097759674135], [0.010559662090813094, 0.18533604887983707], [-0.008447729672650475, 0.23727087576374745], [0.022175290390707498, 0.20875763747454176], [0.11351636747624076, 0.2219959266802444], [0.1958817317845829, 0.2525458248472505], [0.235480464625132, 0.24032586558044808], [0.29039070749736007, 0.1975560081466395], [0.3833157338965153, 0.1659877800407332]]}