{"Head": [[-0.011087645195353749, -0.09775967413441955], [-0.012671594508975714, -0.03971486761710794], [-0.057022175290390706, -0.01120162932790224], [-0.1351636747624076, 0.010183299389002037], [-0.20802534318901794, 0.024439918533604887], [-0.27613516367476243, 0.09775967413441955], [-0.3416050686378036, 0.14867617107942974], [-0.3917634635691658, 0.21181262729124237], [0.0, 0.0], [0.0, 0.0]], "R-Sho": [[-0.023231256599788808, -0.054989816700611], [-0.034318901795142555, 0.009164969450101833], [-0.0791974656810982, 0.032586558044806514], [-0.14625131995776136, 0.0539714867617108], [-0.2133051742344245, 0.08757637474541752], [-0.2729672650475185, 0.17820773930753564], [-0.32312565997888065, 0.22912423625254583], [-0.3717001055966209, 0.19959266802443992], [0.0, 0.0], [0.0, 0.0]], "R-Elb": [[-0.0454065469904963, -0.03360488798370672], [-0.056494192185850056, 0.031568228105906315], [-0.09028511087645195, 0.09674134419551934], [-0.1573389651531151, 0.11812627291242363], [-0.2191129883843717, 0.1364562118126273], [-0.27930306230200636, 0.23116089613034624], [-0.3051742344244984, 0.23523421588594703], [-0.3706441393875396, 0.2454175152749491], [0.0, 0.0], [0.0, 0.0]], "R-Wr": [[-0.0675818373812038, -0.01120162932790224], [-0.0675818373812038, 0.07535641547861507], [-0.08025343189017951, 0.13136456211812628], [-0.14625131995776136, 0.11812627291242363], [-0.24234424498416052, 0.1334012219959267], [-0.29936642027455124, 0.24643584521384929], [-0.28616684266103487, 0.24032586558044808], [-0.3790918690601901, 0.2576374745417515], [0.0, 0.0], [0.0, 0.0]], "L-Sho": [[0.011087645195353749, -0.054989816700611], [0.004223864836325237, 0.007128309572301426], [-0.04171066525871172, 0.016293279022403257], [-0.11298838437170011, 0.01120162932790224], [-0.18215417106652587, 0.04073319755600815], [-0.2565997888067582, 0.109979633401222], [-0.32312565997888065, 0.1710794297352342], [-0.36536430834213307, 0.21079429735234215], [0.0, 0.0], [0.0, 0.0]], "L-Elb": [[0.022175290390707498, -0.01120162932790224], [0.022175290390707498, 0.032586558044806514], [-0.03326293558606125, 0.0539714867617108], [-0.0839493136219641, 0.03971486761710794], [-0.15153115100316789, 0.04378818737270876], [-0.2328405491024287, 0.1079429735234216], [-0.3474128827877508, 0.21181262729124237], [-0.3521647307286167, 0.21384928716904278], [0.0, 0.0], [0.0, 0.0]], "L-Wr": [[0.04487856388595565, 0.04989816700610998], [0.03326293558606125, 0.07433808553971487], [-0.02270327349524815, 0.09674134419551934], [-0.06282998944033791, 0.08961303462321792], [-0.14889123548046462, 0.016293279022403257], [-0.2249208025343189, 0.09368635437881874], [-0.336325237592397, 0.23116089613034624], [-0.33368532206969376, 0.21384928716904278], [0.0, 0.0], [0.0, 0.0]], "R-Hip": [[-0.02270327349524815, 0.0539714867617108], [-0.03326293558606125, 0.09674134419551934], [-0.056494192185850056, 0.11914460285132383], [-0.09292502639915523, 0.11405295315682282], [-0.1573389651531151, 0.14765784114052954], [-0.2133051742344245, 0.18839103869653767], [-0.27824709609292503, 0.2484725050916497], [-0.32259767687434004, 0.2525458248472505], [0.0, 0.0], [0.0, 0.0]], "R-Knee": [[-0.02270327349524815, 0.14052953156822812], [-0.034318901795142555, 0.14052953156822812], [-0.04487856388595565, 0.18024439918533605], [-0.05860612460401267, 0.18228105906313646], [-0.10454065469904963, 0.1629327902240326], [-0.15205913410770855, 0.17006109979633402], [-0.24392819429778248, 0.24439918533604887], [-0.2713833157338965, 0.2535641547861507], [0.0, 0.0], [0.0, 0.0]], "R-Ank": [[-0.012143611404435059, 0.20570264765784113], [-0.011615628299894404, 0.20570264765784113], [-0.006863780359028511, 0.23727087576374745], [-0.01003167898627244, 0.23930753564154786], [-0.05174234424498416, 0.17209775967413443], [-0.12038014783526928, 0.16191446028513237], [-0.20908130939809927, 0.21690427698574338], [-0.21700105596620908, 0.23217922606924643], [0.0, 0.0], [0.0, 0.0]], "L-Hip": [[0.0, 0.0539714867617108], [-0.0005279831045406547, 0.09674134419551934], [-0.0337909186906019, 0.09775967413441955], [-0.07708553326293559, 0.09572301425661914], [-0.13780359028511088, 0.09063136456211812], [-0.2016895459345301, 0.1364562118126273], [-0.27771911298838436, 0.20875763747454176], [-0.3215417106652587, 0.2158859470468432], [0.0, 0.0], [0.0, 0.0]], "L-Knee": [[0.02164730728616684, 0.12016293279022404], [0.022175290390707498, 0.1415478615071283], [0.0, 0.16191446028513237], [-0.04329461457233368, 0.12118126272912423], [-0.09926082365364308, 0.09979633401221996], [-0.15417106652587118, 0.12423625254582485], [-0.24392819429778248, 0.20366598778004075], [-0.2824709609292503, 0.2209775967413442], [0.0, 0.0], [0.0, 0.0]], "L-Ank": [[0.022175290390707498, 0.20672097759674135], [0.0337909186906019, 0.20672097759674135], [0.0337909186906019, 0.20672097759674135], [-0.005807814149947202, 0.15682281059063136], [-0.05860612460401267, 0.10590631364562118], [-0.11351636747624076, 0.109979633401222], [-0.21805702217529038, 0.18839103869653767], [-0.22703273495248152, 0.219959266802444], [0.0, 0.0], [0.0, 0.0]]}