{"Head": [[-0.0005279831045406547, -0.01120162932790224], [-0.0005279831045406547, -0.010183299389002037], [-0.0005279831045406547, -0.010183299389002037], [-0.0005279831045406547, -0.010183299389002037], [-0.0005279831045406547, -0.01120162932790224], [-0.0005279831045406547, -0.01120162932790224], [-0.0005279831045406547, -0.01120162932790224], [0.0, -0.03360488798370672], [0.0, -0.045824847250509164], [-0.04487856388595565, -0.03360488798370672]], "R-Sho": [[-0.02270327349524815, 0.01120162932790224], [-0.02270327349524815, 0.01120162932790224], [-0.02270327349524815, 0.03054989816700611], [-0.02270327349524815, 0.03054989816700611], [-0.02270327349524815, 0.01120162932790224], [-0.02270327349524815, 0.01120162932790224], [-0.02270327349524815, 0.01120162932790224], [-0.02270327349524815, -0.010183299389002037], [-0.022175290390707498, -0.01120162932790224], [-0.0559662090813094, 0.01120162932790224]], "R-Elb": [[-0.03484688489968321, 0.0539714867617108], [-0.044350580781414996, 0.0539714867617108], [-0.03484688489968321, 0.0539714867617108], [-0.04487856388595565, 0.07535641547861507], [-0.034318901795142555, 0.0539714867617108], [-0.034318901795142555, 0.0539714867617108], [-0.034318901795142555, 0.0539714867617108], [-0.0337909186906019, 0.032586558044806514], [-0.0337909186906019, 0.05295315682281059], [-0.0675818373812038, 0.0539714867617108]], "R-Wr": [[-0.020591341077085535, 0.11507128309572301], [-0.024287222808870117, 0.11914460285132383], [-0.02481520591341077, 0.1120162932790224], [-0.019535374868004225, 0.12016293279022404], [-0.017423442449841606, 0.12016293279022404], [-0.01689545934530095, 0.12627291242362526], [-0.019535374868004225, 0.12525458248472504], [-0.018479408658922915, 0.09266802443991853], [-0.016367476240760296, 0.07433808553971487], [-0.09028511087645195, 0.07535641547861507]], "L-Sho": [[0.0005279831045406547, 0.031568228105906315], [0.01003167898627244, 0.032586558044806514], [0.010559662090813094, 0.032586558044806514], [0.010559662090813094, 0.032586558044806514], [0.010559662090813094, 0.032586558044806514], [0.010559662090813094, 0.032586558044806514], [0.010559662090813094, 0.031568228105906315], [0.011087645195353749, 0.009164969450101833], [0.012671594508975714, -0.003054989816700611], [-0.012143611404435059, -0.010183299389002037]], "L-Elb": [[0.01003167898627244, 0.054989816700611], [0.010559662090813094, 0.07535641547861507], [0.011087645195353749, 0.07535641547861507], [0.011087645195353749, 0.07535641547861507], [0.011087645195353749, 0.07535641547861507], [0.011087645195353749, 0.07535641547861507], [0.011087645195353749, 0.07535641547861507], [0.011087645195353749, 0.03360488798370672], [0.02270327349524815, 0.054989816700611], [-0.0005279831045406547, 0.032586558044806514]], "L-Wr": [[0.0, 0.10896130346232179], [-0.0015839493136219642, 0.12525458248472504], [-0.0026399155227032735, 0.12219959266802444], [-0.0021119324181626186, 0.11914460285132383], [0.0, 0.12118126272912423], [0.0015839493136219642, 0.12525458248472504], [0.0005279831045406547, 0.12525458248472504], [0.011087645195353749, 0.07535641547861507], [0.00897571277719113, 0.0539714867617108], [-0.0005279831045406547, 0.07535641547861507]], "R-Hip": [[-0.03326293558606125, 0.07535641547861507], [-0.0337909186906019, 0.07637474541751528], [-0.023231256599788808, 0.09674134419551934], [-0.023231256599788808, 0.09674134419551934], [-0.023231256599788808, 0.07637474541751528], [-0.023231256599788808, 0.07637474541751528], [-0.023231256599788808, 0.07535641547861507], [-0.02270327349524815, 0.07433808553971487], [-0.02270327349524815, 0.0539714867617108], [-0.0337909186906019, 0.09674134419551934]], "R-Knee": [[-0.0454065469904963, 0.09877800407331976], [-0.0454065469904963, 0.11914460285132383], [-0.04593453009503696, 0.11812627291242363], [-0.0454065469904963, 0.11914460285132383], [-0.0454065469904963, 0.09775967413441955], [-0.04487856388595565, 0.09775967413441955], [-0.04487856388595565, 0.09775967413441955], [-0.044350580781414996, 0.07637474541751528], [-0.0337909186906019, 0.09674134419551934], [-0.0454065469904963, 0.11812627291242363]], "R-Ank": [[-0.056494192185850056, 0.18431771894093688], [-0.056494192185850056, 0.18431771894093688], [-0.056494192185850056, 0.18431771894093688], [-0.056494192185850056, 0.18431771894093688], [-0.056494192185850056, 0.18329938900203666], [-0.056494192185850056, 0.18329938900203666], [-0.056494192185850056, 0.16395112016293278], [-0.056494192185850056, 0.16191446028513237], [-0.0337909186906019, 0.18431771894093688], [-0.0337909186906019, 0.18431771894093688]], "L-Hip": [[-0.011087645195353749, 0.07637474541751528], [-0.011615628299894404, 0.09674134419551934], [-0.011087645195353749, 0.09674134419551934], [-0.010559662090813094, 0.09775967413441955], [-0.0021119324181626186, 0.08757637474541752], [-0.011087645195353749, 0.09674134419551934], [-0.0010559662090813093, 0.07637474541751528], [0.0, 0.07535641547861507], [0.004223864836325237, 0.07128309572301425], [-0.011615628299894404, 0.07535641547861507]], "L-Knee": [[0.011087645195353749, 0.11812627291242363], [0.011087645195353749, 0.11812627291242363], [0.011087645195353749, 0.09877800407331976], [0.011087645195353749, 0.11812627291242363], [0.011615628299894404, 0.11812627291242363], [0.011087645195353749, 0.09877800407331976], [0.011615628299894404, 0.11914460285132383], [0.011615628299894404, 0.09775967413441955], [0.022175290390707498, 0.11914460285132383], [0.011087645195353749, 0.09877800407331976]], "L-Ank": [[0.011087645195353749, 0.18431771894093688], [0.011087645195353749, 0.18431771894093688], [0.011615628299894404, 0.18431771894093688], [0.011615628299894404, 0.18431771894093688], [0.011615628299894404, 0.18431771894093688], [0.011615628299894404, 0.18431771894093688], [0.02164730728616684, 0.18431771894093688], [0.02164730728616684, 0.18431771894093688], [0.03326293558606125, 0.18329938900203666], [0.03273495248152059, 0.18431771894093688]]}