{"Head": [[0.0, -0.1629327902240326], [0.0, -0.1629327902240326], [0.0, -0.1629327902240326], [0.0, -0.1425661914460285], [-0.011615628299894404, -0.09877800407331976], [0.0, -0.032586558044806514], [0.06335797254487856, -0.025458248472505093], [0.10137275607180571, -0.01120162932790224], [0.19535374868004224, 0.014256619144602852], [0.26293558606124606, 0.09368635437881874]], "R-Sho": [[-0.012143611404435059, -0.14052953156822812], [-0.022175290390707498, -0.12118126272912423], [-0.022175290390707498, -0.14052953156822812], [-0.02270327349524815, -0.12016293279022404], [-0.03326293558606125, -0.07637474541751528], [-0.02270327349524815, -0.01120162932790224], [0.0337909186906019, -0.01120162932790224], [0.0791974656810982, -0.010183299389002037], [0.16842661034846884, 0.031568228105906315], [0.2307286166842661, 0.0814663951120163]], "R-Elb": [[-0.04487856388595565, -0.1415478615071283], [-0.0454065469904963, -0.1425661914460285], [-0.0454065469904963, -0.1415478615071283], [-0.0454065469904963, -0.11914460285132383], [-0.056494192185850056, -0.054989816700611], [-0.04487856388595565, 0.01120162932790224], [0.022175290390707498, 0.032586558044806514], [0.0559662090813094, 0.009164969450101833], [0.15681098204857444, 0.010183299389002037], [0.2296726504751848, 0.059063136456211814]], "R-Wr": [[-0.07866948257655755, -0.17515274949083504], [-0.0675818373812038, -0.1629327902240326], [-0.0675818373812038, -0.1629327902240326], [-0.06546990496304118, -0.11812627291242363], [-0.07972544878563886, -0.0539714867617108], [-0.0501583949313622, 0.038696537678207736], [0.011087645195353749, 0.09063136456211812], [0.04487856388595565, 0.032586558044806514], [0.18796198521647306, -0.014256619144602852], [0.2740232312565998, 0.08044806517311609]], "L-Sho": [[0.022175290390707498, -0.1415478615071283], [0.022175290390707498, -0.14052953156822812], [0.022175290390707498, -0.14052953156822812], [0.02164730728616684, -0.12016293279022404], [0.011087645195353749, -0.07942973523421588], [0.019535374868004225, -0.007128309572301426], [0.06705385427666315, 0.010183299389002037], [0.11246040126715945, 0.032586558044806514], [0.20116156282998943, 0.07433808553971487], [0.25818373812038015, 0.14052953156822812]], "L-Elb": [[0.04487856388595565, -0.16191446028513237], [0.04487856388595565, -0.1425661914460285], [0.04487856388595565, -0.1425661914460285], [0.046462513199577615, -0.11812627291242363], [0.03326293558606125, -0.07637474541751528], [0.0279831045406547, 0.0560081466395112], [0.07708553326293559, 0.07433808553971487], [0.13463569165786696, 0.07535641547861507], [0.22439281942977823, 0.09674134419551934], [0.2697993664202746, 0.19653767820773932]], "L-Wr": [[0.08342133051742344, -0.18431771894093688], [0.07550158394931362, -0.17006109979633402], [0.06705385427666315, -0.1629327902240326], [0.06019007391763464, -0.11914460285132383], [0.0665258711721225, -0.054989816700611], [0.026399155227032733, 0.0855397148676171], [0.07180570221752904, 0.11914460285132383], [0.15681098204857444, 0.07535641547861507], [0.235480464625132, 0.09572301425661914], [0.2972544878563886, 0.17718940936863545]], "R-Hip": [[-0.00791974656810982, -0.01120162932790224], [-0.010559662090813094, -0.007128309572301426], [-0.012671594508975714, -0.006109979633401222], [-0.02270327349524815, 0.010183299389002037], [-0.02270327349524815, 0.03054989816700611], [-0.022175290390707498, 0.07535641547861507], [0.011087645195353749, 0.07535641547861507], [0.04487856388595565, 0.054989816700611], [0.1457233368532207, 0.09674134419551934], [0.19271383315733898, 0.12525458248472504]], "R-Knee": [[-0.012143611404435059, 0.09674134419551934], [-0.012143611404435059, 0.09775967413441955], [-0.012143611404435059, 0.09674134419551934], [-0.023231256599788808, 0.09775967413441955], [-0.03484688489968321, 0.09674134419551934], [-0.03484688489968321, 0.11914460285132383], [-0.02270327349524815, 0.11914460285132383], [0.011615628299894404, 0.09775967413441955], [0.09820485744456177, 0.07026476578411406], [0.15417106652587118, 0.09470468431771895]], "R-Ank": [[-0.02270327349524815, 0.18533604887983707], [-0.02270327349524815, 0.20468431771894094], [-0.02270327349524815, 0.20468431771894094], [-0.02270327349524815, 0.18533604887983707], [-0.0559662090813094, 0.1629327902240326], [-0.056494192185850056, 0.164969450101833], [-0.056494192185850056, 0.18431771894093688], [-0.022175290390707498, 0.14052953156822812], [0.05332629355860612, 0.05702647657841141], [0.10137275607180571, 0.06517311608961303]], "L-Hip": [[0.011615628299894404, -0.010183299389002037], [0.011087645195353749, 0.009164969450101833], [0.011087645195353749, 0.009164969450101833], [0.0005279831045406547, 0.010183299389002037], [0.005807814149947202, 0.031568228105906315], [0.004223864836325237, 0.0824847250509165], [0.029567053854276663, 0.09164969450101833], [0.06019007391763464, 0.08859470468431772], [0.14625131995776136, 0.11812627291242363], [0.19376979936642028, 0.17006109979633402]], "L-Knee": [[0.022175290390707498, 0.09674134419551934], [0.022175290390707498, 0.09674134419551934], [0.022175290390707498, 0.09674134419551934], [0.011615628299894404, 0.09775967413441955], [0.02164730728616684, 0.09775967413441955], [0.022175290390707498, 0.11710794297352342], [0.02270327349524815, 0.1415478615071283], [0.03326293558606125, 0.16191446028513237], [0.0966209081309398, 0.1446028513238289], [0.1457233368532207, 0.1629327902240326]], "L-Ank": [[0.022175290390707498, 0.18533604887983707], [0.022175290390707498, 0.18533604887983707], [0.022175290390707498, 0.18533604887983707], [0.022175290390707498, 0.18533604887983707], [0.010559662090813094, 0.1629327902240326], [-0.0005279831045406547, 0.16395112016293278], [-0.011087645195353749, 0.18533604887983707], [-0.0010559662090813093, 0.18431771894093688], [0.04171066525871172, 0.1659877800407332], [0.10084477296726505, 0.14867617107942974]]}