{"Head": [[-0.020591341077085535, -0.07942973523421588], [-0.02270327349524815, -0.054989816700611], [-0.02270327349524815, -0.034623217922606926], [-0.0005279831045406547, -0.054989816700611], [0.02164730728616684, -0.03360488798370672], [0.0559662090813094, -0.032586558044806514], [0.07761351636747624, -0.03360488798370672], [0.11668426610348469, -0.06415478615071284], [0.16842661034846884, -0.07637474541751528], [0.22703273495248152, -0.06415478615071284]], "R-Sho": [[-0.0337909186906019, -0.054989816700611], [-0.0337909186906019, -0.03360488798370672], [-0.0337909186906019, -0.032586558044806514], [-0.022175290390707498, -0.03360488798370672], [0.0, -0.01120162932790224], [0.04487856388595565, -0.010183299389002037], [0.06705385427666315, -0.021384928716904276], [0.10665258711721225, -0.04786150712830957], [0.1562829989440338, -0.0560081466395112], [0.21383315733896516, -0.054989816700611]], "R-Elb": [[-0.034318901795142555, -0.012219959266802444], [-0.03484688489968321, -0.01120162932790224], [-0.034318901795142555, 0.009164969450101833], [-0.023231256599788808, -0.01120162932790224], [-0.0005279831045406547, 0.01120162932790224], [0.0337909186906019, 0.03054989816700611], [0.05543822597676874, 0.01120162932790224], [0.08764519535374868, -0.04073319755600815], [0.1457233368532207, -0.032586558044806514], [0.20485744456177402, -0.0050916496945010185]], "R-Wr": [[-0.04487856388595565, 0.010183299389002037], [-0.04487856388595565, 0.03054989816700611], [-0.0501583949313622, 0.032586558044806514], [-0.04171066525871172, 0.0], [-0.0005279831045406547, 0.032586558044806514], [0.0337909186906019, 0.0539714867617108], [0.04487856388595565, 0.0539714867617108], [0.07074973600844774, -0.035641547861507125], [0.13991552270327348, 0.024439918533604887], [0.21700105596620908, 0.03054989816700611]], "L-Sho": [[-0.011087645195353749, -0.054989816700611], [-0.011087645195353749, -0.03360488798370672], [-0.011087645195353749, -0.032586558044806514], [0.007391763463569166, -0.0274949083503055], [0.03273495248152059, -0.01120162932790224], [0.06546990496304118, -0.009164969450101833], [0.0781414994720169, -0.031568228105906315], [0.12988384371700107, -0.048879837067209775], [0.17317845828933473, -0.035641547861507125], [0.21858500527983105, -0.038696537678207736]], "L-Elb": [[-0.0005279831045406547, -0.031568228105906315], [-0.0005279831045406547, -0.01120162932790224], [0.005279831045406547, 0.009164969450101833], [0.02375923970432946, -0.021384928716904276], [0.03326293558606125, 0.010183299389002037], [0.07022175290390707, 0.0010183299389002036], [0.10084477296726505, -0.032586558044806514], [0.1420274551214361, -0.03767820773930754], [0.18215417106652587, -0.003054989816700611], [0.21277719112988383, 0.010183299389002037]], "L-Wr": [[-0.0005279831045406547, 0.009164969450101833], [-0.0005279831045406547, 0.025458248472505093], [0.022175290390707498, 0.028513238289205704], [0.03167898627243928, -0.0010183299389002036], [0.0337909186906019, 0.031568228105906315], [0.0791974656810982, 0.013238289205702648], [0.10084477296726505, -0.03360488798370672], [0.15522703273495247, -0.029531568228105907], [0.19060190073917635, 0.01120162932790224], [0.22439281942977823, 0.0274949083503055]], "R-Hip": [[-0.03326293558606125, 0.010183299389002037], [-0.0337909186906019, 0.01120162932790224], [-0.023231256599788808, 0.031568228105906315], [-0.011615628299894404, 0.031568228105906315], [0.010559662090813094, 0.032586558044806514], [0.03326293558606125, 0.032586558044806514], [0.05543822597676874, 0.032586558044806514], [0.09609292502639916, 0.016293279022403257], [0.1457233368532207, 0.009164969450101833], [0.2016895459345301, 0.010183299389002037]], "R-Knee": [[-0.034318901795142555, 0.0539714867617108], [-0.04487856388595565, 0.0539714867617108], [-0.03484688489968321, 0.07433808553971487], [-0.023231256599788808, 0.07535641547861507], [-0.010559662090813094, 0.0539714867617108], [0.02164730728616684, 0.07637474541751528], [0.0337909186906019, 0.07637474541751528], [0.09820485744456177, 0.07841140529531568], [0.13833157338965152, 0.07128309572301425], [0.191129883843717, 0.07637474541751528]], "R-Ank": [[-0.034318901795142555, 0.11914460285132383], [-0.0454065469904963, 0.11812627291242363], [-0.056494192185850056, 0.11914460285132383], [-0.04593453009503696, 0.11812627291242363], [-0.011615628299894404, 0.11812627291242363], [-0.0005279831045406547, 0.11914460285132383], [0.0, 0.11914460285132383], [0.06071805702217529, 0.11608961303462322], [0.10190073917634636, 0.0814663951120163], [0.16842661034846884, 0.1395112016293279]], "L-Hip": [[-0.011615628299894404, 0.010183299389002037], [-0.011615628299894404, 0.01120162932790224], [-0.011087645195353749, 0.031568228105906315], [0.0, 0.03054989816700611], [0.022175290390707498, 0.032586558044806514], [0.04487856388595565, 0.05295315682281059], [0.06705385427666315, 0.032586558044806514], [0.10295670538542767, 0.035641547861507125], [0.1536430834213305, 0.024439918533604887], [0.191129883843717, 0.010183299389002037]], "L-Knee": [[-0.010559662090813094, 0.0539714867617108], [-0.0005279831045406547, 0.0539714867617108], [0.008447729672650475, 0.07433808553971487], [0.02164730728616684, 0.054989816700611], [0.03326293558606125, 0.0539714867617108], [0.0559662090813094, 0.07535641547861507], [0.0675818373812038, 0.09674134419551934], [0.10242872228088701, 0.07942973523421588], [0.15997888067581836, 0.07026476578411406], [0.21277719112988383, 0.07535641547861507]], "L-Ank": [[0.0, 0.11914460285132383], [0.0, 0.09877800407331976], [0.0, 0.11914460285132383], [0.011087645195353749, 0.11812627291242363], [0.03326293558606125, 0.09877800407331976], [0.044350580781414996, 0.12016293279022404], [0.04487856388595565, 0.12016293279022404], [0.07286166842661035, 0.1120162932790224], [0.15945089757127773, 0.13441955193482688], [0.16842661034846884, 0.12016293279022404]]}