{"Head": [[0.03326293558606125, -0.054989816700611], [0.0337909186906019, -0.0539714867617108], [0.0337909186906019, -0.0539714867617108], [0.0337909186906019, -0.0539714867617108], [0.03326293558606125, -0.0539714867617108], [0.03326293558606125, -0.03360488798370672], [0.0337909186906019, -0.054989816700611], [0.0781414994720169, -0.07535641547861507], [0.1795142555438226, -0.01120162932790224], [0.30675818373812036, 0.13136456211812628]], "R-Sho": [[0.011087645195353749, -0.012219959266802444], [0.011087645195353749, -0.01120162932790224], [0.011087645195353749, -0.01120162932790224], [0.011087645195353749, -0.01120162932790224], [0.011087645195353749, -0.01120162932790224], [0.0, 0.010183299389002037], [0.011087645195353749, -0.01120162932790224], [0.0559662090813094, -0.012219959266802444], [0.17898627243928195, 0.032586558044806514], [0.2930306230200634, 0.11303462321792261]], "R-Elb": [[-0.0005279831045406547, 0.01120162932790224], [-0.0005279831045406547, 0.031568228105906315], [-0.0005279831045406547, 0.03054989816700611], [-0.0005279831045406547, 0.03054989816700611], [-0.0005279831045406547, 0.031568228105906315], [-0.011615628299894404, 0.03360488798370672], [-0.011087645195353749, 0.031568228105906315], [0.032206969376979935, 0.021384928716904276], [0.20221752903907075, 0.07535641547861507], [0.3199577613516367, 0.10896130346232179]], "R-Wr": [[-0.0005279831045406547, 0.0539714867617108], [-0.0005279831045406547, 0.07433808553971487], [-0.0005279831045406547, 0.07433808553971487], [-0.0005279831045406547, 0.07433808553971487], [-0.0005279831045406547, 0.07433808553971487], [-0.011615628299894404, 0.09572301425661914], [-0.022175290390707498, 0.07535641547861507], [0.02164730728616684, 0.07128309572301425], [0.2238648363252376, 0.09674134419551934], [0.3400211193241816, 0.10896130346232179]], "L-Sho": [[0.044350580781414996, -0.01120162932790224], [0.04487856388595565, -0.01120162932790224], [0.04487856388595565, -0.01120162932790224], [0.044350580781414996, -0.010183299389002037], [0.044350580781414996, -0.010183299389002037], [0.04382259767687434, 0.01120162932790224], [0.044350580781414996, 0.009164969450101833], [0.0897571277719113, -0.01120162932790224], [0.15681098204857444, 0.010183299389002037], [0.30623020063357975, 0.15580448065173116]], "L-Elb": [[0.0454065469904963, 0.031568228105906315], [0.05543822597676874, 0.032586558044806514], [0.05543822597676874, 0.032586558044806514], [0.044350580781414996, 0.03360488798370672], [0.0454065469904963, 0.03360488798370672], [0.0454065469904963, 0.0539714867617108], [0.05543822597676874, 0.05295315682281059], [0.0897571277719113, 0.031568228105906315], [0.1631467793030623, 0.045824847250509164], [0.32682154171066524, 0.15376782077393075]], "L-Wr": [[0.05543822597676874, 0.07433808553971487], [0.05543822597676874, 0.07535641547861507], [0.05543822597676874, 0.07535641547861507], [0.0454065469904963, 0.09572301425661914], [0.05543822597676874, 0.07535641547861507], [0.05543822597676874, 0.09674134419551934], [0.0559662090813094, 0.07637474541751528], [0.0897571277719113, 0.0539714867617108], [0.1842661034846885, 0.06720977596741344], [0.34635691657866946, 0.15682281059063136]], "R-Hip": [[0.011087645195353749, 0.054989816700611], [0.011087645195353749, 0.054989816700611], [0.011087645195353749, 0.054989816700611], [0.0005279831045406547, 0.054989816700611], [0.011087645195353749, 0.07433808553971487], [0.0, 0.07535641547861507], [0.0005279831045406547, 0.054989816700611], [0.05543822597676874, 0.0539714867617108], [0.13463569165786696, 0.09674134419551934], [0.2571277719112988, 0.13441955193482688]], "R-Knee": [[-0.011087645195353749, 0.11914460285132383], [-0.011087645195353749, 0.11914460285132383], [-0.011087645195353749, 0.11914460285132383], [-0.011615628299894404, 0.11914460285132383], [-0.011615628299894404, 0.11914460285132383], [-0.022175290390707498, 0.12016293279022404], [-0.011615628299894404, 0.11914460285132383], [0.0337909186906019, 0.09877800407331976], [0.10137275607180571, 0.11914460285132383], [0.23495248152059134, 0.12729124236252545]], "R-Ank": [[-0.012143611404435059, 0.20468431771894094], [-0.02270327349524815, 0.20468431771894094], [-0.022175290390707498, 0.20468431771894094], [-0.022175290390707498, 0.18533604887983707], [-0.022175290390707498, 0.20468431771894094], [-0.03326293558606125, 0.20468431771894094], [-0.034318901795142555, 0.18431771894093688], [0.022175290390707498, 0.1629327902240326], [0.0781414994720169, 0.18431771894093688], [0.1805702217529039, 0.14663951120162932]], "L-Hip": [[0.03326293558606125, 0.07433808553971487], [0.03484688489968321, 0.06313645621181263], [0.03326293558606125, 0.054989816700611], [0.02270327349524815, 0.07433808553971487], [0.03326293558606125, 0.07433808553971487], [0.03273495248152059, 0.07535641547861507], [0.03326293558606125, 0.07433808553971487], [0.0781414994720169, 0.0539714867617108], [0.146779303062302, 0.08961303462321792], [0.2666314677930306, 0.17311608961303462]], "L-Knee": [[0.0559662090813094, 0.11914460285132383], [0.0559662090813094, 0.11914460285132383], [0.0559662090813094, 0.11914460285132383], [0.0559662090813094, 0.11914460285132383], [0.0559662090813094, 0.11914460285132383], [0.05543822597676874, 0.11914460285132383], [0.0559662090813094, 0.11812627291242363], [0.10084477296726505, 0.09775967413441955], [0.18004223864836325, 0.09775967413441955], [0.24445617740232312, 0.20366598778004075]], "L-Ank": [[0.0559662090813094, 0.20570264765784113], [0.0559662090813094, 0.20468431771894094], [0.0559662090813094, 0.20570264765784113], [0.0559662090813094, 0.20570264765784113], [0.0559662090813094, 0.18533604887983707], [0.05543822597676874, 0.18533604887983707], [0.05543822597676874, 0.20468431771894094], [0.0781414994720169, 0.1629327902240326], [0.18004223864836325, 0.18431771894093688], [0.20116156282998943, 0.1945010183299389]]}