{"Head": [[-0.011087645195353749, -0.09877800407331976], [-0.0010559662090813093, -0.07637474541751528], [0.006863780359028511, -0.03665987780040733], [0.038542766631467794, -0.023421588594704685], [0.07866948257655755, -0.032586558044806514], [0.12302006335797254, -0.03360488798370672], [0.15681098204857444, -0.032586558044806514], [0.22175290390707497, 0.04378818737270876], [0.264519535374868, 0.1079429735234216], [0.0, 0.0]], "R-Sho": [[-0.03326293558606125, -0.054989816700611], [-0.02270327349524815, -0.03360488798370672], [-0.011615628299894404, 0.010183299389002037], [0.011087645195353749, 0.010183299389002037], [0.0559662090813094, 0.009164969450101833], [0.1003167898627244, -0.01120162932790224], [0.14519535374868003, -0.01120162932790224], [0.20010559662090813, 0.04684317718940937], [0.24551214361140444, 0.1109979633401222], [0.0, 0.0]], "R-Elb": [[-0.04487856388595565, 0.010183299389002037], [-0.034318901795142555, 0.03054989816700611], [-0.0337909186906019, 0.05295315682281059], [-0.011087645195353749, 0.032586558044806514], [0.0337909186906019, 0.032586558044806514], [0.06810982048574446, 0.010183299389002037], [0.1119324181626188, -0.01120162932790224], [0.18109820485744457, 0.021384928716904276], [0.21277719112988383, 0.07535641547861507], [0.0, 0.0]], "R-Wr": [[-0.0454065469904963, 0.07535641547861507], [-0.0454065469904963, 0.07637474541751528], [-0.0454065469904963, 0.09674134419551934], [-0.011615628299894404, 0.07535641547861507], [0.02270327349524815, 0.07535641547861507], [0.0559662090813094, 0.031568228105906315], [0.06705385427666315, -0.01120162932790224], [0.16948257655755017, -0.034623217922606926], [0.23495248152059134, 0.04684317718940937], [0.0, 0.0]], "L-Sho": [[0.011087645195353749, -0.054989816700611], [0.02006335797254488, -0.032586558044806514], [0.032206969376979935, 0.012219959266802444], [0.061246040126715945, 0.023421588594704685], [0.09028511087645195, 0.01120162932790224], [0.13463569165786696, 0.010183299389002037], [0.1795142555438226, 0.031568228105906315], [0.235480464625132, 0.09979633401221996], [0.26715945089757126, 0.15682281059063136], [0.0, 0.0]], "L-Elb": [[0.022175290390707498, 0.010183299389002037], [0.03273495248152059, 0.01120162932790224], [0.0337909186906019, 0.0539714867617108], [0.073389651531151, 0.07942973523421588], [0.10137275607180571, 0.07433808553971487], [0.15681098204857444, 0.0539714867617108], [0.191129883843717, 0.054989816700611], [0.25343189017951423, 0.15784114052953158], [0.2740232312565998, 0.2158859470468432], [0.0, 0.0]], "L-Wr": [[0.022175290390707498, 0.0539714867617108], [0.022175290390707498, 0.0539714867617108], [0.0454065469904963, 0.11812627291242363], [0.0850052798310454, 0.13034623217922606], [0.1119324181626188, 0.09775967413441955], [0.1678986272439282, 0.07535641547861507], [0.21277719112988383, 0.07637474541751528], [0.2808870116156283, 0.21181262729124237], [0.28511087645195354, 0.24338085539714868], [0.0, 0.0]], "R-Hip": [[-0.02270327349524815, 0.05295315682281059], [-0.011615628299894404, 0.0539714867617108], [-0.0010559662090813093, 0.07637474541751528], [0.011087645195353749, 0.09775967413441955], [0.0337909186906019, 0.07637474541751528], [0.0781414994720169, 0.07535641547861507], [0.11246040126715945, 0.07739307535641547], [0.16684266103484688, 0.13441955193482688], [0.20380147835269272, 0.17311608961303462], [0.0, 0.0]], "R-Knee": [[-0.034318901795142555, 0.11914460285132383], [-0.0337909186906019, 0.11914460285132383], [-0.0337909186906019, 0.14052953156822812], [-0.011615628299894404, 0.14052953156822812], [0.01003167898627244, 0.14052953156822812], [0.034318901795142555, 0.11914460285132383], [0.0781414994720169, 0.11914460285132383], [0.12513199577613515, 0.1446028513238289], [0.1678986272439282, 0.1690427698574338], [0.0, 0.0]], "R-Ank": [[-0.04487856388595565, 0.20570264765784113], [-0.034318901795142555, 0.20570264765784113], [-0.034318901795142555, 0.22708757637474541], [-0.0337909186906019, 0.18533604887983707], [-0.02270327349524815, 0.18431771894093688], [-0.0005279831045406547, 0.18431771894093688], [0.03326293558606125, 0.1629327902240326], [0.07972544878563886, 0.17820773930753564], [0.11985216473072861, 0.1934826883910387], [0.0, 0.0]], "L-Hip": [[0.0005279831045406547, 0.0539714867617108], [0.011087645195353749, 0.0560081466395112], [0.01689545934530095, 0.08044806517311609], [0.03907074973600845, 0.09877800407331976], [0.05438225976768744, 0.09164969450101833], [0.10401267159450897, 0.10183299389002037], [0.13463569165786696, 0.11914460285132383], [0.18215417106652587, 0.17922606924643583], [0.2238648363252376, 0.21079429735234215], [0.0, 0.0]], "L-Knee": [[0.010559662090813094, 0.12016293279022404], [0.011087645195353749, 0.11914460285132383], [0.03167898627243928, 0.1109979633401222], [0.044350580781414996, 0.14052953156822812], [0.0559662090813094, 0.1415478615071283], [0.0675818373812038, 0.16191446028513237], [0.1119324181626188, 0.1629327902240326], [0.1969376979936642, 0.2189409368635438], [0.25448785638859556, 0.24236252545824846], [0.0, 0.0]], "L-Ank": [[0.01003167898627244, 0.20672097759674135], [0.0005279831045406547, 0.20570264765784113], [0.010559662090813094, 0.18533604887983707], [0.022175290390707498, 0.20570264765784113], [0.022175290390707498, 0.20672097759674135], [0.03326293558606125, 0.20672097759674135], [0.10084477296726505, 0.18431771894093688], [0.14994720168954592, 0.23116089613034624], [0.20802534318901794, 0.23523421588594703], [0.0, 0.0]]}