{"Head": [[-0.0005279831045406547, -0.010183299389002037], [-0.0005279831045406547, 0.009164969450101833], [-0.0005279831045406547, 0.010183299389002037], [-0.0005279831045406547, 0.010183299389002037], [-0.023231256599788808, -0.01120162932790224], [-0.056494192185850056, -0.01120162932790224], [-0.11298838437170011, 0.009164969450101833], [-0.15786694825765576, -0.03360488798370672], [-0.22544878563885956, -0.032586558044806514], [-0.2697993664202746, -0.07535641547861507]], "R-Sho": [[-0.023231256599788808, 0.032586558044806514], [-0.023231256599788808, 0.031568228105906315], [-0.02270327349524815, 0.031568228105906315], [-0.023231256599788808, 0.032586558044806514], [-0.0454065469904963, 0.05295315682281059], [-0.0791974656810982, 0.032586558044806514], [-0.13463569165786696, 0.0539714867617108], [-0.1795142555438226, 0.01120162932790224], [-0.23600844772967264, 0.010183299389002037], [-0.28141499472016895, -0.01120162932790224]], "R-Elb": [[-0.04487856388595565, 0.07433808553971487], [-0.0454065469904963, 0.07433808553971487], [-0.04487856388595565, 0.07433808553971487], [-0.0454065469904963, 0.07433808553971487], [-0.056494192185850056, 0.09674134419551934], [-0.10506863780359028, 0.06720977596741344], [-0.1351636747624076, 0.09775967413441955], [-0.2016895459345301, 0.06109979633401222], [-0.2470960929250264, 0.0539714867617108], [-0.2808870116156283, 0.031568228105906315]], "R-Wr": [[-0.04487856388595565, 0.11914460285132383], [-0.04487856388595565, 0.11812627291242363], [-0.04487856388595565, 0.11710794297352342], [-0.04487856388595565, 0.11914460285132383], [-0.0559662090813094, 0.11914460285132383], [-0.0955649419218585, 0.09775967413441955], [-0.1351636747624076, 0.14052953156822812], [-0.22175290390707497, 0.11303462321792261], [-0.2587117212249208, 0.09775967413441955], [-0.28141499472016895, 0.08655804480651731]], "L-Sho": [[0.011087645195353749, 0.032586558044806514], [0.011087645195353749, 0.032586558044806514], [0.011087645195353749, 0.032586558044806514], [0.011087645195353749, 0.03360488798370672], [-0.011615628299894404, 0.032586558044806514], [-0.04487856388595565, 0.032586558044806514], [-0.10137275607180571, 0.05295315682281059], [-0.14625131995776136, 0.010183299389002037], [-0.20274551214361142, -0.01120162932790224], [-0.25818373812038015, -0.031568228105906315]], "L-Elb": [[0.011087645195353749, 0.07637474541751528], [0.011087645195353749, 0.07637474541751528], [0.011087645195353749, 0.07637474541751528], [0.011087645195353749, 0.09674134419551934], [0.0, 0.07535641547861507], [-0.034318901795142555, 0.07535641547861507], [-0.08553326293558607, 0.06517311608961303], [-0.12407602956705385, 0.032586558044806514], [-0.191129883843717, 0.03054989816700611], [-0.23600844772967264, 0.010183299389002037]], "L-Wr": [[0.011087645195353749, 0.12016293279022404], [0.011087645195353749, 0.12016293279022404], [0.011087645195353749, 0.11914460285132383], [0.011087645195353749, 0.12016293279022404], [0.0, 0.11812627291242363], [-0.034318901795142555, 0.11812627291242363], [-0.07391763463569166, 0.0855397148676171], [-0.11404435058078141, 0.04175152749490835], [-0.20221752903907075, 0.031568228105906315], [-0.22544878563885956, 0.024439918533604887]], "R-Hip": [[-0.023231256599788808, 0.09775967413441955], [-0.023231256599788808, 0.09674134419551934], [-0.023231256599788808, 0.09674134419551934], [-0.023231256599788808, 0.09877800407331976], [-0.034318901795142555, 0.11914460285132383], [-0.06810982048574446, 0.11812627291242363], [-0.11034846884899684, 0.12423625254582485], [-0.16842661034846884, 0.09775967413441955], [-0.22597676874340022, 0.09674134419551934], [-0.2655755015839493, 0.06517311608961303]], "R-Knee": [[-0.0454065469904963, 0.1415478615071283], [-0.04487856388595565, 0.1415478615071283], [-0.04487856388595565, 0.14052953156822812], [-0.0454065469904963, 0.16089613034623218], [-0.056494192185850056, 0.1415478615071283], [-0.0945089757127772, 0.14663951120162932], [-0.1351636747624076, 0.1425661914460285], [-0.16842661034846884, 0.14052953156822812], [-0.23600844772967264, 0.1415478615071283], [-0.2819429778247096, 0.11914460285132383]], "R-Ank": [[-0.0559662090813094, 0.22708757637474541], [-0.056494192185850056, 0.22708757637474541], [-0.0559662090813094, 0.22708757637474541], [-0.0559662090813094, 0.22810590631364563], [-0.0559662090813094, 0.22708757637474541], [-0.07866948257655755, 0.22708757637474541], [-0.12407602956705385, 0.22810590631364563], [-0.13569165786694826, 0.20570264765784113], [-0.23600844772967264, 0.22708757637474541], [-0.2925026399155227, 0.20570264765784113]], "L-Hip": [[-0.0005279831045406547, 0.09775967413441955], [-0.0005279831045406547, 0.09775967413441955], [-0.0005279831045406547, 0.09775967413441955], [0.0, 0.11812627291242363], [-0.011615628299894404, 0.11812627291242363], [-0.0559662090813094, 0.11812627291242363], [-0.0908130939809926, 0.11914460285132383], [-0.14625131995776136, 0.09674134419551934], [-0.2133051742344245, 0.09572301425661914], [-0.25818373812038015, 0.07535641547861507]], "L-Knee": [[0.011615628299894404, 0.1415478615071283], [0.011615628299894404, 0.16089613034623218], [0.011615628299894404, 0.1415478615071283], [0.02164730728616684, 0.16191446028513237], [0.010559662090813094, 0.1415478615071283], [-0.0337909186906019, 0.14052953156822812], [-0.0675818373812038, 0.1629327902240326], [-0.12407602956705385, 0.14052953156822812], [-0.21277719112988383, 0.1415478615071283], [-0.2365364308342133, 0.14052953156822812]], "L-Ank": [[0.022175290390707498, 0.22810590631364563], [0.022175290390707498, 0.22810590631364563], [0.022175290390707498, 0.22810590631364563], [0.022175290390707498, 0.22810590631364563], [0.02270327349524815, 0.22708757637474541], [-0.034318901795142555, 0.20773930753564154], [-0.056494192185850056, 0.22708757637474541], [-0.12407602956705385, 0.22708757637474541], [-0.21383315733896516, 0.20672097759674135], [-0.23600844772967264, 0.20672097759674135]]}