{"Head": [[0.03273495248152059, -0.03360488798370672], [0.03326293558606125, -0.03360488798370672], [0.011087645195353749, -0.034623217922606926], [-0.02270327349524815, -0.07637474541751528], [-0.06705385427666315, -0.0539714867617108], [-0.11087645195353749, -0.04989816700610998], [-0.16473072861668428, 0.006109979633401222], [-0.2365364308342133, 0.11710794297352342], [-0.2787750791974657, 0.1629327902240326], [0.0, 0.0]], "R-Sho": [[0.010559662090813094, -0.01120162932790224], [0.010559662090813094, -0.01120162932790224], [-0.011087645195353749, -0.010183299389002037], [-0.04487856388595565, -0.03360488798370672], [-0.07866948257655755, -0.010183299389002037], [-0.12988384371700107, -0.023421588594704685], [-0.18004223864836325, 0.05295315682281059], [-0.23600844772967264, 0.1629327902240326], [-0.25607180570221755, 0.18533604887983707], [0.0, 0.0]], "R-Elb": [[-0.0005279831045406547, 0.012219959266802444], [-0.010559662090813094, 0.03054989816700611], [-0.02270327349524815, 0.031568228105906315], [-0.0675818373812038, -0.032586558044806514], [-0.07972544878563886, 0.05295315682281059], [-0.15892291446673706, -0.02240325865580448], [-0.21119324181626187, 0.062118126272912425], [-0.22808870116156282, 0.18533604887983707], [-0.235480464625132, 0.18635437881873726], [0.0, 0.0]], "R-Wr": [[-0.0005279831045406547, 0.0539714867617108], [-0.0005279831045406547, 0.0539714867617108], [-0.048574445617740235, 0.06517311608961303], [-0.07708553326293559, 0.006109979633401222], [-0.06705385427666315, 0.07433808553971487], [-0.14149947201689547, 0.002036659877800407], [-0.2286166842661035, 0.062118126272912425], [-0.21488912354804646, 0.17820773930753564], [-0.2133051742344245, 0.18635437881873726], [0.0, 0.0]], "L-Sho": [[0.04276663146779303, -0.013238289205702648], [0.0337909186906019, 0.009164969450101833], [0.02481520591341077, -0.003054989816700611], [-0.008447729672650475, -0.03767820773930754], [-0.04593453009503696, -0.01120162932790224], [-0.0955649419218585, -0.009164969450101833], [-0.1573389651531151, 0.03360488798370672], [-0.21436114044350582, 0.14052953156822812], [-0.26293558606124606, 0.14358452138492872], [0.0, 0.0]], "L-Elb": [[0.044350580781414996, 0.032586558044806514], [0.04382259767687434, 0.032586558044806514], [0.03273495248152059, 0.032586558044806514], [-0.0005279831045406547, 0.009164969450101833], [-0.0454065469904963, 0.032586558044806514], [-0.07866948257655755, -0.010183299389002037], [-0.1341077085533263, 0.032586558044806514], [-0.20221752903907075, 0.13034623217922606], [-0.2412882787750792, 0.12729124236252545], [0.0, 0.0]], "L-Wr": [[0.044350580781414996, 0.07535641547861507], [0.044350580781414996, 0.07535641547861507], [0.0337909186906019, 0.07433808553971487], [-0.0010559662090813093, 0.031568228105906315], [-0.0454065469904963, 0.054989816700611], [-0.06335797254487856, -0.0050916496945010185], [-0.10295670538542767, -0.003054989816700611], [-0.19060190073917635, 0.18329938900203666], [-0.2212249208025343, 0.15580448065173116], [0.0, 0.0]], "R-Hip": [[0.010559662090813094, 0.0539714867617108], [0.0005279831045406547, 0.0539714867617108], [-0.0005279831045406547, 0.07535641547861507], [-0.034318901795142555, 0.032586558044806514], [-0.06810982048574446, 0.07535641547861507], [-0.12038014783526928, 0.0560081466395112], [-0.16367476240760295, 0.1120162932790224], [-0.2006335797254488, 0.1670061099796334], [-0.22703273495248152, 0.164969450101833], [0.0, 0.0]], "R-Knee": [[-0.011087645195353749, 0.09775967413441955], [-0.011087645195353749, 0.09775967413441955], [-0.011087645195353749, 0.11914460285132383], [-0.04487856388595565, 0.09674134419551934], [-0.09978880675818373, 0.10386965376782077], [-0.13463569165786696, 0.09775967413441955], [-0.16420274551214362, 0.18228105906313646], [-0.1747624076029567, 0.18126272912423624], [-0.17634635691657866, 0.1659877800407332], [0.0, 0.0]], "R-Ank": [[-0.011615628299894404, 0.1629327902240326], [-0.011615628299894404, 0.1629327902240326], [-0.011087645195353749, 0.1629327902240326], [-0.034318901795142555, 0.1415478615071283], [-0.10242872228088701, 0.17515274949083504], [-0.11246040126715945, 0.1629327902240326], [-0.1293558606124604, 0.18024439918533605], [-0.14730728616684266, 0.17413441955193482], [-0.13938753959873285, 0.1690427698574338], [0.0, 0.0]], "L-Hip": [[0.02270327349524815, 0.054989816700611], [0.022175290390707498, 0.054989816700611], [0.02164730728616684, 0.07535641547861507], [-0.022175290390707498, 0.03360488798370672], [-0.056494192185850056, 0.07535641547861507], [-0.10137275607180571, 0.05295315682281059], [-0.13885955649419218, 0.1120162932790224], [-0.19376979936642028, 0.14052953156822812], [-0.22280887011615627, 0.11303462321792261], [0.0, 0.0]], "L-Knee": [[0.044350580781414996, 0.09775967413441955], [0.04487856388595565, 0.09775967413441955], [0.0337909186906019, 0.09775967413441955], [-0.0010559662090813093, 0.07535641547861507], [-0.04487856388595565, 0.09775967413441955], [-0.0675818373812038, 0.09674134419551934], [-0.1235480464625132, 0.11914460285132383], [-0.16156282998944033, 0.10488798370672098], [-0.20485744456177402, 0.07331975560081466], [0.0, 0.0]], "L-Ank": [[0.044350580781414996, 0.1629327902240326], [0.04487856388595565, 0.1629327902240326], [0.04487856388595565, 0.1629327902240326], [-0.011615628299894404, 0.14052953156822812], [-0.04487856388595565, 0.1629327902240326], [-0.0337909186906019, 0.12423625254582485], [-0.08130939809926083, 0.1690427698574338], [-0.11826821541710665, 0.11914460285132383], [-0.1726504751847941, 0.04073319755600815], [0.0, 0.0]]}