{"Head": [[-0.0010559662090813093, -0.1364562118126273], [-0.006335797254487857, -0.11608961303462322], [-0.02006335797254488, -0.09877800407331976], [-0.0337909186906019, -0.07433808553971487], [-0.0617740232312566, -0.0845213849287169], [-0.08289334741288279, -0.05702647657841141], [-0.09926082365364308, -0.03054989816700611], [-0.10876451953537487, -0.006109979633401222], [-0.12038014783526928, 0.020366598778004074], [0.0, 0.0]], "R-Sho": [[-0.007391763463569166, -0.11812627291242363], [-0.013199577613516367, -0.10285132382892057], [-0.02481520591341077, -0.07739307535641547], [-0.0395987328405491, -0.05091649694501019], [-0.06810982048574446, -0.04684317718940937], [-0.0839493136219641, -0.03665987780040733], [-0.09978880675818373, -0.009164969450101833], [-0.10770855332629356, 0.016293279022403257], [-0.11457233368532208, 0.04276985743380855], [0.0, 0.0]], "R-Elb": [[-0.012671594508975714, -0.09877800407331976], [-0.02006335797254488, -0.0845213849287169], [-0.030623020063357972, -0.06008146639511202], [-0.04487856388595565, -0.034623217922606926], [-0.0675818373812038, -0.0274949083503055], [-0.09186906019007392, -0.014256619144602852], [-0.11246040126715945, 0.0010183299389002036], [-0.11615628299894404, 0.0274949083503055], [-0.11615628299894404, 0.06720977596741344], [0.0, 0.0]], "R-Wr": [[-0.017423442449841606, -0.07739307535641547], [-0.024287222808870117, -0.06720977596741344], [-0.03748680042238648, -0.035641547861507125], [-0.0501583949313622, -0.008146639511201629], [-0.07180570221752904, 0.0010183299389002036], [-0.10401267159450897, 0.003054989816700611], [-0.1282998944033791, 0.009164969450101833], [-0.133051742344245, 0.03665987780040733], [-0.12565997888067582, 0.06822810590631365], [0.0, 0.0]], "L-Sho": [[0.00897571277719113, -0.1120162932790224], [0.0021119324181626186, -0.09877800407331976], [-0.01003167898627244, -0.0835030549898167], [-0.023231256599788808, -0.0539714867617108], [-0.0501583949313622, -0.06313645621181263], [-0.06863780359028511, -0.06008146639511202], [-0.08447729672650475, -0.038696537678207736], [-0.09820485744456177, -0.012219959266802444], [-0.10982048574445617, 0.024439918533604887], [0.0, 0.0]], "L-Elb": [[0.011615628299894404, -0.08859470468431772], [0.00897571277719113, -0.07739307535641547], [-0.0026399155227032735, -0.06517311608961303], [-0.01795142555438226, -0.03767820773930754], [-0.04065469904963041, -0.04378818737270876], [-0.05227032734952482, -0.054989816700611], [-0.06546990496304118, -0.034623217922606926], [-0.0897571277719113, 0.007128309572301426], [-0.10084477296726505, 0.04480651731160896], [0.0, 0.0]], "L-Wr": [[0.013727560718057022, -0.06822810590631365], [0.012671594508975714, -0.05702647657841141], [0.004751847940865892, -0.048879837067209775], [-0.009503695881731784, -0.021384928716904276], [-0.03009503695881732, -0.029531568228105907], [-0.030623020063357972, -0.05091649694501019], [-0.04593453009503696, -0.028513238289205704], [-0.11298838437170011, 0.013238289205702648], [-0.13463569165786696, 0.05804480651731161], [0.0, 0.0]], "R-Hip": [[-0.005279831045406547, -0.0824847250509165], [-0.008447729672650475, -0.07128309572301425], [-0.017423442449841606, -0.0560081466395112], [-0.030623020063357972, -0.026476578411405296], [-0.05438225976768744, -0.031568228105906315], [-0.05755015839493136, -0.012219959266802444], [-0.07022175290390707, 0.003054989816700611], [-0.0781414994720169, 0.0274949083503055], [-0.0850052798310454, 0.051934826883910386], [0.0, 0.0]], "R-Knee": [[-0.006335797254487857, -0.04480651731160896], [-0.01003167898627244, -0.04786150712830957], [-0.018479408658922915, -0.0274949083503055], [-0.0279831045406547, -0.0010183299389002036], [-0.0454065469904963, -0.007128309572301426], [-0.04118268215417107, 0.018329938900203666], [-0.04804646251319958, 0.021384928716904276], [-0.0501583949313622, 0.031568228105906315], [-0.061246040126715945, 0.05091649694501019], [0.0, 0.0]], "R-Ank": [[-0.00791974656810982, -0.007128309572301426], [-0.010559662090813094, -0.024439918533604887], [-0.01689545934530095, -0.0050916496945010185], [-0.025343189017951427, 0.021384928716904276], [-0.03537486800422387, 0.0274949083503055], [-0.025343189017951427, 0.03665987780040733], [-0.02164730728616684, 0.03054989816700611], [-0.030623020063357972, 0.031568228105906315], [-0.02587117212249208, 0.03971486761710794], [0.0, 0.0]], "L-Hip": [[0.003695881731784583, -0.07637474541751528], [-0.0005279831045406547, -0.07128309572301425], [-0.01003167898627244, -0.05804480651731161], [-0.02006335797254488, -0.029531568228105907], [-0.046462513199577615, -0.034623217922606926], [-0.04751847940865892, -0.023421588594704685], [-0.06282998944033791, -0.013238289205702648], [-0.07708553326293559, 0.008146639511201629], [-0.08078141499472016, 0.03054989816700611], [0.0, 0.0]], "L-Knee": [[0.00791974656810982, -0.051934826883910386], [0.004751847940865892, -0.048879837067209775], [-0.004751847940865892, -0.029531568228105907], [-0.014783526927138331, -0.010183299389002037], [-0.031151003167898626, -0.016293279022403257], [-0.03167898627243928, -0.002036659877800407], [-0.044350580781414996, -0.008146639511201629], [-0.05438225976768744, 0.009164969450101833], [-0.06335797254487856, 0.025458248472505093], [0.0, 0.0]], "L-Ank": [[0.011615628299894404, -0.016293279022403257], [0.01003167898627244, -0.020366598778004074], [0.0010559662090813093, -0.008146639511201629], [-0.003695881731784583, 0.009164969450101833], [-0.00897571277719113, 0.014256619144602852], [-0.006863780359028511, 0.017311608961303463], [-0.01583949313621964, -0.006109979633401222], [-0.03484688489968321, 0.013238289205702648], [-0.03009503695881732, 0.013238289205702648], [0.0, 0.0]]}