{"Head": [[0.010559662090813094, -0.09877800407331976], [0.011087645195353749, -0.07739307535641547], [0.02164730728616684, -0.07739307535641547], [0.022175290390707498, -0.07739307535641547], [0.04382259767687434, -0.054989816700611], [0.0559662090813094, -0.054989816700611], [0.06810982048574446, -0.07535641547861507], [0.07866948257655755, -0.07637474541751528], [0.0908130939809926, -0.062118126272912425], [0.11510031678986272, -0.05702647657841141]], "R-Sho": [[-0.0005279831045406547, -0.09775967413441955], [-0.0005279831045406547, -0.07739307535641547], [0.010559662090813094, -0.07535641547861507], [0.013727560718057022, -0.06109979633401222], [0.03273495248152059, -0.054989816700611], [0.034318901795142555, -0.034623217922606926], [0.056494192185850056, -0.0539714867617108], [0.0675818373812038, -0.054989816700611], [0.07866948257655755, -0.03360488798370672], [0.10084477296726505, -0.03360488798370672]], "R-Elb": [[-0.011087645195353749, -0.0560081466395112], [-0.0005279831045406547, -0.054989816700611], [0.009503695881731784, -0.04276985743380855], [0.009503695881731784, -0.04175152749490835], [0.022175290390707498, -0.032586558044806514], [0.0337909186906019, -0.01120162932790224], [0.04487856388595565, -0.032586558044806514], [0.06705385427666315, -0.032586558044806514], [0.0781414994720169, -0.01120162932790224], [0.0897571277719113, -0.010183299389002037]], "R-Wr": [[-0.009503695881731784, -0.028513238289205704], [0.0, -0.03360488798370672], [0.0005279831045406547, -0.031568228105906315], [0.011087645195353749, -0.013238289205702648], [0.03273495248152059, -0.01120162932790224], [0.034318901795142555, 0.010183299389002037], [0.038542766631467794, -0.012219959266802444], [0.0675818373812038, -0.013238289205702648], [0.07866948257655755, 0.010183299389002037], [0.09239704329461457, 0.018329938900203666]], "L-Sho": [[0.022175290390707498, -0.09775967413441955], [0.02375923970432946, -0.06415478615071284], [0.03326293558606125, -0.07535641547861507], [0.0337909186906019, -0.07637474541751528], [0.05543822597676874, -0.054989816700611], [0.06705385427666315, -0.03360488798370672], [0.07866948257655755, -0.0539714867617108], [0.0897571277719113, -0.054989816700611], [0.11140443505807814, -0.031568228105906315], [0.1235480464625132, -0.03360488798370672]], "L-Elb": [[0.03273495248152059, -0.07535641547861507], [0.03273495248152059, -0.048879837067209775], [0.034318901795142555, -0.03360488798370672], [0.04487856388595565, -0.054989816700611], [0.06335797254487856, -0.0274949083503055], [0.06705385427666315, -0.01120162932790224], [0.0897571277719113, -0.031568228105906315], [0.10084477296726505, -0.03360488798370672], [0.117740232312566, -0.007128309572301426], [0.1341077085533263, -0.01120162932790224]], "L-Wr": [[0.03273495248152059, -0.03360488798370672], [0.03273495248152059, -0.032586558044806514], [0.04382259767687434, -0.020366598778004074], [0.05438225976768744, -0.034623217922606926], [0.06705385427666315, -0.012219959266802444], [0.06705385427666315, 0.010183299389002037], [0.0945089757127772, 0.010183299389002037], [0.11140443505807814, -0.012219959266802444], [0.1246040126715945, 0.02240325865580448], [0.13357972544878563, 0.015274949083503055]], "R-Hip": [[0.0, -0.03360488798370672], [0.010559662090813094, -0.03360488798370672], [0.011087645195353749, -0.012219959266802444], [0.022175290390707498, -0.012219959266802444], [0.0337909186906019, -0.01120162932790224], [0.044350580781414996, 0.009164969450101833], [0.06705385427666315, 0.010183299389002037], [0.0781414994720169, 0.010183299389002037], [0.0897571277719113, 0.010183299389002037], [0.10137275607180571, 0.031568228105906315]], "R-Knee": [[-0.0005279831045406547, 0.010183299389002037], [-0.0005279831045406547, 0.01120162932790224], [0.0, 0.03054989816700611], [0.010559662090813094, 0.031568228105906315], [0.022175290390707498, 0.031568228105906315], [0.03273495248152059, 0.05295315682281059], [0.04487856388595565, 0.0539714867617108], [0.06705385427666315, 0.05295315682281059], [0.0781414994720169, 0.0539714867617108], [0.09028511087645195, 0.07535641547861507]], "R-Ank": [[-0.011615628299894404, 0.07433808553971487], [-0.011087645195353749, 0.07535641547861507], [-0.011087645195353749, 0.07535641547861507], [-0.011087645195353749, 0.07535641547861507], [0.011615628299894404, 0.07535641547861507], [0.011087645195353749, 0.09674134419551934], [0.03273495248152059, 0.09674134419551934], [0.0665258711721225, 0.09674134419551934], [0.0781414994720169, 0.11914460285132383], [0.08870116156282999, 0.11914460285132383]], "L-Hip": [[0.022175290390707498, -0.03360488798370672], [0.022175290390707498, -0.03360488798370672], [0.030623020063357972, -0.007128309572301426], [0.0337909186906019, -0.012219959266802444], [0.05543822597676874, -0.01120162932790224], [0.056494192185850056, -0.010183299389002037], [0.07866948257655755, 0.010183299389002037], [0.1003167898627244, 0.009164969450101833], [0.10084477296726505, 0.010183299389002037], [0.12143611404435058, 0.034623217922606926]], "L-Knee": [[0.02270327349524815, 0.010183299389002037], [0.03273495248152059, 0.010183299389002037], [0.038542766631467794, 0.029531568228105907], [0.04487856388595565, 0.03054989816700611], [0.056494192185850056, 0.031568228105906315], [0.0675818373812038, 0.032586558044806514], [0.08922914466737064, 0.05295315682281059], [0.10084477296726505, 0.05295315682281059], [0.1119324181626188, 0.0539714867617108], [0.12407602956705385, 0.07535641547861507]], "L-Ank": [[0.0337909186906019, 0.07433808553971487], [0.0337909186906019, 0.07535641547861507], [0.0337909186906019, 0.07535641547861507], [0.044350580781414996, 0.07535641547861507], [0.06705385427666315, 0.07535641547861507], [0.0781414994720169, 0.07637474541751528], [0.07866948257655755, 0.09775967413441955], [0.09028511087645195, 0.09775967413441955], [0.11246040126715945, 0.11812627291242363], [0.13463569165786696, 0.12016293279022404]]}