{"Head": [[-0.057022175290390706, 0.0050916496945010185], [-0.09926082365364308, 0.017311608961303463], [-0.12407602956705385, 0.01120162932790224], [-0.16420274551214362, 0.028513238289205704], [-0.191129883843717, 0.05295315682281059], [-0.24762407602956704, 0.11914460285132383], [-0.2666314677930306, 0.1425661914460285], [-0.29039070749736007, 0.14663951120162932], [-0.31414994720168954, 0.16191446028513237], [-0.32840549102428723, 0.1354378818737271]], "R-Sho": [[-0.07602956705385427, 0.048879837067209775], [-0.10770855332629356, 0.06517311608961303], [-0.1351636747624076, 0.07433808553971487], [-0.18004223864836325, 0.07637474541751528], [-0.20538542766631468, 0.1109979633401222], [-0.24551214361140444, 0.1659877800407332], [-0.27085533262935585, 0.18228105906313646], [-0.29091869060190073, 0.18839103869653767], [-0.30306230200633577, 0.18431771894093688], [-0.31573389651531153, 0.18533604887983707]], "R-Elb": [[-0.08553326293558607, 0.09470468431771895], [-0.10823653643083421, 0.12016293279022404], [-0.14149947201689547, 0.12118126272912423], [-0.20274551214361142, 0.14052953156822812], [-0.2286166842661035, 0.15478615071283094], [-0.25343189017951423, 0.20672097759674135], [-0.2740232312565998, 0.23014256619144602], [-0.2877507919746568, 0.23625254582484725], [-0.2925026399155227, 0.22708757637474541], [-0.30359028511087643, 0.20773930753564154]], "R-Wr": [[-0.07972544878563886, 0.12321792260692464], [-0.10929250263991552, 0.159877800407332], [-0.14361140443505807, 0.16395112016293278], [-0.21383315733896516, 0.18533604887983707], [-0.24973600844772967, 0.20773930753564154], [-0.2692713833157339, 0.2515274949083503], [-0.27771911298838436, 0.2556008146639511], [-0.28722280887011614, 0.26171079429735233], [-0.2819429778247096, 0.24745417515274948], [-0.3041182682154171, 0.2484725050916497]], "L-Sho": [[-0.025343189017951427, 0.026476578411405296], [-0.07127771911298839, 0.029531568228105907], [-0.10137275607180571, 0.032586558044806514], [-0.14625131995776136, 0.032586558044806514], [-0.1700105596620908, 0.05804480651731161], [-0.21277719112988383, 0.1079429735234216], [-0.2375923970432946, 0.1395112016293279], [-0.26293558606124606, 0.15376782077393075], [-0.2808870116156283, 0.16191446028513237], [-0.30306230200633577, 0.1415478615071283]], "L-Elb": [[-0.00897571277719113, 0.0560081466395112], [-0.06230200633579725, 0.06720977596741344], [-0.0897571277719113, 0.0539714867617108], [-0.12302006335797254, 0.032586558044806514], [-0.12724392819429778, 0.062118126272912425], [-0.19165786694825765, 0.1120162932790224], [-0.20380147835269272, 0.14969450101832993], [-0.24181626187961985, 0.19144602851323828], [-0.2703273495248152, 0.20672097759674135], [-0.2930306230200634, 0.20672097759674135]], "L-Wr": [[0.008447729672650475, 0.08961303462321792], [-0.05438225976768744, 0.09775967413441955], [-0.07497360084477296, 0.07433808553971487], [-0.09028511087645195, 0.0539714867617108], [-0.10084477296726505, 0.062118126272912425], [-0.1610348468848997, 0.11507128309572301], [-0.20908130939809927, 0.17820773930753564], [-0.2703273495248152, 0.22810590631364563], [-0.2925026399155227, 0.2484725050916497], [-0.3146779303062302, 0.2494908350305499]], "R-Hip": [[-0.050686378035902854, 0.11507128309572301], [-0.07497360084477296, 0.11608961303462322], [-0.08711721224920803, 0.13747454175152748], [-0.12407602956705385, 0.14052953156822812], [-0.14889123548046462, 0.16395112016293278], [-0.18743400211193242, 0.20468431771894094], [-0.2133051742344245, 0.2209775967413442], [-0.25343189017951423, 0.21690427698574338], [-0.26399155227032733, 0.23828920570264767], [-0.2697993664202746, 0.22810590631364563]], "R-Knee": [[-0.044350580781414996, 0.17718940936863545], [-0.0559662090813094, 0.18635437881873726], [-0.07655755015839494, 0.17820773930753564], [-0.10137275607180571, 0.18431771894093688], [-0.11246040126715945, 0.20366598778004075], [-0.18268215417106654, 0.23217922606924643], [-0.21805702217529038, 0.2515274949083503], [-0.26504751847940866, 0.2525458248472505], [-0.28511087645195354, 0.2606924643584521], [-0.30306230200633577, 0.26171079429735233]], "R-Ank": [[-0.011087645195353749, 0.2505091649694501], [-0.03273495248152059, 0.23421588594704684], [-0.02481520591341077, 0.22810590631364563], [-0.03484688489968321, 0.22810590631364563], [-0.07180570221752904, 0.20977596741344195], [-0.12988384371700107, 0.22708757637474541], [-0.1737064413938754, 0.2535641547861507], [-0.20010559662090813, 0.2484725050916497], [-0.23442449841605068, 0.26272912423625255], [-0.2539598732840549, 0.2576374745417515]], "L-Hip": [[-0.029567053854276663, 0.11710794297352342], [-0.061246040126715945, 0.10896130346232179], [-0.07127771911298839, 0.1079429735234216], [-0.11140443505807814, 0.1120162932790224], [-0.13780359028511088, 0.11710794297352342], [-0.17634635691657866, 0.15885947046843177], [-0.20380147835269272, 0.19959266802443992], [-0.23389651531151004, 0.1955193482688391], [-0.2470960929250264, 0.22708757637474541], [-0.25818373812038015, 0.20672097759674135]], "L-Knee": [[-0.005807814149947202, 0.16395112016293278], [-0.019535374868004225, 0.14969450101832993], [-0.030623020063357972, 0.1415478615071283], [-0.0723336853220697, 0.11507128309572301], [-0.09609292502639916, 0.12219959266802444], [-0.146779303062302, 0.15274949083503056], [-0.1573389651531151, 0.17413441955193482], [-0.19482576557550157, 0.18533604887983707], [-0.20485744456177402, 0.1975560081466395], [-0.23812038014783526, 0.2158859470468432]], "L-Ank": [[0.01689545934530095, 0.21181262729124237], [0.0005279831045406547, 0.20875763747454176], [0.0026399155227032735, 0.1975560081466395], [-0.02481520591341077, 0.14765784114052954], [-0.057022175290390706, 0.12525458248472504], [-0.10348468848996832, 0.1364562118126273], [-0.11562829989440337, 0.16089613034623218], [-0.13991552270327348, 0.22810590631364563], [-0.1573389651531151, 0.2535641547861507], [-0.19165786694825765, 0.2505091649694501]]}