{"Head": [[-0.023231256599788808, -0.12627291242362526], [-0.027455121436114043, -0.11812627291242363], [-0.0337909186906019, -0.11914460285132383], [-0.01689545934530095, -0.059063136456211814], [-0.056494192185850056, -0.031568228105906315], [-0.11246040126715945, -0.014256619144602852], [-0.1805702217529039, -0.01120162932790224], [-0.23600844772967264, 0.0539714867617108], [-0.3020063357972545, 0.12729124236252545], [0.0, 0.0]], "R-Sho": [[-0.0454065469904963, -0.07739307535641547], [-0.0454065469904963, -0.07637474541751528], [-0.04593453009503696, -0.0560081466395112], [-0.0454065469904963, -0.03360488798370672], [-0.06810982048574446, 0.01120162932790224], [-0.12407602956705385, 0.032586558044806514], [-0.2016895459345301, 0.051934826883910386], [-0.24656810982048574, 0.09674134419551934], [-0.3051742344244984, 0.1955193482688391], [0.0, 0.0]], "R-Elb": [[-0.056494192185850056, -0.013238289205702648], [-0.06705385427666315, -0.031568228105906315], [-0.07866948257655755, -0.032586558044806514], [-0.06810982048574446, -0.01120162932790224], [-0.0897571277719113, 0.0539714867617108], [-0.1341077085533263, 0.09674134419551934], [-0.21383315733896516, 0.07637474541751528], [-0.2697993664202746, 0.11914460285132383], [-0.3078141499472017, 0.23930753564154786], [0.0, 0.0]], "R-Wr": [[-0.05385427666314678, 0.048879837067209775], [-0.06969376979936642, 0.03971486761710794], [-0.0897571277719113, 0.010183299389002037], [-0.09028511087645195, 0.010183299389002037], [-0.09503695881731784, 0.0814663951120163], [-0.13252375923970433, 0.14358452138492872], [-0.235480464625132, 0.11812627291242363], [-0.2925026399155227, 0.16191446028513237], [-0.2845828933474129, 0.24439918533604887], [0.0, 0.0]], "L-Sho": [[-0.0010559662090813093, -0.07739307535641547], [0.0026399155227032735, -0.0824847250509165], [-0.006863780359028511, -0.07535641547861507], [0.005279831045406547, -0.023421588594704685], [-0.03590285110876452, -0.002036659877800407], [-0.08870116156282999, 0.0010183299389002036], [-0.15786694825765576, 0.010183299389002037], [-0.20274551214361142, 0.03360488798370672], [-0.27560718057022177, 0.14867617107942974], [0.0, 0.0]], "L-Elb": [[0.0, -0.032586558044806514], [0.010559662090813094, -0.032586558044806514], [0.02164730728616684, -0.034623217922606926], [0.031151003167898626, -0.003054989816700611], [-0.011087645195353749, 0.01120162932790224], [-0.06810982048574446, 0.023421588594704685], [-0.13569165786694826, -0.012219959266802444], [-0.1805702217529039, 0.010183299389002037], [-0.24340021119324182, 0.14765784114052954], [0.0, 0.0]], "L-Wr": [[0.01003167898627244, 0.031568228105906315], [0.010559662090813094, 0.031568228105906315], [0.0337909186906019, -0.01120162932790224], [0.05174234424498416, 0.020366598778004074], [0.011087645195353749, 0.032586558044806514], [-0.05755015839493136, 0.05804480651731161], [-0.11298838437170011, -0.054989816700611], [-0.1689545934530095, -0.03360488798370672], [-0.26504751847940866, 0.15580448065173116], [0.0, 0.0]], "R-Hip": [[-0.034318901795142555, 0.032586558044806514], [-0.034318901795142555, 0.032586558044806514], [-0.044350580781414996, 0.0539714867617108], [-0.0454065469904963, 0.07535641547861507], [-0.06019007391763464, 0.09674134419551934], [-0.08342133051742344, 0.10488798370672098], [-0.14783526927138332, 0.11914460285132383], [-0.20274551214361142, 0.16089613034623218], [-0.24340021119324182, 0.219959266802444], [0.0, 0.0]], "R-Knee": [[-0.0454065469904963, 0.11914460285132383], [-0.04487856388595565, 0.11914460285132383], [-0.044350580781414996, 0.1395112016293279], [-0.034318901795142555, 0.16191446028513237], [-0.057022175290390706, 0.1425661914460285], [-0.06705385427666315, 0.17311608961303462], [-0.09978880675818373, 0.1680244399185336], [-0.14519535374868003, 0.18329938900203666], [-0.24287222808870115, 0.2515274949083503], [0.0, 0.0]], "R-Ank": [[-0.0559662090813094, 0.20570264765784113], [-0.0559662090813094, 0.20570264765784113], [-0.0454065469904963, 0.20672097759674135], [-0.023231256599788808, 0.22606924643584522], [-0.04487856388595565, 0.20570264765784113], [-0.028511087645195353, 0.23217922606924643], [-0.034318901795142555, 0.22708757637474541], [-0.08658922914466737, 0.17617107942973523], [-0.17687434002111932, 0.24745417515274948], [0.0, 0.0]], "L-Hip": [[-0.011615628299894404, 0.032586558044806514], [-0.011087645195353749, 0.032586558044806514], [-0.011615628299894404, 0.0539714867617108], [-0.022175290390707498, 0.07433808553971487], [-0.036430834213305174, 0.09470468431771895], [-0.0665258711721225, 0.08757637474541752], [-0.12724392819429778, 0.08655804480651731], [-0.1853220696937698, 0.109979633401222], [-0.235480464625132, 0.18635437881873726], [0.0, 0.0]], "L-Knee": [[-0.0005279831045406547, 0.11914460285132383], [-0.0005279831045406547, 0.11914460285132383], [0.0, 0.12016293279022404], [0.011087645195353749, 0.11914460285132383], [-0.006863780359028511, 0.13441955193482688], [-0.022175290390707498, 0.1415478615071283], [-0.06969376979936642, 0.1120162932790224], [-0.14149947201689547, 0.11710794297352342], [-0.19429778247096094, 0.17922606924643583], [0.0, 0.0]], "L-Ank": [[0.0, 0.20672097759674135], [0.0, 0.20570264765784113], [0.0, 0.20672097759674135], [0.02164730728616684, 0.20570264765784113], [0.01900739176346357, 0.20264765784114053], [0.013727560718057022, 0.21079429735234215], [-0.02692713833157339, 0.1354378818737271], [-0.08764519535374868, 0.1109979633401222], [-0.1494192185850053, 0.159877800407332], [0.0, 0.0]]}