{"Head": [[0.02164730728616684, -0.07739307535641547], [0.011615628299894404, -0.0560081466395112], [0.0005279831045406547, -0.054989816700611], [-0.011087645195353749, -0.031568228105906315], [-0.06810982048574446, -0.012219959266802444], [-0.11562829989440337, -0.003054989816700611], [-0.146779303062302, 0.07535641547861507], [-0.1689545934530095, 0.14052953156822812], [-0.18004223864836325, 0.14867617107942974], [-0.18004223864836325, 0.1446028513238289]], "R-Sho": [[0.0, -0.0560081466395112], [0.0, -0.054989816700611], [-0.011615628299894404, -0.0539714867617108], [-0.02270327349524815, -0.01120162932790224], [-0.057022175290390706, 0.009164969450101833], [-0.11087645195353749, 0.020366598778004074], [-0.14308342133051744, 0.09266802443991853], [-0.15892291446673706, 0.17209775967413443], [-0.1678986272439282, 0.17922606924643583], [-0.1700105596620908, 0.1680244399185336]], "R-Elb": [[-0.0005279831045406547, -0.03360488798370672], [-0.0005279831045406547, -0.032586558044806514], [-0.02270327349524815, -0.01120162932790224], [-0.023231256599788808, 0.031568228105906315], [-0.06810982048574446, 0.01120162932790224], [-0.12988384371700107, 0.010183299389002037], [-0.1573389651531151, 0.09877800407331976], [-0.14730728616684266, 0.18126272912423624], [-0.1525871172122492, 0.18024439918533605], [-0.1536430834213305, 0.1710794297352342]], "R-Wr": [[-0.011087645195353749, -0.01120162932790224], [-0.011087645195353749, 0.009164969450101833], [-0.036430834213305174, 0.026476578411405296], [-0.02270327349524815, 0.032586558044806514], [-0.06810982048574446, 0.010183299389002037], [-0.14625131995776136, -0.029531568228105907], [-0.16261879619852165, 0.1384928716904277], [-0.1282998944033791, 0.18228105906313646], [-0.13991552270327348, 0.17820773930753564], [-0.13674762407602956, 0.17006109979633402]], "L-Sho": [[0.03326293558606125, -0.07535641547861507], [0.03326293558606125, -0.0539714867617108], [0.011615628299894404, -0.0539714867617108], [0.0005279831045406547, -0.01120162932790224], [-0.0454065469904963, -0.01120162932790224], [-0.09345300950369588, 0.0], [-0.12407602956705385, 0.07637474541751528], [-0.15575501583949314, 0.1334012219959267], [-0.1700105596620908, 0.13238289205702647], [-0.16684266103484688, 0.12830957230142567]], "L-Elb": [[0.044350580781414996, -0.03360488798370672], [0.0337909186906019, -0.01120162932790224], [0.03273495248152059, -0.032586558044806514], [0.011087645195353749, 0.031568228105906315], [-0.042238648363252376, -0.015274949083503055], [-0.11404435058078141, -0.020366598778004074], [-0.14625131995776136, 0.09674134419551934], [-0.14255543822597677, 0.13441955193482688], [-0.15469904963041184, 0.12729124236252545], [-0.1494192185850053, 0.13034623217922606]], "L-Wr": [[0.04382259767687434, -0.012219959266802444], [0.0337909186906019, 0.031568228105906315], [0.03326293558606125, -0.01120162932790224], [0.011087645195353749, 0.054989816700611], [-0.057022175290390706, -0.032586558044806514], [-0.13463569165786696, -0.04684317718940937], [-0.1573389651531151, 0.11914460285132383], [-0.13780359028511088, 0.15071283095723015], [-0.13991552270327348, 0.12118126272912423], [-0.13463569165786696, 0.12219959266802444]], "R-Hip": [[0.011087645195353749, -0.010183299389002037], [0.010559662090813094, 0.010183299389002037], [-0.011087645195353749, 0.01120162932790224], [-0.011615628299894404, 0.03360488798370672], [-0.03326293558606125, 0.0539714867617108], [-0.07180570221752904, 0.07841140529531568], [-0.10137275607180571, 0.11914460285132383], [-0.1341077085533263, 0.1710794297352342], [-0.14044350580781415, 0.15784114052953158], [-0.14308342133051744, 0.16191446028513237]], "R-Knee": [[0.0, 0.054989816700611], [0.0, 0.07535641547861507], [-0.012143611404435059, 0.07535641547861507], [-0.023231256599788808, 0.054989816700611], [-0.04118268215417107, 0.11303462321792261], [-0.048574445617740235, 0.1109979633401222], [-0.09028511087645195, 0.14052953156822812], [-0.12513199577613515, 0.17718940936863545], [-0.1187961985216473, 0.1710794297352342], [-0.1187961985216473, 0.1670061099796334]], "R-Ank": [[-0.011615628299894404, 0.14052953156822812], [-0.011087645195353749, 0.14052953156822812], [-0.02270327349524815, 0.1395112016293279], [-0.023231256599788808, 0.11914460285132383], [-0.02270327349524815, 0.16089613034623218], [-0.022175290390707498, 0.14052953156822812], [-0.056494192185850056, 0.16191446028513237], [-0.0897571277719113, 0.17922606924643583], [-0.08606124604012672, 0.17718940936863545], [-0.10137275607180571, 0.16191446028513237]], "L-Hip": [[0.02270327349524815, 0.009164969450101833], [0.02270327349524815, 0.010183299389002037], [0.011087645195353749, 0.010183299389002037], [0.0, 0.032586558044806514], [-0.01583949313621964, 0.04989816700610998], [-0.056494192185850056, 0.06109979633401222], [-0.09714889123548047, 0.10081466395112017], [-0.1351636747624076, 0.1415478615071283], [-0.13833157338965152, 0.1364562118126273], [-0.13569165786694826, 0.14052953156822812]], "L-Knee": [[0.0337909186906019, 0.07433808553971487], [0.0337909186906019, 0.07535641547861507], [0.02270327349524815, 0.07433808553971487], [0.022175290390707498, 0.09674134419551934], [-0.0015839493136219642, 0.0845213849287169], [-0.03537486800422387, 0.0845213849287169], [-0.073389651531151, 0.09979633401221996], [-0.11562829989440337, 0.14052953156822812], [-0.11668426610348469, 0.11303462321792261], [-0.10454065469904963, 0.12729124236252545]], "L-Ank": [[0.04487856388595565, 0.14052953156822812], [0.04487856388595565, 0.14052953156822812], [0.044350580781414996, 0.1395112016293279], [0.0337909186906019, 0.14052953156822812], [0.03484688489968321, 0.14562118126272913], [-0.00791974656810982, 0.12525458248472504], [-0.024287222808870117, 0.10081466395112017], [-0.07866948257655755, 0.16191446028513237], [-0.07602956705385427, 0.1109979633401222], [-0.07708553326293559, 0.12016293279022404]]}