{"Head": [[-0.0005279831045406547, -0.12016293279022404], [-0.0454065469904963, -0.09877800407331976], [-0.0791974656810982, -0.07739307535641547], [-0.10190073917634636, -0.09877800407331976], [-0.13463569165786696, -0.18431771894093688], [-0.146779303062302, -0.1629327902240326], [-0.1573389651531151, -0.1415478615071283], [-0.17212249208025343, -0.15071283095723015], [-0.2249208025343189, -0.16191446028513237], [-0.2697993664202746, -0.2494908350305499]], "R-Sho": [[-0.012143611404435059, -0.09877800407331976], [-0.056494192185850056, -0.07637474541751528], [-0.09028511087645195, -0.0560081466395112], [-0.11298838437170011, -0.07739307535641547], [-0.13569165786694826, -0.1629327902240326], [-0.15681098204857444, -0.12118126272912423], [-0.1573389651531151, -0.12016293279022404], [-0.17159450897571277, -0.11507128309572301], [-0.21700105596620908, -0.11812627291242363], [-0.28141499472016895, -0.1975560081466395]], "R-Elb": [[-0.02270327349524815, -0.054989816700611], [-0.06863780359028511, -0.0560081466395112], [-0.10084477296726505, -0.032586558044806514], [-0.1246040126715945, -0.054989816700611], [-0.14625131995776136, -0.12118126272912423], [-0.15681098204857444, -0.09775967413441955], [-0.1678986272439282, -0.07739307535641547], [-0.17423442449841606, -0.0814663951120163], [-0.22228088701161564, -0.07331975560081466], [-0.28299894403379094, -0.14867617107942974]], "R-Wr": [[-0.02164730728616684, -0.01120162932790224], [-0.0897571277719113, -0.034623217922606926], [-0.10084477296726505, -0.010183299389002037], [-0.1420274551214361, -0.019348268839103868], [-0.14625131995776136, -0.09877800407331976], [-0.1573389651531151, -0.0560081466395112], [-0.1700105596620908, -0.04786150712830957], [-0.1737064413938754, -0.0560081466395112], [-0.21805702217529038, -0.048879837067209775], [-0.29408658922914466, -0.13136456211812628]], "L-Sho": [[0.011087645195353749, -0.09877800407331976], [-0.034318901795142555, -0.07637474541751528], [-0.0675818373812038, -0.0560081466395112], [-0.09028511087645195, -0.07637474541751528], [-0.11298838437170011, -0.1629327902240326], [-0.1351636747624076, -0.12118126272912423], [-0.14625131995776136, -0.12016293279022404], [-0.15786694825765576, -0.12016293279022404], [-0.20274551214361142, -0.12016293279022404], [-0.2587117212249208, -0.20672097759674135]], "L-Elb": [[0.02164730728616684, -0.054989816700611], [-0.02270327349524815, -0.0560081466395112], [-0.056494192185850056, -0.032586558044806514], [-0.0791974656810982, -0.054989816700611], [-0.1119324181626188, -0.12016293279022404], [-0.13463569165786696, -0.09775967413441955], [-0.14625131995776136, -0.07739307535641547], [-0.15786694825765576, -0.07637474541751528], [-0.2133051742344245, -0.07739307535641547], [-0.26346356916578667, -0.14358452138492872]], "L-Wr": [[0.017423442449841606, -0.020366598778004074], [-0.0015839493136219642, -0.04175152749490835], [-0.056494192185850056, 0.009164969450101833], [-0.07444561774023231, -0.023421588594704685], [-0.11246040126715945, -0.09877800407331976], [-0.13621964097148892, -0.054989816700611], [-0.146779303062302, -0.026476578411405296], [-0.16842661034846884, -0.03360488798370672], [-0.20644139387539598, -0.03971486761710794], [-0.2692713833157339, -0.1120162932790224]], "R-Hip": [[-0.011615628299894404, -0.032586558044806514], [-0.056494192185850056, -0.012219959266802444], [-0.0897571277719113, -0.01120162932790224], [-0.11298838437170011, -0.012219959266802444], [-0.1351636747624076, -0.07739307535641547], [-0.15681098204857444, -0.054989816700611], [-0.16156282998944033, -0.04175152749490835], [-0.16842661034846884, -0.03360488798370672], [-0.21383315733896516, -0.03971486761710794], [-0.2808870116156283, -0.12016293279022404]], "R-Knee": [[-0.022175290390707498, 0.01120162932790224], [-0.0675818373812038, 0.012219959266802444], [-0.10137275607180571, 0.032586558044806514], [-0.12407602956705385, 0.031568228105906315], [-0.1351636747624076, -0.012219959266802444], [-0.15100316789862725, 0.014256619144602852], [-0.1689545934530095, 0.03054989816700611], [-0.17740232312565998, 0.019348268839103868], [-0.22228088701161564, 0.017311608961303463], [-0.28141499472016895, -0.054989816700611]], "R-Ank": [[-0.023231256599788808, 0.07535641547861507], [-0.06705385427666315, 0.07535641547861507], [-0.1235480464625132, 0.07739307535641547], [-0.12407602956705385, 0.07637474541751528], [-0.13463569165786696, 0.051934826883910386], [-0.1562829989440338, 0.07942973523421588], [-0.1562829989440338, 0.09368635437881874], [-0.18215417106652587, 0.10081466395112017], [-0.24287222808870115, 0.09470468431771895], [-0.2697993664202746, 0.010183299389002037]], "L-Hip": [[0.010559662090813094, -0.032586558044806514], [-0.034318901795142555, -0.012219959266802444], [-0.06810982048574446, -0.01120162932790224], [-0.10084477296726505, -0.012219959266802444], [-0.1235480464625132, -0.07739307535641547], [-0.1457233368532207, -0.054989816700611], [-0.1573389651531151, -0.034623217922606926], [-0.1610348468848997, -0.031568228105906315], [-0.2133051742344245, -0.032586558044806514], [-0.2692713833157339, -0.12016293279022404]], "L-Knee": [[0.011615628299894404, 0.01120162932790224], [-0.01689545934530095, 0.029531568228105907], [-0.056494192185850056, 0.01120162932790224], [-0.07761351636747624, 0.032586558044806514], [-0.1235480464625132, -0.012219959266802444], [-0.14625131995776136, 0.010183299389002037], [-0.1573389651531151, 0.031568228105906315], [-0.16948257655755017, 0.031568228105906315], [-0.1921858500527983, 0.016293279022403257], [-0.2697993664202746, -0.054989816700611]], "L-Ank": [[0.022175290390707498, 0.07535641547861507], [0.0, 0.07433808553971487], [-0.0675818373812038, 0.07535641547861507], [-0.06863780359028511, 0.07535641547861507], [-0.12407602956705385, 0.05295315682281059], [-0.14625131995776136, 0.07535641547861507], [-0.1457233368532207, 0.09674134419551934], [-0.15522703273495247, 0.09877800407331976], [-0.1700105596620908, 0.07433808553971487], [-0.2587117212249208, -0.01120162932790224]]}