{"Head": [[0.03326293558606125, -0.12016293279022404], [0.022175290390707498, -0.09775967413441955], [-0.009503695881731784, -0.1079429735234216], [-0.0337909186906019, -0.07637474541751528], [-0.056494192185850056, -0.0560081466395112], [-0.057022175290390706, -0.09674134419551934], [-0.07286166842661035, -0.10896130346232179], [-0.06863780359028511, -0.10386965376782077], [-0.057022175290390706, -0.09877800407331976], [0.0, 0.0]], "R-Sho": [[0.022175290390707498, -0.09775967413441955], [0.011087645195353749, -0.07637474541751528], [-0.012143611404435059, -0.07637474541751528], [-0.0454065469904963, -0.054989816700611], [-0.06810982048574446, -0.0539714867617108], [-0.0791974656810982, -0.07535641547861507], [-0.0791974656810982, -0.07535641547861507], [-0.07866948257655755, -0.07637474541751528], [-0.07866948257655755, -0.07637474541751528], [0.0, 0.0]], "R-Elb": [[0.011087645195353749, -0.0560081466395112], [0.0, -0.0539714867617108], [-0.03326293558606125, -0.07535641547861507], [-0.056494192185850056, -0.013238289205702648], [-0.07866948257655755, -0.012219959266802444], [-0.0897571277719113, -0.03360488798370672], [-0.08922914466737064, -0.03360488798370672], [-0.0791974656810982, -0.03360488798370672], [-0.0791974656810982, -0.03360488798370672], [0.0, 0.0]], "R-Wr": [[0.009503695881731784, -0.025458248472505093], [-0.005807814149947202, -0.01120162932790224], [-0.04171066525871172, -0.04378818737270876], [-0.057022175290390706, 0.010183299389002037], [-0.0791974656810982, 0.010183299389002037], [-0.0791974656810982, -0.012219959266802444], [-0.0791974656810982, -0.012219959266802444], [-0.07972544878563886, -0.01120162932790224], [-0.0791974656810982, -0.01120162932790224], [0.0, 0.0]], "L-Sho": [[0.04487856388595565, -0.09775967413441955], [0.0337909186906019, -0.07637474541751528], [0.0, -0.07637474541751528], [-0.023231256599788808, -0.0539714867617108], [-0.0454065469904963, -0.0539714867617108], [-0.056494192185850056, -0.07535641547861507], [-0.057022175290390706, -0.07637474541751528], [-0.056494192185850056, -0.07637474541751528], [-0.057022175290390706, -0.07637474541751528], [0.0, 0.0]], "L-Elb": [[0.0454065469904963, -0.0560081466395112], [0.04487856388595565, -0.0539714867617108], [0.02164730728616684, -0.07637474541751528], [-0.02270327349524815, -0.012219959266802444], [-0.04487856388595565, -0.012219959266802444], [-0.04593453009503696, -0.03360488798370672], [-0.056494192185850056, -0.03360488798370672], [-0.056494192185850056, -0.0539714867617108], [-0.056494192185850056, -0.0539714867617108], [0.0, 0.0]], "L-Wr": [[0.05543822597676874, -0.03360488798370672], [0.04487856388595565, -0.01120162932790224], [0.02270327349524815, -0.0560081466395112], [-0.022175290390707498, 0.010183299389002037], [-0.0337909186906019, 0.010183299389002037], [-0.0454065469904963, -0.012219959266802444], [-0.0559662090813094, -0.01120162932790224], [-0.0559662090813094, -0.012219959266802444], [-0.0559662090813094, -0.012219959266802444], [0.0, 0.0]], "R-Hip": [[0.022175290390707498, -0.032586558044806514], [0.011087645195353749, -0.01120162932790224], [-0.011615628299894404, -0.012219959266802444], [-0.0454065469904963, 0.009164969450101833], [-0.0675818373812038, 0.010183299389002037], [-0.07866948257655755, 0.009164969450101833], [-0.07866948257655755, -0.010183299389002037], [-0.0781414994720169, -0.01120162932790224], [-0.06863780359028511, -0.01120162932790224], [0.0, 0.0]], "R-Knee": [[0.022175290390707498, 0.01120162932790224], [0.01003167898627244, 0.03054989816700611], [-0.023231256599788808, 0.012219959266802444], [-0.06705385427666315, 0.05295315682281059], [-0.07866948257655755, 0.032586558044806514], [-0.07866948257655755, 0.05295315682281059], [-0.07866948257655755, 0.05295315682281059], [-0.07866948257655755, 0.05295315682281059], [-0.07866948257655755, 0.0539714867617108], [0.0, 0.0]], "R-Ank": [[0.022175290390707498, 0.07535641547861507], [-0.0005279831045406547, 0.07535641547861507], [-0.022175290390707498, 0.07535641547861507], [-0.0791974656810982, 0.09674134419551934], [-0.0791974656810982, 0.09674134419551934], [-0.0791974656810982, 0.09775967413441955], [-0.07866948257655755, 0.09877800407331976], [-0.07866948257655755, 0.09877800407331976], [-0.07866948257655755, 0.09775967413441955], [0.0, 0.0]], "L-Hip": [[0.044350580781414996, -0.032586558044806514], [0.03326293558606125, -0.012219959266802444], [0.0, -0.012219959266802444], [-0.0337909186906019, 0.009164969450101833], [-0.0454065469904963, 0.009164969450101833], [-0.056494192185850056, -0.010183299389002037], [-0.056494192185850056, -0.01120162932790224], [-0.057022175290390706, -0.01120162932790224], [-0.057022175290390706, -0.01120162932790224], [0.0, 0.0]], "L-Knee": [[0.04487856388595565, 0.01120162932790224], [0.04487856388595565, 0.01120162932790224], [0.011087645195353749, 0.010183299389002037], [-0.022175290390707498, 0.03360488798370672], [-0.034318901795142555, 0.032586558044806514], [-0.0454065469904963, 0.032586558044806514], [-0.0559662090813094, 0.051934826883910386], [-0.056494192185850056, 0.05295315682281059], [-0.056494192185850056, 0.05295315682281059], [0.0, 0.0]], "L-Ank": [[0.0559662090813094, 0.07535641547861507], [0.0559662090813094, 0.07535641547861507], [0.02270327349524815, 0.07433808553971487], [-0.0337909186906019, 0.09674134419551934], [-0.0337909186906019, 0.09572301425661914], [-0.034318901795142555, 0.09775967413441955], [-0.0559662090813094, 0.09775967413441955], [-0.0559662090813094, 0.09775967413441955], [-0.0559662090813094, 0.09775967413441955], [0.0, 0.0]]}