{"Head": [[0.03273495248152059, -0.07637474541751528], [0.0559662090813094, -0.09775967413441955], [0.1003167898627244, -0.0560081466395112], [0.15786694825765576, -0.028513238289205704], [0.23125659978880675, 0.04378818737270876], [0.2550158394931362, 0.0845213849287169], [0.2481520591341077, 0.08859470468431772], [0.24234424498416052, 0.07535641547861507], [0.24445617740232312, 0.006109979633401222], [0.22280887011615627, -0.002036659877800407]], "R-Sho": [[0.022175290390707498, -0.07637474541751528], [0.04329461457233368, -0.0824847250509165], [0.07866948257655755, -0.0539714867617108], [0.14519535374868003, -0.012219959266802444], [0.21383315733896516, 0.07433808553971487], [0.24076029567053855, 0.09063136456211812], [0.2286166842661035, 0.09063136456211812], [0.2328405491024287, 0.05804480651731161], [0.22703273495248152, 0.026476578411405296], [0.20644139387539598, 0.016293279022403257]], "R-Elb": [[0.011087645195353749, -0.054989816700611], [0.03484688489968321, -0.06313645621181263], [0.06916578669482576, -0.023421588594704685], [0.12407602956705385, -0.012219959266802444], [0.21277719112988383, 0.09674134419551934], [0.2249208025343189, 0.09368635437881874], [0.21436114044350582, 0.08961303462321792], [0.2529039070749736, 0.06008146639511202], [0.21752903907074975, 0.04480651731160896], [0.2096092925026399, 0.03767820773930754]], "R-Wr": [[0.011615628299894404, -0.032586558044806514], [0.025343189017951427, -0.04175152749490835], [0.07761351636747624, 0.0], [0.13463569165786696, -0.012219959266802444], [0.1969376979936642, 0.09775967413441955], [0.2016895459345301, 0.09775967413441955], [0.2249208025343189, 0.06415478615071284], [0.24973600844772967, 0.07433808553971487], [0.21541710665258712, 0.07331975560081466], [0.22069693769799367, 0.04989816700610998]], "L-Sho": [[0.044350580781414996, -0.07739307535641547], [0.06705385427666315, -0.07739307535641547], [0.10084477296726505, -0.034623217922606926], [0.15786694825765576, 0.009164969450101833], [0.21488912354804646, 0.04684317718940937], [0.24234424498416052, 0.07026476578411406], [0.2391763463569166, 0.07942973523421588], [0.23495248152059134, 0.07128309572301425], [0.2249208025343189, 0.003054989816700611], [0.20644139387539598, -0.018329938900203666]], "L-Elb": [[0.05385427666314678, -0.04684317718940937], [0.07761351636747624, -0.0560081466395112], [0.1119324181626188, -0.013238289205702648], [0.1689545934530095, 0.032586558044806514], [0.20696937697993664, 0.05091649694501019], [0.2275607180570222, 0.06415478615071284], [0.22650475184794086, 0.0814663951120163], [0.23495248152059134, 0.07128309572301425], [0.21858500527983105, 0.02240325865580448], [0.20696937697993664, 0.003054989816700611]], "L-Wr": [[0.05755015839493136, -0.009164969450101833], [0.08764519535374868, -0.034623217922606926], [0.12724392819429778, 0.004073319755600814], [0.1795142555438226, 0.054989816700611], [0.191129883843717, 0.05702647657841141], [0.2122492080253432, 0.06008146639511202], [0.20802534318901794, 0.0824847250509165], [0.26504751847940866, 0.06313645621181263], [0.21119324181626187, 0.048879837067209775], [0.2191129883843717, 0.014256619144602852]], "R-Hip": [[0.02270327349524815, -0.03360488798370672], [0.04487856388595565, -0.03360488798370672], [0.0781414994720169, 0.009164969450101833], [0.12302006335797254, 0.03054989816700611], [0.20221752903907075, 0.07433808553971487], [0.22175290390707497, 0.07942973523421588], [0.22175290390707497, 0.04378818737270876], [0.2249208025343189, 0.0274949083503055], [0.22439281942977823, 0.04480651731160896], [0.1969376979936642, 0.025458248472505093]], "R-Knee": [[0.011615628299894404, 0.010183299389002037], [0.0337909186906019, -0.010183299389002037], [0.0559662090813094, 0.05295315682281059], [0.1003167898627244, 0.0539714867617108], [0.17898627243928195, 0.07739307535641547], [0.21594508975712778, 0.08655804480651731], [0.25079197465681097, 0.054989816700611], [0.249208025343189, 0.015274949083503055], [0.24181626187961985, 0.0560081466395112], [0.21172122492080253, 0.048879837067209775]], "R-Ank": [[0.01003167898627244, 0.0539714867617108], [0.022175290390707498, 0.05295315682281059], [0.03748680042238648, 0.0814663951120163], [0.06546990496304118, 0.07942973523421588], [0.1457233368532207, 0.09674134419551934], [0.1900739176346357, 0.07331975560081466], [0.23495248152059134, -0.019348268839103868], [0.26610348468849, -0.0050916496945010185], [0.22280887011615627, 0.06109979633401222], [0.19060190073917635, 0.04989816700610998]], "L-Hip": [[0.044350580781414996, -0.03360488798370672], [0.06705385427666315, -0.03360488798370672], [0.09028511087645195, 0.009164969450101833], [0.13463569165786696, 0.03360488798370672], [0.19060190073917635, 0.07433808553971487], [0.22333685322069693, 0.06008146639511202], [0.2238648363252376, 0.034623217922606926], [0.23125659978880675, 0.021384928716904276], [0.22280887011615627, 0.04073319755600815], [0.1921858500527983, 0.0050916496945010185]], "L-Knee": [[0.054910242872228086, 0.010183299389002037], [0.07761351636747624, -0.010183299389002037], [0.10084477296726505, 0.031568228105906315], [0.13463569165786696, 0.07637474541751528], [0.18268215417106654, 0.028513238289205704], [0.2365364308342133, 0.03054989816700611], [0.2550158394931362, 0.0539714867617108], [0.2518479408658923, 0.018329938900203666], [0.24234424498416052, 0.048879837067209775], [0.2096092925026399, 0.016293279022403257]], "L-Ank": [[0.0559662090813094, 0.0539714867617108], [0.06705385427666315, 0.05295315682281059], [0.0897571277719113, 0.07535641547861507], [0.1119324181626188, 0.09674134419551934], [0.1525871172122492, 0.04276985743380855], [0.2006335797254488, 0.012219959266802444], [0.23864836325237593, -0.012219959266802444], [0.2713833157338965, -0.0010183299389002036], [0.22544878563885956, 0.054989816700611], [0.18585005279831046, 0.028513238289205704]]}