{"Head": [[0.010559662090813094, -0.1415478615071283], [0.0, -0.12016293279022404], [-0.011615628299894404, -0.0560081466395112], [-0.046990496304118265, -0.04786150712830957], [-0.08236536430834214, -0.04989816700610998], [-0.16525871172122492, -0.020366598778004074], [-0.26399155227032733, 0.059063136456211814], [-0.30623020063357975, 0.10183299389002037], [-0.3321013727560718, 0.18024439918533605], [0.0, 0.0]], "R-Sho": [[-0.0010559662090813093, -0.12016293279022404], [-0.011615628299894404, -0.09877800407331976], [-0.02270327349524815, -0.034623217922606926], [-0.05438225976768744, -0.019348268839103868], [-0.09767687434002112, -0.007128309572301426], [-0.15417106652587118, 0.009164969450101833], [-0.2539598732840549, 0.1079429735234216], [-0.28511087645195354, 0.12219959266802444], [-0.3125659978880676, 0.18431771894093688], [0.0, 0.0]], "R-Elb": [[-0.011615628299894404, -0.07739307535641547], [-0.02270327349524815, -0.07637474541751528], [-0.04487856388595565, -0.032586558044806514], [-0.05860612460401267, 0.004073319755600814], [-0.11246040126715945, 0.025458248472505093], [-0.16842661034846884, 0.038696537678207736], [-0.25343189017951423, 0.13747454175152748], [-0.2898627243928194, 0.16191446028513237], [-0.2930306230200634, 0.18329938900203666], [0.0, 0.0]], "R-Wr": [[-0.011615628299894404, -0.054989816700611], [-0.04487856388595565, -0.03360488798370672], [-0.07074973600844774, -0.020366598778004074], [-0.06019007391763464, 0.03054989816700611], [-0.12249208025343189, 0.0539714867617108], [-0.19429778247096094, 0.07128309572301425], [-0.2824709609292503, 0.159877800407332], [-0.2676874340021119, 0.1680244399185336], [-0.2729672650475185, 0.17413441955193482], [0.0, 0.0]], "L-Sho": [[0.022175290390707498, -0.12016293279022404], [0.011087645195353749, -0.09877800407331976], [0.004223864836325237, -0.03665987780040733], [-0.024287222808870117, -0.019348268839103868], [-0.07655755015839494, -0.01120162932790224], [-0.1409714889123548, -0.003054989816700611], [-0.23864836325237593, 0.05702647657841141], [-0.28511087645195354, 0.09063136456211812], [-0.3273495248152059, 0.14969450101832993], [0.0, 0.0]], "L-Elb": [[0.02270327349524815, -0.07739307535641547], [0.022175290390707498, -0.07637474541751528], [0.01003167898627244, -0.013238289205702648], [-0.014255543822597676, 0.017311608961303463], [-0.056494192185850056, -0.003054989816700611], [-0.1293558606124604, -0.026476578411405296], [-0.22439281942977823, 0.018329938900203666], [-0.26715945089757126, 0.10692464358452139], [-0.31203801478352694, 0.14663951120162932], [0.0, 0.0]], "L-Wr": [[0.03273495248152059, -0.054989816700611], [0.022175290390707498, -0.0539714867617108], [0.02006335797254488, 0.0050916496945010185], [-0.011087645195353749, 0.03767820773930754], [-0.03484688489968321, -0.0050916496945010185], [-0.11298838437170011, -0.07128309572301425], [-0.25607180570221755, 0.04480651731160896], [-0.235480464625132, 0.11303462321792261], [-0.28616684266103487, 0.14765784114052954], [0.0, 0.0]], "R-Hip": [[0.0, -0.03360488798370672], [-0.011087645195353749, -0.032586558044806514], [-0.02270327349524815, 0.03054989816700611], [-0.038542766631467794, 0.03054989816700611], [-0.07022175290390707, 0.04175152749490835], [-0.10876451953537487, 0.03360488798370672], [-0.1921858500527983, 0.10896130346232179], [-0.23020063357972545, 0.14663951120162932], [-0.2808870116156283, 0.17006109979633402], [0.0, 0.0]], "R-Knee": [[-0.0005279831045406547, 0.010183299389002037], [-0.011615628299894404, 0.031568228105906315], [-0.03801478352692714, 0.07535641547861507], [-0.04118268215417107, 0.08757637474541752], [-0.031151003167898626, 0.07942973523421588], [-0.06282998944033791, 0.04989816700610998], [-0.1583949313621964, 0.09775967413441955], [-0.15100316789862725, 0.12932790224032586], [-0.25131995776135163, 0.1680244399185336], [0.0, 0.0]], "R-Ank": [[-0.0005279831045406547, 0.07535641547861507], [-0.011087645195353749, 0.07637474541751528], [-0.04171066525871172, 0.11914460285132383], [-0.03009503695881732, 0.1079429735234216], [-0.0026399155227032735, 0.10386965376782077], [-0.04171066525871172, 0.05091649694501019], [-0.12302006335797254, 0.059063136456211814], [-0.06441393875395987, 0.19144602851323828], [-0.20538542766631468, 0.17515274949083504], [0.0, 0.0]], "L-Hip": [[0.02164730728616684, -0.03360488798370672], [0.011087645195353749, -0.032586558044806514], [-0.003695881731784583, 0.029531568228105907], [-0.022175290390707498, 0.03665987780040733], [-0.05543822597676874, 0.017311608961303463], [-0.10137275607180571, 0.01120162932790224], [-0.19640971488912354, 0.06619144602851323], [-0.22544878563885956, 0.09877800407331976], [-0.27824709609292503, 0.14867617107942974], [0.0, 0.0]], "L-Knee": [[0.022175290390707498, 0.010183299389002037], [0.02164730728616684, 0.01120162932790224], [0.011087645195353749, 0.05295315682281059], [-0.0005279831045406547, 0.07535641547861507], [-0.02375923970432946, 0.018329938900203666], [-0.06546990496304118, 0.013238289205702648], [-0.16367476240760295, 0.0539714867617108], [-0.18321013727560717, 0.07026476578411406], [-0.25343189017951423, 0.1395112016293279], [0.0, 0.0]], "L-Ank": [[0.02164730728616684, 0.07433808553971487], [0.022175290390707498, 0.07535641547861507], [0.030623020063357972, 0.09877800407331976], [0.03167898627243928, 0.109979633401222], [0.006335797254487857, 0.04276985743380855], [-0.09028511087645195, 0.18431771894093688], [-0.1351636747624076, 0.021384928716904276], [-0.15153115100316789, 0.062118126272912425], [-0.22650475184794086, 0.13034623217922606], [0.0, 0.0]]}