{"Head": [[0.02270327349524815, -0.11914460285132383], [0.02270327349524815, -0.11914460285132383], [0.02270327349524815, -0.11914460285132383], [0.02270327349524815, -0.11914460285132383], [0.02270327349524815, -0.11914460285132383], [0.02270327349524815, -0.11914460285132383], [0.022175290390707498, -0.11914460285132383], [0.011615628299894404, -0.09877800407331976], [-0.03167898627243928, -0.048879837067209775], [-0.1457233368532207, 0.010183299389002037]], "R-Sho": [[0.011087645195353749, -0.07739307535641547], [0.011087645195353749, -0.09674134419551934], [0.011087645195353749, -0.09674134419551934], [0.011087645195353749, -0.09674134419551934], [0.011087645195353749, -0.09674134419551934], [0.011087645195353749, -0.09775967413441955], [0.011087645195353749, -0.09674134419551934], [0.0, -0.07637474541751528], [-0.034318901795142555, -0.012219959266802444], [-0.1351636747624076, 0.031568228105906315]], "R-Elb": [[0.011087645195353749, -0.054989816700611], [0.011087645195353749, -0.054989816700611], [0.011087645195353749, -0.054989816700611], [0.011087645195353749, -0.054989816700611], [0.011087645195353749, -0.054989816700611], [0.011087645195353749, -0.054989816700611], [0.011087645195353749, -0.054989816700611], [-0.0010559662090813093, -0.0539714867617108], [-0.04487856388595565, 0.009164969450101833], [-0.14625131995776136, 0.0539714867617108]], "R-Wr": [[0.011087645195353749, -0.03360488798370672], [0.011087645195353749, -0.03360488798370672], [0.011087645195353749, -0.03360488798370672], [0.011087645195353749, -0.03360488798370672], [0.011087645195353749, -0.032586558044806514], [0.011087645195353749, -0.03360488798370672], [0.011087645195353749, -0.032586558044806514], [0.0, -0.032586558044806514], [-0.0559662090813094, 0.03767820773930754], [-0.162090813093981, 0.07331975560081466]], "L-Sho": [[0.0337909186906019, -0.09775967413441955], [0.0337909186906019, -0.09775967413441955], [0.0337909186906019, -0.09775967413441955], [0.0337909186906019, -0.09775967413441955], [0.0337909186906019, -0.09775967413441955], [0.0337909186906019, -0.09775967413441955], [0.0337909186906019, -0.09775967413441955], [0.03273495248152059, -0.07637474541751528], [-0.011615628299894404, -0.012219959266802444], [-0.1235480464625132, 0.031568228105906315]], "L-Elb": [[0.044350580781414996, -0.054989816700611], [0.044350580781414996, -0.054989816700611], [0.04487856388595565, -0.054989816700611], [0.04487856388595565, -0.054989816700611], [0.04487856388595565, -0.054989816700611], [0.04487856388595565, -0.054989816700611], [0.044350580781414996, -0.054989816700611], [0.0337909186906019, -0.0539714867617108], [-0.011087645195353749, 0.010183299389002037], [-0.11351636747624076, 0.024439918533604887]], "L-Wr": [[0.04487856388595565, -0.032586558044806514], [0.04487856388595565, -0.032586558044806514], [0.04487856388595565, -0.032586558044806514], [0.04487856388595565, -0.032586558044806514], [0.04487856388595565, -0.032586558044806514], [0.04487856388595565, -0.03360488798370672], [0.044350580781414996, -0.03360488798370672], [0.04382259767687434, 0.0050916496945010185], [-0.02270327349524815, 0.04073319755600815], [-0.1351636747624076, 0.04276985743380855]], "R-Hip": [[0.022175290390707498, -0.012219959266802444], [0.022175290390707498, -0.012219959266802444], [0.022175290390707498, -0.012219959266802444], [0.022175290390707498, -0.012219959266802444], [0.022175290390707498, -0.013238289205702648], [0.022175290390707498, -0.031568228105906315], [0.02164730728616684, -0.012219959266802444], [0.010559662090813094, -0.01120162932790224], [-0.02270327349524815, 0.031568228105906315], [-0.10770855332629356, 0.059063136456211814]], "R-Knee": [[0.02164730728616684, 0.031568228105906315], [0.02164730728616684, 0.031568228105906315], [0.02164730728616684, 0.031568228105906315], [0.02164730728616684, 0.032586558044806514], [0.02164730728616684, 0.032586558044806514], [0.02164730728616684, 0.031568228105906315], [0.011615628299894404, 0.032586558044806514], [0.0, 0.05295315682281059], [-0.03326293558606125, 0.054989816700611], [-0.08553326293558607, 0.07637474541751528]], "R-Ank": [[0.011087645195353749, 0.07637474541751528], [0.011087645195353749, 0.07739307535641547], [0.011087645195353749, 0.07739307535641547], [0.011087645195353749, 0.09674134419551934], [0.011087645195353749, 0.09674134419551934], [0.011087645195353749, 0.09572301425661914], [0.011087645195353749, 0.09674134419551934], [0.011087645195353749, 0.09674134419551934], [-0.012143611404435059, 0.09775967413441955], [-0.038542766631467794, 0.09572301425661914]], "L-Hip": [[0.03326293558606125, -0.013238289205702648], [0.0337909186906019, -0.012219959266802444], [0.0337909186906019, -0.013238289205702648], [0.0337909186906019, -0.012219959266802444], [0.0337909186906019, -0.031568228105906315], [0.03326293558606125, -0.031568228105906315], [0.03326293558606125, -0.031568228105906315], [0.022175290390707498, -0.01120162932790224], [-0.011615628299894404, 0.01120162932790224], [-0.0966209081309398, 0.04378818737270876]], "L-Knee": [[0.0337909186906019, 0.031568228105906315], [0.0337909186906019, 0.031568228105906315], [0.0337909186906019, 0.031568228105906315], [0.034318901795142555, 0.032586558044806514], [0.034318901795142555, 0.032586558044806514], [0.0337909186906019, 0.031568228105906315], [0.034318901795142555, 0.031568228105906315], [0.03326293558606125, 0.032586558044806514], [0.011087645195353749, 0.05295315682281059], [-0.07127771911298839, 0.054989816700611]], "L-Ank": [[0.044350580781414996, 0.07637474541751528], [0.044350580781414996, 0.07637474541751528], [0.044350580781414996, 0.07739307535641547], [0.044350580781414996, 0.09674134419551934], [0.044350580781414996, 0.09674134419551934], [0.044350580781414996, 0.09674134419551934], [0.044350580781414996, 0.09674134419551934], [0.044350580781414996, 0.09674134419551934], [0.03326293558606125, 0.09674134419551934], [-0.03273495248152059, 0.07739307535641547]]}