{"Head": [[0.0, -0.1629327902240326], [-0.011087645195353749, -0.1425661914460285], [-0.02270327349524815, -0.09674134419551934], [-0.02270327349524815, -0.054989816700611], [-0.03537486800422387, -0.048879837067209775], [0.006335797254487857, -0.062118126272912425], [0.0781414994720169, -0.054989816700611], [0.13093980992608237, 0.002036659877800407], [0.18004223864836325, 0.0539714867617108], [0.0, 0.0]], "R-Sho": [[-0.02270327349524815, -0.12016293279022404], [-0.023231256599788808, -0.11914460285132383], [-0.034318901795142555, -0.054989816700611], [-0.03484688489968321, -0.032586558044806514], [-0.0501583949313622, -0.024439918533604887], [-0.011615628299894404, -0.031568228105906315], [0.04487856388595565, -0.032586558044806514], [0.10084477296726505, 0.010183299389002037], [0.15681098204857444, 0.0539714867617108], [0.0, 0.0]], "R-Elb": [[-0.02375923970432946, -0.07535641547861507], [-0.04487856388595565, -0.054989816700611], [-0.0559662090813094, -0.01120162932790224], [-0.0559662090813094, 0.010183299389002037], [-0.05543822597676874, 0.007128309572301426], [-0.02270327349524815, -0.010183299389002037], [0.02270327349524815, 0.010183299389002037], [0.07866948257655755, -0.01120162932790224], [0.13463569165786696, 0.010183299389002037], [0.0, 0.0]], "R-Wr": [[-0.03326293558606125, -0.012219959266802444], [-0.04487856388595565, -0.01120162932790224], [-0.0675818373812038, 0.031568228105906315], [-0.056494192185850056, 0.0539714867617108], [-0.0617740232312566, 0.03665987780040733], [-0.03748680042238648, 0.006109979633401222], [0.026399155227032733, 0.048879837067209775], [0.0559662090813094, -0.03360488798370672], [0.1341077085533263, -0.01120162932790224], [0.0, 0.0]], "L-Sho": [[0.011615628299894404, -0.12016293279022404], [0.011087645195353749, -0.09877800407331976], [0.0, -0.054989816700611], [-0.010559662090813094, -0.032586558044806514], [-0.012671594508975714, -0.032586558044806514], [0.022175290390707498, -0.032586558044806514], [0.07866948257655755, -0.01120162932790224], [0.12618796198521648, 0.0560081466395112], [0.16842661034846884, 0.09775967413441955], [0.0, 0.0]], "L-Elb": [[0.022175290390707498, -0.0560081466395112], [0.011087645195353749, -0.034623217922606926], [0.011087645195353749, -0.01120162932790224], [0.010559662090813094, 0.010183299389002037], [0.0010559662090813093, 0.02240325865580448], [0.0337909186906019, 0.009164969450101833], [0.0966209081309398, 0.03054989816700611], [0.15469904963041184, 0.05702647657841141], [0.1795142555438226, 0.1415478615071283], [0.0, 0.0]], "L-Wr": [[0.022175290390707498, -0.012219959266802444], [0.011087645195353749, 0.010183299389002037], [0.011087645195353749, 0.032586558044806514], [0.011087645195353749, 0.0539714867617108], [0.015311510031678986, 0.06822810590631365], [0.061246040126715945, 0.05091649694501019], [0.10084477296726505, 0.0539714867617108], [0.19640971488912354, 0.059063136456211814], [0.19060190073917635, 0.1629327902240326], [0.0, 0.0]], "R-Hip": [[-0.012143611404435059, -0.012219959266802444], [-0.02270327349524815, -0.01120162932790224], [-0.023231256599788808, 0.031568228105906315], [-0.0337909186906019, 0.032586558044806514], [-0.032206969376979935, 0.04175152749490835], [0.0, 0.0539714867617108], [0.0337909186906019, 0.0539714867617108], [0.0559662090813094, 0.07433808553971487], [0.11246040126715945, 0.11812627291242363], [0.0, 0.0]], "R-Knee": [[-0.02270327349524815, 0.07433808553971487], [-0.034318901795142555, 0.07535641547861507], [-0.0454065469904963, 0.07535641547861507], [-0.056494192185850056, 0.07535641547861507], [-0.051214361140443504, 0.07739307535641547], [-0.02270327349524815, 0.09877800407331976], [0.0021119324181626186, 0.10183299389002037], [0.022175290390707498, 0.09674134419551934], [0.05860612460401267, 0.12219959266802444], [0.0, 0.0]], "R-Ank": [[-0.02270327349524815, 0.1415478615071283], [-0.04487856388595565, 0.14052953156822812], [-0.056494192185850056, 0.1415478615071283], [-0.06810982048574446, 0.1415478615071283], [-0.059134107708553325, 0.11608961303462322], [-0.07286166842661035, 0.159877800407332], [-0.03484688489968321, 0.14562118126272913], [-0.02903907074973601, 0.1415478615071283], [0.005807814149947202, 0.15274949083503056], [0.0, 0.0]], "L-Hip": [[0.010559662090813094, -0.01120162932790224], [0.0, -0.010183299389002037], [-0.0005279831045406547, 0.031568228105906315], [-0.011615628299894404, 0.031568228105906315], [-0.016367476240760296, 0.03360488798370672], [0.020591341077085535, 0.04684317718940937], [0.051214361140443504, 0.06415478615071284], [0.06705385427666315, 0.09775967413441955], [0.11087645195353749, 0.14765784114052954], [0.0, 0.0]], "L-Knee": [[0.011615628299894404, 0.054989816700611], [0.011087645195353749, 0.07433808553971487], [-0.0005279831045406547, 0.0539714867617108], [0.0, 0.0539714867617108], [-0.0005279831045406547, 0.06109979633401222], [0.04487856388595565, 0.05295315682281059], [0.0781414994720169, 0.07535641547861507], [0.07180570221752904, 0.12016293279022404], [0.0791974656810982, 0.15784114052953158], [0.0, 0.0]], "L-Ank": [[0.02164730728616684, 0.14052953156822812], [0.011087645195353749, 0.14052953156822812], [0.011087645195353749, 0.14052953156822812], [0.010559662090813094, 0.14052953156822812], [0.0005279831045406547, 0.15071283095723015], [0.04487856388595565, 0.14052953156822812], [0.056494192185850056, 0.1415478615071283], [0.03326293558606125, 0.1425661914460285], [0.023231256599788808, 0.17006109979633402], [0.0, 0.0]]}