{"Head": [[-0.06810982048574446, -0.03360488798370672], [-0.06810982048574446, -0.032586558044806514], [-0.0781414994720169, -0.012219959266802444], [-0.09028511087645195, -0.032586558044806514], [-0.1351636747624076, -0.01120162932790224], [-0.21383315733896516, -0.01120162932790224], [-0.2925026399155227, 0.05295315682281059], [-0.36272439281942975, 0.08655804480651731], [0.0, 0.0], [0.0, 0.0]], "R-Sho": [[-0.09028511087645195, -0.031568228105906315], [-0.09028511087645195, -0.010183299389002037], [-0.09028511087645195, -0.010183299389002037], [-0.11246040126715945, -0.01120162932790224], [-0.14625131995776136, 0.01120162932790224], [-0.21383315733896516, 0.010183299389002037], [-0.30359028511087643, 0.07535641547861507], [-0.36642027455121434, 0.13441955193482688], [0.0, 0.0], [0.0, 0.0]], "R-Elb": [[-0.10137275607180571, 0.010183299389002037], [-0.10454065469904963, 0.024439918533604887], [-0.1119324181626188, 0.032586558044806514], [-0.13463569165786696, 0.010183299389002037], [-0.16737064413938754, 0.06924643584521385], [-0.2249208025343189, 0.03054989816700611], [-0.31414994720168954, 0.13441955193482688], [-0.3468848996832101, 0.15682281059063136], [0.0, 0.0], [0.0, 0.0]], "R-Wr": [[-0.09714889123548047, 0.04684317718940937], [-0.10190073917634636, 0.06924643584521385], [-0.11404435058078141, 0.0824847250509165], [-0.1351636747624076, 0.03360488798370672], [-0.15153115100316789, 0.04378818737270876], [-0.2470960929250264, -0.01120162932790224], [-0.32946145723336856, 0.1680244399185336], [-0.3262935586061246, 0.15478615071283094], [0.0, 0.0], [0.0, 0.0]], "L-Sho": [[-0.056494192185850056, -0.012219959266802444], [-0.056494192185850056, -0.01120162932790224], [-0.05966209081309398, 0.002036659877800407], [-0.07550158394931362, -0.015274949083503055], [-0.12407602956705385, 0.009164969450101833], [-0.19429778247096094, 0.007128309572301426], [-0.2808870116156283, 0.07535641547861507], [-0.35374868004223864, 0.07841140529531568], [0.0, 0.0], [0.0, 0.0]], "L-Elb": [[-0.04804646251319958, -0.002036659877800407], [-0.0454065469904963, 0.032586558044806514], [-0.056494192185850056, 0.031568228105906315], [-0.0675818373812038, 0.010183299389002037], [-0.11246040126715945, 0.01120162932790224], [-0.18268215417106654, 0.03767820773930754], [-0.2703273495248152, 0.09775967413441955], [-0.3199577613516367, 0.0824847250509165], [0.0, 0.0], [0.0, 0.0]], "L-Wr": [[-0.046462513199577615, 0.03971486761710794], [-0.0454065469904963, 0.0539714867617108], [-0.0454065469904963, 0.0539714867617108], [-0.056494192185850056, 0.032586558044806514], [-0.10137275607180571, 0.032586558044806514], [-0.20802534318901794, 0.04276985743380855], [-0.29567053854276665, 0.15274949083503056], [-0.3167898627243928, 0.12525458248472504], [0.0, 0.0], [0.0, 0.0]], "R-Hip": [[-0.0897571277719113, 0.032586558044806514], [-0.09028511087645195, 0.05295315682281059], [-0.10084477296726505, 0.05295315682281059], [-0.10190073917634636, 0.05295315682281059], [-0.13463569165786696, 0.07535641547861507], [-0.17529039070749736, 0.07433808553971487], [-0.25607180570221755, 0.12118126272912423], [-0.324181626187962, 0.1384928716904277], [0.0, 0.0], [0.0, 0.0]], "R-Knee": [[-0.10084477296726505, 0.07535641547861507], [-0.10137275607180571, 0.07535641547861507], [-0.10137275607180571, 0.07535641547861507], [-0.11246040126715945, 0.07535641547861507], [-0.1341077085533263, 0.09877800407331976], [-0.14625131995776136, 0.09775967413441955], [-0.20380147835269272, 0.109979633401222], [-0.2961985216473073, 0.14663951120162932], [0.0, 0.0], [0.0, 0.0]], "R-Ank": [[-0.10137275607180571, 0.14052953156822812], [-0.10137275607180571, 0.1415478615071283], [-0.10137275607180571, 0.14052953156822812], [-0.10190073917634636, 0.14052953156822812], [-0.1119324181626188, 0.1415478615071283], [-0.11246040126715945, 0.14052953156822812], [-0.1678986272439282, 0.09979633401221996], [-0.2682154171066526, 0.14358452138492872], [0.0, 0.0], [0.0, 0.0]], "L-Hip": [[-0.0675818373812038, 0.03360488798370672], [-0.0675818373812038, 0.0539714867617108], [-0.07866948257655755, 0.0539714867617108], [-0.0897571277719113, 0.05295315682281059], [-0.11298838437170011, 0.054989816700611], [-0.16842661034846884, 0.0539714867617108], [-0.249208025343189, 0.07942973523421588], [-0.3183738120380148, 0.10081466395112017], [0.0, 0.0], [0.0, 0.0]], "L-Knee": [[-0.05174234424498416, 0.07942973523421588], [-0.056494192185850056, 0.07433808553971487], [-0.056494192185850056, 0.07535641547861507], [-0.06810982048574446, 0.07535641547861507], [-0.10137275607180571, 0.09572301425661914], [-0.13569165786694826, 0.054989816700611], [-0.21594508975712778, 0.06517311608961303], [-0.28722280887011614, 0.08859470468431772], [0.0, 0.0], [0.0, 0.0]], "L-Ank": [[-0.0559662090813094, 0.14052953156822812], [-0.05543822597676874, 0.14052953156822812], [-0.0559662090813094, 0.1415478615071283], [-0.06705385427666315, 0.14052953156822812], [-0.09028511087645195, 0.14052953156822812], [-0.09873284054910243, 0.07942973523421588], [-0.18321013727560717, 0.03665987780040733], [-0.24445617740232312, 0.07637474541751528], [0.0, 0.0], [0.0, 0.0]]}