{"Head": [[0.034318901795142555, -0.054989816700611], [0.04487856388595565, -0.032586558044806514], [0.0559662090813094, 0.010183299389002037], [0.10137275607180571, 0.01120162932790224], [0.15681098204857444, 0.010183299389002037], [0.20221752903907075, 0.01120162932790224], [0.2587117212249208, 0.07739307535641547], [0.3357972544878564, 0.1629327902240326], [0.0, 0.0], [0.0, 0.0]], "R-Sho": [[0.022175290390707498, -0.012219959266802444], [0.03326293558606125, 0.009164969450101833], [0.044350580781414996, 0.03360488798370672], [0.08922914466737064, 0.032586558044806514], [0.13463569165786696, 0.031568228105906315], [0.19060190073917635, 0.032586558044806514], [0.24287222808870115, 0.09674134419551934], [0.308870116156283, 0.16191446028513237], [0.0, 0.0], [0.0, 0.0]], "R-Elb": [[0.0, 0.031568228105906315], [0.011087645195353749, 0.032586558044806514], [0.02270327349524815, 0.07535641547861507], [0.0675818373812038, 0.07535641547861507], [0.12302006335797254, 0.05295315682281059], [0.1678986272439282, 0.05295315682281059], [0.2296726504751848, 0.12118126272912423], [0.28511087645195354, 0.1670061099796334], [0.0, 0.0], [0.0, 0.0]], "R-Wr": [[-0.004223864836325237, 0.0814663951120163], [-0.004751847940865892, 0.09470468431771895], [0.013199577613516367, 0.13747454175152748], [0.06705385427666315, 0.11914460285132383], [0.1119324181626188, 0.07535641547861507], [0.1678986272439282, 0.07535641547861507], [0.21964097148891235, 0.11303462321792261], [0.3220696937697994, 0.1945010183299389], [0.0, 0.0], [0.0, 0.0]], "L-Sho": [[0.0559662090813094, -0.032586558044806514], [0.06705385427666315, -0.010183299389002037], [0.0781414994720169, 0.032586558044806514], [0.12302006335797254, 0.0539714867617108], [0.16842661034846884, 0.0539714867617108], [0.22439281942977823, 0.07535641547861507], [0.2697993664202746, 0.14052953156822812], [0.32682154171066524, 0.22606924643584522], [0.0, 0.0], [0.0, 0.0]], "L-Elb": [[0.0781414994720169, 0.010183299389002037], [0.08922914466737064, 0.031568228105906315], [0.0897571277719113, 0.07535641547861507], [0.1235480464625132, 0.09674134419551934], [0.19060190073917635, 0.07739307535641547], [0.24656810982048574, 0.14052953156822812], [0.2808870116156283, 0.20468431771894094], [0.3109820485744456, 0.2515274949083503], [0.0, 0.0], [0.0, 0.0]], "L-Wr": [[0.09767687434002112, 0.06008146639511202], [0.11298838437170011, 0.08859470468431772], [0.0897571277719113, 0.09775967413441955], [0.12302006335797254, 0.11914460285132383], [0.2016895459345301, 0.09775967413441955], [0.24656810982048574, 0.20570264765784113], [0.28141499472016895, 0.2494908350305499], [0.29039070749736007, 0.25865580448065173], [0.0, 0.0], [0.0, 0.0]], "R-Hip": [[0.03326293558606125, 0.07535641547861507], [0.044350580781414996, 0.09674134419551934], [0.0559662090813094, 0.11914460285132383], [0.0781414994720169, 0.11914460285132383], [0.1119324181626188, 0.09775967413441955], [0.1678986272439282, 0.09877800407331976], [0.21383315733896516, 0.16191446028513237], [0.2729672650475185, 0.20570264765784113], [0.0, 0.0], [0.0, 0.0]], "R-Knee": [[0.022175290390707498, 0.1415478615071283], [0.022175290390707498, 0.14052953156822812], [0.03326293558606125, 0.1629327902240326], [0.04487856388595565, 0.1629327902240326], [0.07866948257655755, 0.14052953156822812], [0.1235480464625132, 0.11914460285132383], [0.1900739176346357, 0.1415478615071283], [0.2249208025343189, 0.1934826883910387], [0.0, 0.0], [0.0, 0.0]], "R-Ank": [[0.022175290390707498, 0.22708757637474541], [0.011087645195353749, 0.20773930753564154], [0.010559662090813094, 0.22708757637474541], [0.011087645195353749, 0.22708757637474541], [0.04487856388595565, 0.1629327902240326], [0.0897571277719113, 0.14052953156822812], [0.1304118268215417, 0.13747454175152748], [0.19429778247096094, 0.21792260692464357], [0.0, 0.0], [0.0, 0.0]], "L-Hip": [[0.0559662090813094, 0.07535641547861507], [0.06705385427666315, 0.09674134419551934], [0.0781414994720169, 0.11914460285132383], [0.09820485744456177, 0.12932790224032586], [0.1341077085533263, 0.1395112016293279], [0.1795142555438226, 0.14052953156822812], [0.2249208025343189, 0.18431771894093688], [0.2787750791974657, 0.23828920570264767], [0.0, 0.0], [0.0, 0.0]], "L-Knee": [[0.0781414994720169, 0.14052953156822812], [0.08922914466737064, 0.1415478615071283], [0.0897571277719113, 0.1415478615071283], [0.1119324181626188, 0.1629327902240326], [0.12302006335797254, 0.18533604887983707], [0.15681098204857444, 0.18329938900203666], [0.22280887011615627, 0.20264765784114053], [0.2845828933474129, 0.2606924643584521], [0.0, 0.0], [0.0, 0.0]], "L-Ank": [[0.1003167898627244, 0.22708757637474541], [0.09028511087645195, 0.22810590631364563], [0.08922914466737064, 0.20672097759674135], [0.08922914466737064, 0.22606924643584522], [0.0897571277719113, 0.22708757637474541], [0.1119324181626188, 0.22708757637474541], [0.1737064413938754, 0.19959266802443992], [0.249208025343189, 0.25865580448065173], [0.0, 0.0], [0.0, 0.0]]}