{"Head": [[-0.011615628299894404, -0.0539714867617108], [-0.011615628299894404, -0.0539714867617108], [-0.011615628299894404, -0.03360488798370672], [-0.022175290390707498, -0.0539714867617108], [-0.0337909186906019, -0.032586558044806514], [-0.06705385427666315, -0.012219959266802444], [-0.14625131995776136, 0.010183299389002037], [-0.19165786694825765, 0.03054989816700611], [-0.26874340021119325, 0.10081466395112017], [-0.33157338965153116, 0.1334012219959267]], "R-Sho": [[-0.0337909186906019, -0.03360488798370672], [-0.034318901795142555, -0.032586558044806514], [-0.034318901795142555, -0.013238289205702648], [-0.04487856388595565, -0.032586558044806514], [-0.056494192185850056, -0.01120162932790224], [-0.0791974656810982, 0.01120162932790224], [-0.14361140443505807, 0.051934826883910386], [-0.18585005279831046, 0.06008146639511202], [-0.24973600844772967, 0.13238289205702647], [-0.3093980992608237, 0.15173116089613034]], "R-Elb": [[-0.0559662090813094, -0.01120162932790224], [-0.056494192185850056, 0.009164969450101833], [-0.056494192185850056, 0.010183299389002037], [-0.0675818373812038, 0.009164969450101833], [-0.06810982048574446, 0.032586558044806514], [-0.09028511087645195, 0.054989816700611], [-0.1583949313621964, 0.07230142566191446], [-0.20538542766631468, 0.07026476578411406], [-0.2692713833157339, 0.15784114052953158], [-0.3146779303062302, 0.18024439918533605]], "R-Wr": [[-0.0454065469904963, 0.032586558044806514], [-0.0559662090813094, 0.032586558044806514], [-0.056494192185850056, 0.0539714867617108], [-0.07866948257655755, 0.03360488798370672], [-0.0791974656810982, 0.07535641547861507], [-0.09028511087645195, 0.07535641547861507], [-0.19271383315733898, 0.04989816700610998], [-0.24234424498416052, 0.07535641547861507], [-0.31414994720168954, 0.17718940936863545], [-0.34213305174234426, 0.17718940936863545]], "L-Sho": [[0.0, -0.032586558044806514], [-0.0005279831045406547, -0.032586558044806514], [-0.0005279831045406547, -0.012219959266802444], [-0.011087645195353749, -0.032586558044806514], [-0.02270327349524815, -0.01120162932790224], [-0.0454065469904963, -0.010183299389002037], [-0.117740232312566, 0.004073319755600814], [-0.17212249208025343, 0.008146639511201629], [-0.24234424498416052, 0.0855397148676171], [-0.3020063357972545, 0.10590631364562118]], "L-Elb": [[0.011087645195353749, 0.010183299389002037], [0.011087645195353749, 0.009164969450101833], [0.010559662090813094, 0.01120162932790224], [0.0, 0.010183299389002037], [-0.010559662090813094, 0.01120162932790224], [-0.0337909186906019, 0.031568228105906315], [-0.10559662090813093, -0.012219959266802444], [-0.20010559662090813, 0.0010183299389002036], [-0.25607180570221755, 0.04786150712830957], [-0.30623020063357975, 0.06415478615071284]], "L-Wr": [[0.011615628299894404, 0.032586558044806514], [0.02164730728616684, 0.031568228105906315], [0.011087645195353749, 0.03360488798370672], [0.011087645195353749, 0.031568228105906315], [0.010559662090813094, 0.054989816700611], [-0.023231256599788808, 0.0539714867617108], [-0.14149947201689547, -0.017311608961303463], [-0.22544878563885956, 0.024439918533604887], [-0.293558606124604, 0.07739307535641547], [-0.3321013727560718, 0.09775967413441955]], "R-Hip": [[-0.034318901795142555, 0.031568228105906315], [-0.034318901795142555, 0.032586558044806514], [-0.03484688489968321, 0.05295315682281059], [-0.0454065469904963, 0.03360488798370672], [-0.056494192185850056, 0.0539714867617108], [-0.057022175290390706, 0.07637474541751528], [-0.09398099260823653, 0.09368635437881874], [-0.13569165786694826, 0.08961303462321792], [-0.20644139387539598, 0.14052953156822812], [-0.26187961985216474, 0.16089613034623218]], "R-Knee": [[-0.0454065469904963, 0.07535641547861507], [-0.0454065469904963, 0.07535641547861507], [-0.04593453009503696, 0.07535641547861507], [-0.0559662090813094, 0.07535641547861507], [-0.0454065469904963, 0.09674134419551934], [-0.057022175290390706, 0.09674134419551934], [-0.07550158394931362, 0.12016293279022404], [-0.07972544878563886, 0.12423625254582485], [-0.15997888067581836, 0.13136456211812628], [-0.21752903907074975, 0.1364562118126273]], "R-Ank": [[-0.04593453009503696, 0.1415478615071283], [-0.0454065469904963, 0.1415478615071283], [-0.04593453009503696, 0.1415478615071283], [-0.04593453009503696, 0.16089613034623218], [-0.0337909186906019, 0.1395112016293279], [-0.0337909186906019, 0.16191446028513237], [-0.028511087645195353, 0.14969450101832993], [-0.04012671594508976, 0.15376782077393075], [-0.10823653643083421, 0.09674134419551934], [-0.15786694825765576, 0.11812627291242363]], "L-Hip": [[-0.011615628299894404, 0.031568228105906315], [-0.011615628299894404, 0.03360488798370672], [-0.012143611404435059, 0.05295315682281059], [-0.02270327349524815, 0.05295315682281059], [-0.0337909186906019, 0.0539714867617108], [-0.04487856388595565, 0.07433808553971487], [-0.07550158394931362, 0.06822810590631365], [-0.1304118268215417, 0.051934826883910386], [-0.20485744456177402, 0.10285132382892057], [-0.26399155227032733, 0.1354378818737271]], "L-Knee": [[0.010559662090813094, 0.07535641547861507], [0.010559662090813094, 0.07535641547861507], [0.010559662090813094, 0.07535641547861507], [-0.0005279831045406547, 0.07535641547861507], [-0.011615628299894404, 0.07637474541751528], [-0.02270327349524815, 0.07433808553971487], [-0.042238648363252376, 0.10386965376782077], [-0.08078141499472016, 0.09470468431771895], [-0.16473072861668428, 0.10081466395112017], [-0.20485744456177402, 0.10692464358452139]], "L-Ank": [[0.011087645195353749, 0.1415478615071283], [0.011087645195353749, 0.1415478615071283], [0.011087645195353749, 0.1415478615071283], [0.010559662090813094, 0.1415478615071283], [-0.010559662090813094, 0.1415478615071283], [-0.011087645195353749, 0.1415478615071283], [-0.023231256599788808, 0.1415478615071283], [-0.044350580781414996, 0.12321792260692464], [-0.12724392819429778, 0.13034623217922606], [-0.17687434002111932, 0.1629327902240326]]}