{"Head": [[-0.0005279831045406547, -0.054989816700611], [-0.0005279831045406547, -0.054989816700611], [-0.0005279831045406547, -0.054989816700611], [-0.0005279831045406547, -0.054989816700611], [-0.0005279831045406547, -0.0539714867617108], [0.011087645195353749, -0.032586558044806514], [0.10559662090813093, 0.04480651731160896], [0.32682154171066524, 0.1415478615071283], [0.49577613516367475, 0.3065173116089613], [0.4931362196409715, 0.3095723014256619]], "R-Sho": [[-0.03326293558606125, -0.01120162932790224], [-0.03326293558606125, -0.01120162932790224], [-0.02375923970432946, -0.01120162932790224], [-0.023231256599788808, -0.01120162932790224], [-0.02270327349524815, -0.01120162932790224], [-0.011615628299894404, 0.01120162932790224], [0.0781414994720169, 0.07535641547861507], [0.30306230200633577, 0.14052953156822812], [0.4836325237592397, 0.31262729124236255], [0.4804646251319958, 0.34725050916496947]], "R-Elb": [[-0.034318901795142555, 0.0539714867617108], [-0.034318901795142555, 0.054989816700611], [-0.034318901795142555, 0.0539714867617108], [-0.034318901795142555, 0.054989816700611], [-0.0337909186906019, 0.0539714867617108], [-0.02270327349524815, 0.09775967413441955], [0.0559662090813094, 0.11914460285132383], [0.32259767687434004, 0.10896130346232179], [0.46673706441393875, 0.335030549898167], [0.45987328405491024, 0.3604887983706721]], "R-Wr": [[-0.0337909186906019, 0.11914460285132383], [-0.0337909186906019, 0.11914460285132383], [-0.034318901795142555, 0.11914460285132383], [-0.0337909186906019, 0.11914460285132383], [-0.034318901795142555, 0.11914460285132383], [-0.03326293558606125, 0.159877800407332], [0.044350580781414996, 0.16191446028513237], [0.3474128827877508, 0.1354378818737271], [0.4324181626187962, 0.34725050916496947], [0.4392819429778247, 0.3655804480651731]], "L-Sho": [[0.022175290390707498, -0.01120162932790224], [0.022175290390707498, -0.01120162932790224], [0.022175290390707498, -0.01120162932790224], [0.022175290390707498, -0.01120162932790224], [0.022175290390707498, -0.01120162932790224], [0.04118268215417107, 0.012219959266802444], [0.12249208025343189, 0.09775967413441955], [0.30623020063357975, 0.1975560081466395], [0.48891235480464623, 0.28411405295315684], [0.4799366420274551, 0.2861507128309572]], "L-Elb": [[0.03326293558606125, 0.05295315682281059], [0.03326293558606125, 0.05295315682281059], [0.03326293558606125, 0.05295315682281059], [0.03326293558606125, 0.05295315682281059], [0.03326293558606125, 0.05295315682281059], [0.044350580781414996, 0.07535641547861507], [0.1235480464625132, 0.16191446028513237], [0.3368532206969377, 0.22810590631364563], [0.46832101372756074, 0.285132382892057], [0.44931362196409713, 0.2892057026476578]], "L-Wr": [[0.0337909186906019, 0.09877800407331976], [0.0337909186906019, 0.09877800407331976], [0.0337909186906019, 0.09775967413441955], [0.0337909186906019, 0.09877800407331976], [0.0337909186906019, 0.09877800407331976], [0.04487856388595565, 0.11914460285132383], [0.1235480464625132, 0.20672097759674135], [0.37117212249208026, 0.23421588594704684], [0.4382259767687434, 0.2953156822810591], [0.4276663146779303, 0.29429735234215887]], "R-Hip": [[-0.012143611404435059, 0.12016293279022404], [-0.012143611404435059, 0.11914460285132383], [-0.012143611404435059, 0.11914460285132383], [-0.012143611404435059, 0.11914460285132383], [-0.011615628299894404, 0.11914460285132383], [-0.0005279831045406547, 0.14052953156822812], [0.06705385427666315, 0.18329938900203666], [0.22597676874340022, 0.17209775967413443], [0.43294614572333684, 0.31568228105906315], [0.4260823653643083, 0.3421588594704684]], "R-Knee": [[-0.02270327349524815, 0.22708757637474541], [-0.02270327349524815, 0.22708757637474541], [-0.02270327349524815, 0.20672097759674135], [-0.02270327349524815, 0.22606924643584522], [-0.02270327349524815, 0.20672097759674135], [-0.02270327349524815, 0.20672097759674135], [0.044350580781414996, 0.22708757637474541], [0.18585005279831046, 0.18737270875763748], [0.397571277719113, 0.3360488798370672], [0.3986272439281943, 0.31771894093686354]], "R-Ank": [[-0.0337909186906019, 0.31466395112016293], [-0.0337909186906019, 0.31466395112016293], [-0.03326293558606125, 0.31466395112016293], [-0.03326293558606125, 0.31466395112016293], [-0.0337909186906019, 0.31466395112016293], [-0.02270327349524815, 0.31466395112016293], [-0.02270327349524815, 0.445010183299389], [0.15786694825765576, 0.2606924643584521], [0.337909186906019, 0.26578411405295316], [0.36800422386483633, 0.2830957230142566]], "L-Hip": [[0.011087645195353749, 0.11914460285132383], [0.011087645195353749, 0.11914460285132383], [0.011087645195353749, 0.11914460285132383], [0.011087645195353749, 0.11914460285132383], [0.011087645195353749, 0.11914460285132383], [0.02270327349524815, 0.14052953156822812], [0.09186906019007392, 0.1924643584521385], [0.23020063357972545, 0.23625254582484725], [0.4229144667370644, 0.3024439918533605], [0.42238648363252373, 0.3075356415478615]], "L-Knee": [[0.022175290390707498, 0.20672097759674135], [0.022175290390707498, 0.20672097759674135], [0.022175290390707498, 0.20672097759674135], [0.022175290390707498, 0.20672097759674135], [0.022175290390707498, 0.20570264765784113], [0.022175290390707498, 0.20672097759674135], [0.08922914466737064, 0.2494908350305499], [0.18796198521647306, 0.2535641547861507], [0.3775079197465681, 0.34928716904276985], [0.4007391763463569, 0.3034623217922607]], "L-Ank": [[0.03273495248152059, 0.31466395112016293], [0.03273495248152059, 0.31466395112016293], [0.023231256599788808, 0.31466395112016293], [0.03273495248152059, 0.31466395112016293], [0.023231256599788808, 0.31466395112016293], [0.022175290390707498, 0.3136456211812627], [0.06705385427666315, 0.31466395112016293], [0.13463569165786696, 0.29226069246435843], [0.293558606124604, 0.3105906313645621], [0.3616684266103485, 0.31160896130346233]]}