{"Head": [[-0.0005279831045406547, -0.1425661914460285], [-0.0005279831045406547, -0.1425661914460285], [-0.011615628299894404, -0.1415478615071283], [0.0, -0.12118126272912423], [0.0897571277719113, -0.07637474541751528], [0.1573389651531151, 0.010183299389002037], [0.2391763463569166, 0.12830957230142567], [0.2587117212249208, 0.10692464358452139], [0.25448785638859556, 0.007128309572301426], [0.21119324181626187, -0.10183299389002037]], "R-Sho": [[-0.011615628299894404, -0.12118126272912423], [-0.012143611404435059, -0.12118126272912423], [-0.02270327349524815, -0.12118126272912423], [-0.011087645195353749, -0.11914460285132383], [0.0675818373812038, -0.034623217922606926], [0.15681098204857444, 0.03054989816700611], [0.22650475184794086, 0.11812627291242363], [0.24498416050686378, 0.12118126272912423], [0.2412882787750792, 0.03360488798370672], [0.21119324181626187, -0.05804480651731161]], "R-Elb": [[-0.022175290390707498, -0.09775967413441955], [-0.02270327349524815, -0.09775967413441955], [-0.023231256599788808, -0.09775967413441955], [-0.012143611404435059, -0.07637474541751528], [0.06863780359028511, -0.06415478615071284], [0.14889123548046462, 0.0560081466395112], [0.2122492080253432, 0.11405295315682282], [0.22597676874340022, 0.11507128309572301], [0.2328405491024287, 0.07433808553971487], [0.21277719112988383, 0.010183299389002037]], "R-Wr": [[-0.02006335797254488, -0.06109979633401222], [-0.022175290390707498, -0.07739307535641547], [-0.02270327349524815, -0.07637474541751528], [-0.012143611404435059, -0.054989816700611], [0.08078141499472016, -0.08961303462321792], [0.14519535374868003, 0.10285132382892057], [0.20432946145723338, 0.09368635437881874], [0.22650475184794086, 0.07535641547861507], [0.24392819429778248, 0.0824847250509165], [0.21805702217529038, 0.03767820773930754]], "L-Sho": [[0.011087645195353749, -0.14052953156822812], [0.011087645195353749, -0.14052953156822812], [0.0005279831045406547, -0.12118126272912423], [0.011087645195353749, -0.11914460285132383], [0.09239704329461457, -0.04684317718940937], [0.1678986272439282, 0.032586558044806514], [0.22597676874340022, 0.14562118126272913], [0.2481520591341077, 0.12525458248472504], [0.2391763463569166, 0.01120162932790224], [0.19429778247096094, -0.07026476578411406]], "L-Elb": [[0.02164730728616684, -0.09877800407331976], [0.011615628299894404, -0.09877800407331976], [0.011087645195353749, -0.09877800407331976], [0.02270327349524815, -0.09775967413441955], [0.10084477296726505, -0.034623217922606926], [0.16684266103484688, 0.07026476578411406], [0.21541710665258712, 0.15071283095723015], [0.2275607180570222, 0.12525458248472504], [0.22333685322069693, 0.017311608961303463], [0.1863780359028511, -0.038696537678207736]], "L-Wr": [[0.02481520591341077, -0.06415478615071284], [0.02164730728616684, -0.07637474541751528], [0.011087645195353749, -0.07637474541751528], [0.02270327349524815, -0.07739307535641547], [0.10084477296726505, -0.054989816700611], [0.16948257655755017, 0.10285132382892057], [0.21488912354804646, 0.12830957230142567], [0.22175290390707497, 0.11303462321792261], [0.235480464625132, 0.04276985743380855], [0.1900739176346357, -0.007128309572301426]], "R-Hip": [[-0.011087645195353749, -0.07535641547861507], [-0.011615628299894404, -0.07535641547861507], [-0.011615628299894404, -0.0560081466395112], [-0.0005279831045406547, -0.054989816700611], [0.056494192185850056, -0.01120162932790224], [0.12302006335797254, 0.03360488798370672], [0.19165786694825765, 0.1354378818737271], [0.2133051742344245, 0.11914460285132383], [0.21172122492080253, 0.0560081466395112], [0.1969376979936642, -0.0050916496945010185]], "R-Knee": [[-0.011615628299894404, -0.01120162932790224], [-0.022175290390707498, -0.01120162932790224], [-0.02270327349524815, -0.01120162932790224], [-0.022175290390707498, -0.010183299389002037], [0.036430834213305174, 0.024439918533604887], [0.12249208025343189, 0.10081466395112017], [0.18373812038014783, 0.1415478615071283], [0.2275607180570222, 0.06008146639511202], [0.22175290390707497, 0.07230142566191446], [0.2133051742344245, 0.06415478615071284]], "R-Ank": [[-0.02270327349524815, 0.0539714867617108], [-0.02270327349524815, 0.0539714867617108], [-0.03326293558606125, 0.0539714867617108], [-0.034318901795142555, 0.0539714867617108], [0.0010559662090813093, 0.06619144602851323], [0.08606124604012672, 0.09266802443991853], [0.15205913410770855, 0.15784114052953158], [0.1979936642027455, 0.028513238289205704], [0.20327349524815205, 0.09063136456211812], [0.17159450897571277, 0.07128309572301425]], "L-Hip": [[0.010559662090813094, -0.07535641547861507], [0.010559662090813094, -0.07535641547861507], [0.0, -0.07535641547861507], [0.011087645195353749, -0.054989816700611], [0.06916578669482576, -0.007128309572301426], [0.13357972544878563, 0.0539714867617108], [0.18109820485744457, 0.10896130346232179], [0.21858500527983105, 0.10896130346232179], [0.20591341077085534, 0.032586558044806514], [0.18109820485744457, -0.01120162932790224]], "L-Knee": [[0.011615628299894404, -0.01120162932790224], [0.011087645195353749, -0.01120162932790224], [0.011087645195353749, -0.01120162932790224], [0.02164730728616684, 0.009164969450101833], [0.0781414994720169, 0.031568228105906315], [0.09767687434002112, 0.05702647657841141], [0.17898627243928195, 0.07433808553971487], [0.2191129883843717, 0.08655804480651731], [0.220168954593453, 0.04786150712830957], [0.18479408658922913, 0.03665987780040733]], "L-Ank": [[0.022175290390707498, 0.05295315682281059], [0.022175290390707498, 0.05295315682281059], [0.022175290390707498, 0.0539714867617108], [0.011087645195353749, 0.0539714867617108], [0.06705385427666315, 0.0539714867617108], [0.054910242872228086, 0.04989816700610998], [0.14625131995776136, 0.07637474541751528], [0.19165786694825765, 0.07942973523421588], [0.19271383315733898, 0.06109979633401222], [0.1678986272439282, 0.062118126272912425]]}