{"Head": [[-0.0005279831045406547, -0.0539714867617108], [-0.0005279831045406547, -0.0539714867617108], [-0.0005279831045406547, -0.054989816700611], [-0.0005279831045406547, -0.054989816700611], [-0.011087645195353749, -0.05295315682281059], [-0.02270327349524815, -0.054989816700611], [-0.0559662090813094, -0.07739307535641547], [-0.0897571277719113, -0.0560081466395112], [-0.1351636747624076, -0.07637474541751528], [-0.1573389651531151, -0.09877800407331976]], "R-Sho": [[-0.02270327349524815, -0.012219959266802444], [-0.02270327349524815, -0.012219959266802444], [-0.02270327349524815, -0.031568228105906315], [-0.03326293558606125, -0.012219959266802444], [-0.0337909186906019, -0.012219959266802444], [-0.04487856388595565, -0.01120162932790224], [-0.07866948257655755, -0.03360488798370672], [-0.10137275607180571, -0.031568228105906315], [-0.14625131995776136, -0.032586558044806514], [-0.18004223864836325, -0.07637474541751528]], "R-Elb": [[-0.04487856388595565, 0.010183299389002037], [-0.04487856388595565, 0.010183299389002037], [-0.04487856388595565, 0.010183299389002037], [-0.04487856388595565, 0.010183299389002037], [-0.0454065469904963, 0.010183299389002037], [-0.056494192185850056, 0.031568228105906315], [-0.0897571277719113, -0.010183299389002037], [-0.11246040126715945, 0.010183299389002037], [-0.146779303062302, 0.012219959266802444], [-0.20221752903907075, -0.03360488798370672]], "R-Wr": [[-0.034318901795142555, 0.05295315682281059], [-0.03801478352692714, 0.048879837067209775], [-0.04065469904963041, 0.05091649694501019], [-0.03484688489968321, 0.0539714867617108], [-0.0454065469904963, 0.0539714867617108], [-0.0559662090813094, 0.0539714867617108], [-0.10295670538542767, 0.018329938900203666], [-0.09028511087645195, 0.032586558044806514], [-0.1282998944033791, 0.028513238289205704], [-0.2096092925026399, -0.004073319755600814]], "L-Sho": [[0.011615628299894404, -0.016293279022403257], [0.011087645195353749, -0.01120162932790224], [0.010559662090813094, -0.01120162932790224], [0.0005279831045406547, -0.01120162932790224], [-0.0005279831045406547, -0.01120162932790224], [-0.011615628299894404, -0.01120162932790224], [-0.04487856388595565, -0.03360488798370672], [-0.07866948257655755, -0.032586558044806514], [-0.1235480464625132, -0.03360488798370672], [-0.1573389651531151, -0.054989816700611]], "L-Elb": [[0.011087645195353749, 0.031568228105906315], [0.011087645195353749, 0.031568228105906315], [0.011087645195353749, 0.031568228105906315], [0.010559662090813094, 0.031568228105906315], [0.0005279831045406547, 0.031568228105906315], [-0.0005279831045406547, 0.032586558044806514], [-0.034318901795142555, 0.010183299389002037], [-0.0675818373812038, 0.010183299389002037], [-0.11562829989440337, -0.002036659877800407], [-0.14625131995776136, -0.012219959266802444]], "L-Wr": [[0.011087645195353749, 0.0539714867617108], [0.011087645195353749, 0.0539714867617108], [0.011087645195353749, 0.0539714867617108], [0.010559662090813094, 0.0539714867617108], [0.0005279831045406547, 0.0539714867617108], [0.0, 0.054989816700611], [-0.03484688489968321, 0.032586558044806514], [-0.06810982048574446, 0.032586558044806514], [-0.10190073917634636, -0.01120162932790224], [-0.14625131995776136, -0.01120162932790224]], "R-Hip": [[-0.023231256599788808, 0.0539714867617108], [-0.023231256599788808, 0.05295315682281059], [-0.023231256599788808, 0.032586558044806514], [-0.03326293558606125, 0.05295315682281059], [-0.034318901795142555, 0.032586558044806514], [-0.034318901795142555, 0.054989816700611], [-0.0675818373812038, 0.032586558044806514], [-0.10718057022175291, 0.06109979633401222], [-0.13569165786694826, 0.05295315682281059], [-0.18004223864836325, 0.03054989816700611]], "R-Knee": [[-0.04487856388595565, 0.07637474541751528], [-0.04487856388595565, 0.07535641547861507], [-0.04487856388595565, 0.07433808553971487], [-0.0454065469904963, 0.07535641547861507], [-0.0454065469904963, 0.07637474541751528], [-0.056494192185850056, 0.07535641547861507], [-0.07655755015839494, 0.09470468431771895], [-0.11562829989440337, 0.09470468431771895], [-0.146779303062302, 0.07637474541751528], [-0.18004223864836325, 0.07433808553971487]], "R-Ank": [[-0.056494192185850056, 0.1415478615071283], [-0.0559662090813094, 0.14052953156822812], [-0.056494192185850056, 0.14052953156822812], [-0.056494192185850056, 0.1415478615071283], [-0.06705385427666315, 0.14052953156822812], [-0.057022175290390706, 0.1415478615071283], [-0.06441393875395987, 0.1629327902240326], [-0.11087645195353749, 0.15376782077393075], [-0.14625131995776136, 0.1415478615071283], [-0.15892291446673706, 0.1629327902240326]], "L-Hip": [[-0.0005279831045406547, 0.05091649694501019], [-0.0010559662090813093, 0.05295315682281059], [-0.0010559662090813093, 0.05295315682281059], [-0.011087645195353749, 0.05295315682281059], [-0.005807814149947202, 0.04989816700610998], [-0.012143611404435059, 0.054989816700611], [-0.0454065469904963, 0.032586558044806514], [-0.0791974656810982, 0.05295315682281059], [-0.12302006335797254, 0.05295315682281059], [-0.15681098204857444, 0.029531568228105907]], "L-Knee": [[0.011087645195353749, 0.09674134419551934], [0.011087645195353749, 0.07637474541751528], [0.011087645195353749, 0.07535641547861507], [0.011087645195353749, 0.09674134419551934], [0.010559662090813094, 0.09674134419551934], [0.0005279831045406547, 0.07535641547861507], [-0.023231256599788808, 0.07535641547861507], [-0.07866948257655755, 0.09674134419551934], [-0.10137275607180571, 0.09674134419551934], [-0.14625131995776136, 0.07433808553971487]], "L-Ank": [[0.011615628299894404, 0.1415478615071283], [0.011615628299894404, 0.1415478615071283], [0.02164730728616684, 0.1415478615071283], [0.011087645195353749, 0.16191446028513237], [0.011087645195353749, 0.16191446028513237], [0.011087645195353749, 0.1415478615071283], [-0.02270327349524815, 0.14052953156822812], [-0.07866948257655755, 0.14052953156822812], [-0.09028511087645195, 0.1415478615071283], [-0.146779303062302, 0.14052953156822812]]}