{"Head": [[0.0005279831045406547, -0.12016293279022404], [0.0, -0.12016293279022404], [-0.0005279831045406547, -0.09877800407331976], [-0.02270327349524815, -0.054989816700611], [-0.06810982048574446, -0.03360488798370672], [-0.10718057022175291, -0.025458248472505093], [-0.14783526927138332, 0.003054989816700611], [-0.14730728616684266, 0.1109979633401222], [0.0, 0.0], [0.0, 0.0]], "R-Sho": [[-0.0005279831045406547, -0.09877800407331976], [-0.011615628299894404, -0.09775967413441955], [-0.022175290390707498, -0.07739307535641547], [-0.0337909186906019, -0.032586558044806514], [-0.073389651531151, -0.009164969450101833], [-0.10982048574445617, 0.009164969450101833], [-0.14625131995776136, 0.028513238289205704], [-0.13569165786694826, 0.13747454175152748], [0.0, 0.0], [0.0, 0.0]], "R-Elb": [[-0.011615628299894404, -0.0560081466395112], [-0.011615628299894404, -0.054989816700611], [-0.023231256599788808, -0.054989816700611], [-0.034318901795142555, 0.010183299389002037], [-0.07761351636747624, 0.014256619144602852], [-0.12302006335797254, 0.010183299389002037], [-0.15469904963041184, 0.045824847250509164], [-0.1304118268215417, 0.15376782077393075], [0.0, 0.0], [0.0, 0.0]], "R-Wr": [[-0.011615628299894404, -0.03360488798370672], [-0.02270327349524815, -0.032586558044806514], [-0.034318901795142555, -0.03360488798370672], [-0.03326293558606125, 0.031568228105906315], [-0.08870116156282999, 0.020366598778004074], [-0.12143611404435058, -0.015274949083503055], [-0.17845828933474128, 0.04989816700610998], [-0.14308342133051744, 0.15478615071283094], [0.0, 0.0], [0.0, 0.0]], "L-Sho": [[0.022175290390707498, -0.09877800407331976], [0.011615628299894404, -0.09775967413441955], [0.011087645195353749, -0.07739307535641547], [-0.0005279831045406547, -0.032586558044806514], [-0.0559662090813094, -0.01120162932790224], [-0.09239704329461457, -0.015274949083503055], [-0.1293558606124604, 0.012219959266802444], [-0.1351636747624076, 0.09877800407331976], [0.0, 0.0], [0.0, 0.0]], "L-Elb": [[0.022175290390707498, -0.07535641547861507], [0.022175290390707498, -0.054989816700611], [0.022175290390707498, -0.054989816700611], [0.0, 0.009164969450101833], [-0.04276663146779303, 0.009164969450101833], [-0.08447729672650475, -0.008146639511201629], [-0.14044350580781415, -0.018329938900203666], [-0.1536430834213305, 0.09368635437881874], [0.0, 0.0], [0.0, 0.0]], "L-Wr": [[0.02270327349524815, -0.032586558044806514], [0.022175290390707498, -0.03360488798370672], [0.03273495248152059, -0.03360488798370672], [-0.0005279831045406547, 0.031568228105906315], [-0.0337909186906019, 0.05295315682281059], [-0.10718057022175291, -0.038696537678207736], [-0.16473072861668428, -0.03971486761710794], [-0.17845828933474128, 0.1120162932790224], [0.0, 0.0], [0.0, 0.0]], "R-Hip": [[-0.0005279831045406547, -0.032586558044806514], [-0.0010559662090813093, -0.032586558044806514], [-0.012143611404435059, -0.012219959266802444], [-0.02270327349524815, 0.031568228105906315], [-0.050686378035902854, 0.038696537678207736], [-0.07972544878563886, 0.035641547861507125], [-0.11351636747624076, 0.06619144602851323], [-0.11034846884899684, 0.14867617107942974], [0.0, 0.0], [0.0, 0.0]], "R-Knee": [[-0.0010559662090813093, 0.031568228105906315], [-0.011615628299894404, 0.031568228105906315], [-0.03326293558606125, 0.031568228105906315], [-0.03484688489968321, 0.031568228105906315], [-0.057022175290390706, 0.07535641547861507], [-0.07708553326293559, 0.08859470468431772], [-0.09292502639915523, 0.08961303462321792], [-0.09134107708553327, 0.14969450101832993], [0.0, 0.0], [0.0, 0.0]], "R-Ank": [[-0.011087645195353749, 0.09674134419551934], [-0.022175290390707498, 0.07637474541751528], [-0.034318901795142555, 0.09674134419551934], [-0.0454065469904963, 0.09775967413441955], [-0.04487856388595565, 0.11812627291242363], [-0.04804646251319958, 0.109979633401222], [-0.03907074973600845, 0.11812627291242363], [-0.0501583949313622, 0.14358452138492872], [0.0, 0.0], [0.0, 0.0]], "L-Hip": [[0.011615628299894404, -0.032586558044806514], [0.011087645195353749, -0.032586558044806514], [0.0, -0.012219959266802444], [-0.011087645195353749, 0.031568228105906315], [-0.034318901795142555, 0.032586558044806514], [-0.06230200633579725, 0.03360488798370672], [-0.10190073917634636, 0.054989816700611], [-0.1061246040126716, 0.12321792260692464], [0.0, 0.0], [0.0, 0.0]], "L-Knee": [[0.022175290390707498, 0.031568228105906315], [0.022175290390707498, 0.031568228105906315], [0.011087645195353749, 0.01120162932790224], [0.011087645195353749, 0.05295315682281059], [-0.011087645195353749, 0.06822810590631365], [-0.04012671594508976, 0.05804480651731161], [-0.0791974656810982, 0.06619144602851323], [-0.09028511087645195, 0.12729124236252545], [0.0, 0.0], [0.0, 0.0]], "L-Ank": [[0.022175290390707498, 0.09674134419551934], [0.022175290390707498, 0.09674134419551934], [0.022175290390707498, 0.07637474541751528], [0.02270327349524815, 0.09775967413441955], [0.010559662090813094, 0.09674134419551934], [0.0010559662090813093, 0.10896130346232179], [-0.0675818373812038, 0.09674134419551934], [-0.042238648363252376, 0.12627291242362526], [0.0, 0.0], [0.0, 0.0]]}