{"Head": [[-0.00625, -0.08055555555555556], [-0.00625, -0.1], [-0.00625, -0.1], [-0.00625, -0.09722222222222222], [-0.1109375, -0.008333333333333333], [-0.240625, 0.05555555555555555], [-0.3078125, 0.075], [-0.284375, 0.008333333333333333], [-0.1984375, -0.04722222222222222], [0.0, 0.0]], "R-Sho": [[-0.0171875, -0.058333333333333334], [-0.01875, -0.07777777777777778], [-0.01875, -0.07777777777777778], [-0.0203125, -0.075], [-0.11875, 0.022222222222222223], [-0.2359375, 0.09166666666666666], [-0.2921875, 0.125], [-0.2765625, 0.04722222222222222], [-0.2046875, -0.011111111111111112], [0.0, 0.0]], "R-Elb": [[-0.03125, -0.058333333333333334], [-0.04375, -0.07777777777777778], [-0.04375, -0.07777777777777778], [-0.0328125, -0.05277777777777778], [-0.115625, 0.06111111111111111], [-0.2296875, 0.12222222222222222], [-0.3078125, 0.1361111111111111], [-0.2890625, 0.08055555555555556], [-0.2046875, 0.030555555555555555], [0.0, 0.0]], "R-Wr": [[-0.0609375, -0.041666666666666664], [-0.0921875, -0.07222222222222222], [-0.0546875, -0.075], [-0.04375, -0.011111111111111112], [-0.0890625, 0.07777777777777778], [-0.2578125, 0.13333333333333333], [-0.33125, 0.12777777777777777], [-0.3078125, 0.11666666666666667], [-0.2265625, 0.005555555555555556], [0.0, 0.0]], "L-Sho": [[0.0078125, -0.075], [0.0078125, -0.07777777777777778], [0.015625, -0.07777777777777778], [0.00625, -0.075], [-0.0953125, -0.022222222222222223], [-0.228125, 0.07222222222222222], [-0.290625, 0.08611111111111111], [-0.2609375, 0.04722222222222222], [-0.1796875, -0.016666666666666666], [0.0, 0.0]], "L-Elb": [[0.0296875, -0.05555555555555555], [0.03125, -0.07777777777777778], [0.040625, -0.075], [0.0171875, -0.03333333333333333], [-0.0703125, -0.002777777777777778], [-0.2234375, 0.10833333333333334], [-0.303125, 0.10277777777777777], [-0.259375, 0.08055555555555556], [-0.175, 0.016666666666666666], [0.0, 0.0]], "L-Wr": [[0.0515625, 0.005555555555555556], [0.0734375, -0.05], [0.0640625, -0.05555555555555555], [0.0171875, -0.013888888888888888], [-0.040625, 0.008333333333333333], [-0.25, 0.10555555555555556], [-0.3296875, 0.09166666666666666], [-0.278125, 0.11388888888888889], [-0.1953125, -0.013888888888888888], [0.0, 0.0]], "R-Hip": [[-0.0078125, -0.011111111111111112], [-0.0078125, -0.011111111111111112], [-0.0171875, -0.011111111111111112], [-0.01875, -0.011111111111111112], [-0.071875, 0.044444444444444446], [-0.2046875, 0.11666666666666667], [-0.2546875, 0.1111111111111111], [-0.234375, 0.058333333333333334], [-0.1875, 0.06111111111111111], [0.0, 0.0]], "R-Knee": [[-0.01875, 0.03333333333333333], [-0.01875, 0.03333333333333333], [-0.01875, 0.03333333333333333], [-0.0296875, 0.03333333333333333], [-0.040625, 0.08611111111111111], [-0.1578125, 0.125], [-0.2171875, 0.13055555555555556], [-0.23125, 0.12222222222222222], [-0.18125, 0.11666666666666667], [0.0, 0.0]], "R-Ank": [[-0.01875, 0.09722222222222222], [-0.0203125, 0.09722222222222222], [-0.0203125, 0.09722222222222222], [-0.0203125, 0.09444444444444444], [-0.0078125, 0.1111111111111111], [-0.1109375, 0.11944444444444445], [-0.1875, 0.075], [-0.19375, 0.1111111111111111], [-0.146875, 0.10277777777777777], [0.0, 0.0]], "L-Hip": [[0.00625, -0.011111111111111112], [0.00625, -0.011111111111111112], [0.00625, -0.011111111111111112], [0.0046875, -0.011111111111111112], [-0.05625, 0.027777777777777776], [-0.1953125, 0.1], [-0.25625, 0.09722222222222222], [-0.2265625, 0.06111111111111111], [-0.171875, 0.04722222222222222], [0.0, 0.0]], "L-Knee": [[0.0171875, 0.03333333333333333], [0.0171875, 0.030555555555555555], [0.0171875, 0.030555555555555555], [0.0171875, 0.030555555555555555], [-0.034375, 0.03888888888888889], [-0.15625, 0.10555555555555556], [-0.228125, 0.10277777777777777], [-0.2265625, 0.10833333333333334], [-0.165625, 0.09722222222222222], [0.0, 0.0]], "L-Ank": [[0.0171875, 0.09722222222222222], [0.0171875, 0.09722222222222222], [0.0171875, 0.09722222222222222], [0.0296875, 0.09444444444444444], [-0.0046875, 0.05555555555555555], [-0.1140625, 0.09444444444444444], [-0.2078125, 0.05555555555555555], [-0.184375, 0.10277777777777777], [-0.14375, 0.1], [0.0, 0.0]]}