{"Head": [[0.028125, -0.18888888888888888], [0.0296875, -0.18611111111111112], [0.0171875, -0.18611111111111112], [0.0296875, -0.18611111111111112], [0.0296875, -0.18611111111111112], [0.00625, -0.07777777777777778], [0.1859375, -0.05555555555555555], [0.3, 0.075], [0.3625, 0.125], [0.3984375, 0.11666666666666667]], "R-Sho": [[0.00625, -0.16111111111111112], [0.0171875, -0.16111111111111112], [-0.0046875, -0.16111111111111112], [0.00625, -0.14722222222222223], [0.00625, -0.14444444444444443], [-0.0078125, -0.05555555555555555], [0.1625, -0.03611111111111111], [0.271875, 0.08611111111111111], [0.340625, 0.10277777777777777], [0.38125, 0.07222222222222222]], "R-Elb": [[0.003125, -0.1], [0.0046875, -0.1], [-0.0078125, -0.1], [0.0046875, -0.1], [0.0046875, -0.1], [-0.021875, 0.002777777777777778], [0.1390625, -0.03611111111111111], [0.2515625, 0.11944444444444445], [0.3265625, 0.07777777777777778], [0.3734375, 0.12222222222222222]], "R-Wr": [[0.003125, -0.05555555555555555], [0.003125, -0.058333333333333334], [-0.00625, -0.05555555555555555], [0.0046875, -0.05555555555555555], [-0.0046875, -0.05555555555555555], [-0.0203125, 0.03611111111111111], [0.1515625, -0.03333333333333333], [0.2609375, 0.14166666666666666], [0.3328125, 0.08055555555555556], [0.3953125, 0.11944444444444445]], "L-Sho": [[0.0421875, -0.1638888888888889], [0.053125, -0.14722222222222223], [0.03125, -0.16111111111111112], [0.04375, -0.14722222222222223], [0.0421875, -0.14444444444444443], [0.028125, -0.05555555555555555], [0.1890625, -0.030555555555555555], [0.2984375, 0.09722222222222222], [0.33125, 0.13333333333333333], [0.3765625, 0.13333333333333333]], "L-Elb": [[0.053125, -0.10277777777777777], [0.0546875, -0.1], [0.0421875, -0.1], [0.0546875, -0.1], [0.053125, -0.1], [0.0421875, -0.03333333333333333], [0.2125, 0.008333333333333333], [0.296875, 0.12222222222222222], [0.3359375, 0.1388888888888889], [0.3828125, 0.1361111111111111]], "L-Wr": [[0.053125, -0.05555555555555555], [0.0546875, -0.05555555555555555], [0.0421875, -0.05555555555555555], [0.0546875, -0.05555555555555555], [0.0546875, -0.05555555555555555], [0.053125, -0.011111111111111112], [0.2359375, 0.013888888888888888], [0.2953125, 0.1361111111111111], [0.34375, 0.14722222222222223], [0.39375, 0.14444444444444443]], "R-Hip": [[0.0171875, -0.05555555555555555], [0.0171875, -0.05555555555555555], [0.00625, -0.05555555555555555], [0.0171875, -0.05555555555555555], [0.0171875, -0.05555555555555555], [-0.00625, 0.027777777777777776], [0.13125, 0.008333333333333333], [0.240625, 0.09444444444444444], [0.3125, 0.1], [0.3453125, 0.08055555555555556]], "R-Knee": [[0.00625, 0.027777777777777776], [0.00625, 0.011111111111111112], [0.0046875, 0.013888888888888888], [0.0046875, 0.027777777777777776], [0.0046875, 0.030555555555555555], [-0.0203125, 0.05277777777777778], [0.0921875, 0.030555555555555555], [0.196875, 0.09444444444444444], [0.2765625, 0.07777777777777778], [0.340625, 0.10555555555555556]], "R-Ank": [[0.0046875, 0.09722222222222222], [0.0046875, 0.09444444444444444], [-0.0046875, 0.09722222222222222], [0.003125, 0.09722222222222222], [0.003125, 0.09722222222222222], [-0.053125, 0.11666666666666667], [0.0375, 0.05277777777777778], [0.1421875, 0.10833333333333334], [0.25, 0.10277777777777777], [0.28125, 0.11944444444444445]], "L-Hip": [[0.040625, -0.05555555555555555], [0.0421875, -0.05555555555555555], [0.0296875, -0.05555555555555555], [0.0421875, -0.05555555555555555], [0.0421875, -0.05555555555555555], [0.01875, 0.013888888888888888], [0.134375, 0.041666666666666664], [0.234375, 0.1361111111111111], [0.315625, 0.1388888888888889], [0.353125, 0.13333333333333333]], "L-Knee": [[0.0421875, 0.011111111111111112], [0.0421875, 0.011111111111111112], [0.0421875, 0.011111111111111112], [0.0421875, 0.013888888888888888], [0.0421875, 0.013888888888888888], [0.0421875, 0.05], [0.1109375, 0.08055555555555556], [0.203125, 0.14444444444444443], [0.296875, 0.14722222222222223], [0.3546875, 0.1527777777777778]], "L-Ank": [[0.0515625, 0.09444444444444444], [0.053125, 0.09444444444444444], [0.04375, 0.09444444444444444], [0.04375, 0.09722222222222222], [0.04375, 0.09722222222222222], [0.03125, 0.09722222222222222], [0.040625, 0.11666666666666667], [0.1625, 0.1361111111111111], [0.26875, 0.14444444444444443], [0.3203125, 0.15]]}