{"Head": [[0.021875, -0.21944444444444444], [0.0171875, -0.20555555555555555], [0.0296875, -0.1638888888888889], [0.01875, -0.16666666666666666], [0.028125, -0.08888888888888889], [-0.1234375, -0.03611111111111111], [-0.221875, 0.0], [-0.3078125, 0.08888888888888889], [-0.34375, 0.09444444444444444], [0.0, 0.0]], "R-Sho": [[0.0046875, -0.16666666666666666], [0.0046875, -0.1638888888888889], [0.00625, -0.1388888888888889], [0.0046875, -0.14166666666666666], [0.0046875, -0.058333333333333334], [-0.1234375, -0.002777777777777778], [-0.215625, 0.05], [-0.2859375, 0.11388888888888889], [-0.3296875, 0.11944444444444445], [0.0, 0.0]], "R-Elb": [[-0.00625, -0.11944444444444445], [-0.00625, -0.10277777777777777], [0.003125, -0.08055555555555556], [-0.0078125, -0.09444444444444444], [-0.009375, -0.03333333333333333], [-0.153125, -0.03611111111111111], [-0.246875, 0.05], [-0.3078125, 0.13333333333333333], [-0.35, 0.1388888888888889], [0.0, 0.0]], "R-Wr": [[-0.0046875, -0.08055555555555556], [-0.00625, -0.075], [-0.00625, -0.05555555555555555], [-0.0078125, -0.05277777777777778], [-0.01875, -0.008333333333333333], [-0.178125, -0.07222222222222222], [-0.2796875, 0.03888888888888889], [-0.3515625, 0.13055555555555556], [-0.375, 0.14166666666666666], [0.0, 0.0]], "L-Sho": [[0.040625, -0.16666666666666666], [0.040625, -0.1638888888888889], [0.04375, -0.125], [0.0421875, -0.14166666666666666], [0.0421875, -0.058333333333333334], [-0.09375, -0.03888888888888889], [-0.203125, 0.013888888888888888], [-0.2875, 0.07777777777777778], [-0.3328125, 0.08611111111111111], [0.0, 0.0]], "L-Elb": [[0.04375, -0.12222222222222222], [0.0421875, -0.10277777777777777], [0.0546875, -0.07777777777777778], [0.04375, -0.08055555555555556], [0.0546875, -0.03333333333333333], [-0.11875, -0.06111111111111111], [-0.2328125, 0.030555555555555555], [-0.26875, 0.09444444444444444], [-0.2921875, 0.06388888888888888], [0.0, 0.0]], "L-Wr": [[0.0515625, -0.07777777777777778], [0.0421875, -0.05555555555555555], [0.0640625, -0.03611111111111111], [0.053125, -0.03333333333333333], [0.0671875, 0.008333333333333333], [-0.1671875, -0.08611111111111111], [-0.2640625, 0.06944444444444445], [-0.2734375, 0.1361111111111111], [-0.2953125, 0.1], [0.0, 0.0]], "R-Hip": [[0.00625, -0.075], [0.00625, -0.075], [0.0171875, -0.03333333333333333], [0.0046875, -0.05277777777777778], [0.0171875, 0.011111111111111112], [-0.075, 0.044444444444444446], [-0.1765625, 0.09444444444444444], [-0.221875, 0.13055555555555556], [-0.284375, 0.13055555555555556], [0.0, 0.0]], "R-Knee": [[0.0046875, 0.008333333333333333], [-0.00625, 0.008333333333333333], [0.003125, 0.011111111111111112], [-0.01875, 0.013888888888888888], [0.0046875, 0.05277777777777778], [-0.04375, 0.09444444444444444], [-0.11875, 0.1111111111111111], [-0.1671875, 0.12777777777777777], [-0.2359375, 0.13055555555555556], [0.0, 0.0]], "R-Ank": [[-0.00625, 0.09444444444444444], [-0.0078125, 0.09444444444444444], [-0.00625, 0.09722222222222222], [-0.03125, 0.09722222222222222], [0.00625, 0.10555555555555556], [0.0265625, 0.12222222222222222], [-0.05625, 0.11666666666666667], [-0.1265625, 0.1111111111111111], [-0.1859375, 0.125], [0.0, 0.0]], "L-Hip": [[0.0296875, -0.07777777777777778], [0.0296875, -0.075], [0.0421875, -0.03611111111111111], [0.028125, -0.044444444444444446], [0.040625, 0.008333333333333333], [-0.0609375, 0.011111111111111112], [-0.1671875, 0.058333333333333334], [-0.2234375, 0.08333333333333333], [-0.2828125, 0.08333333333333333], [0.0, 0.0]], "L-Knee": [[0.0421875, 0.008333333333333333], [0.040625, 0.008333333333333333], [0.0546875, 0.011111111111111112], [0.04375, 0.011111111111111112], [0.053125, 0.030555555555555555], [-0.028125, 0.044444444444444446], [-0.1078125, 0.07222222222222222], [-0.1765625, 0.07222222222222222], [-0.246875, 0.07222222222222222], [0.0, 0.0]], "L-Ank": [[0.04375, 0.09444444444444444], [0.0421875, 0.09166666666666666], [0.06875, 0.09444444444444444], [0.0546875, 0.07777777777777778], [0.090625, 0.09722222222222222], [0.028125, 0.09722222222222222], [-0.0578125, 0.08888888888888889], [-0.1171875, 0.06944444444444445], [-0.196875, 0.06388888888888888], [0.0, 0.0]]}