{"Head": [[0.003125, -0.1388888888888889], [0.0046875, -0.12222222222222222], [0.0046875, -0.11666666666666667], [0.03125, -0.058333333333333334], [0.0890625, -0.044444444444444446], [0.1609375, 0.002777777777777778], [0.2203125, 0.05], [0.2421875, 0.07222222222222222], [0.0, 0.0], [0.0, 0.0]], "R-Sho": [[-0.0171875, -0.10277777777777777], [-0.009375, -0.1], [-0.00625, -0.07777777777777778], [0.01875, -0.03888888888888889], [0.0890625, -0.03333333333333333], [0.14375, 0.002777777777777778], [0.2078125, 0.05], [0.2328125, 0.06388888888888888], [0.0, 0.0], [0.0, 0.0]], "R-Elb": [[-0.0328125, -0.10277777777777777], [-0.040625, -0.10277777777777777], [-0.0296875, -0.07222222222222222], [0.009375, -0.013888888888888888], [0.075, -0.027777777777777776], [0.13125, -0.027777777777777776], [0.1875, 0.044444444444444446], [0.2203125, 0.05], [0.0, 0.0], [0.0, 0.0]], "R-Wr": [[-0.0546875, -0.1], [-0.0578125, -0.1], [-0.05, -0.06388888888888888], [0.0, 0.008333333333333333], [0.059375, -0.016666666666666666], [0.1140625, -0.08055555555555556], [0.196875, 0.019444444444444445], [0.24375, 0.041666666666666664], [0.0, 0.0], [0.0, 0.0]], "L-Sho": [[0.0171875, -0.10277777777777777], [0.0171875, -0.1], [0.0171875, -0.07777777777777778], [0.0359375, -0.019444444444444445], [0.0953125, 0.0], [0.1625, 0.03611111111111111], [0.2125, 0.08888888888888889], [0.240625, 0.09722222222222222], [0.0, 0.0], [0.0, 0.0]], "L-Elb": [[0.040625, -0.1], [0.03125, -0.1], [0.03125, -0.058333333333333334], [0.0328125, -0.002777777777777778], [0.1015625, 0.03333333333333333], [0.1796875, 0.07777777777777778], [0.225, 0.10833333333333334], [0.2546875, 0.1111111111111111], [0.0, 0.0], [0.0, 0.0]], "L-Wr": [[0.0546875, -0.1], [0.0546875, -0.1], [0.0546875, -0.05555555555555555], [0.03125, 0.019444444444444445], [0.1078125, 0.058333333333333334], [0.1875, 0.09722222222222222], [0.253125, 0.1111111111111111], [0.2765625, 0.10833333333333334], [0.0, 0.0], [0.0, 0.0]], "R-Hip": [[-0.0078125, -0.03333333333333333], [-0.00625, -0.03333333333333333], [-0.00625, -0.030555555555555555], [0.0109375, -0.002777777777777778], [0.059375, 0.005555555555555556], [0.128125, 0.044444444444444446], [0.190625, 0.06944444444444445], [0.2109375, 0.07777777777777778], [0.0, 0.0], [0.0, 0.0]], "R-Knee": [[-0.0078125, 0.011111111111111112], [-0.0078125, 0.011111111111111112], [-0.01875, 0.011111111111111112], [-0.0125, 0.04722222222222222], [0.0375, 0.025], [0.1109375, 0.016666666666666666], [0.1734375, 0.05555555555555555], [0.2265625, 0.04722222222222222], [0.0, 0.0], [0.0, 0.0]], "R-Ank": [[-0.01875, 0.075], [-0.01875, 0.07222222222222222], [-0.01875, 0.05555555555555555], [-0.0265625, 0.08055555555555556], [0.003125, 0.041666666666666664], [0.078125, 0.016666666666666666], [0.159375, 0.058333333333333334], [0.1984375, 0.05], [0.0, 0.0], [0.0, 0.0]], "L-Hip": [[0.0078125, -0.03333333333333333], [0.00625, -0.03333333333333333], [0.015625, -0.016666666666666666], [0.021875, 0.019444444444444445], [0.0671875, 0.027777777777777776], [0.134375, 0.06944444444444445], [0.19375, 0.09166666666666666], [0.2140625, 0.09166666666666666], [0.0, 0.0], [0.0, 0.0]], "L-Knee": [[0.0171875, 0.011111111111111112], [0.0171875, 0.011111111111111112], [0.0171875, 0.013888888888888888], [0.0203125, 0.05555555555555555], [0.0484375, 0.05555555555555555], [0.0984375, 0.09166666666666666], [0.1921875, 0.10555555555555556], [0.2328125, 0.08333333333333333], [0.0, 0.0], [0.0, 0.0]], "L-Ank": [[0.0171875, 0.07222222222222222], [0.0171875, 0.05555555555555555], [0.0171875, 0.07222222222222222], [0.009375, 0.08611111111111111], [0.0140625, 0.07777777777777778], [0.0671875, 0.07222222222222222], [0.1515625, 0.10277777777777777], [0.203125, 0.11666666666666667], [0.0, 0.0], [0.0, 0.0]]}