{"Head": [[-0.0015625, -0.08055555555555556], [-0.00625, -0.07777777777777778], [0.0046875, -0.09722222222222222], [0.1390625, 0.011111111111111112], [0.16875, 0.03611111111111111], [0.0890625, -0.075], [0.075, -0.14166666666666666], [0.0, 0.0], [0.0, 0.0], [0.0, 0.0]], "R-Sho": [[-0.0140625, -0.06111111111111111], [-0.034375, -0.06666666666666667], [-0.0078125, -0.058333333333333334], [0.121875, 0.022222222222222223], [0.165625, 0.05277777777777778], [0.1015625, -0.05555555555555555], [0.090625, -0.11944444444444445], [0.0, 0.0], [0.0, 0.0], [0.0, 0.0]], "R-Elb": [[-0.03125, -0.05555555555555555], [-0.0171875, -0.03333333333333333], [-0.0203125, -0.07222222222222222], [0.0984375, 0.013888888888888888], [0.184375, 0.07222222222222222], [0.128125, -0.019444444444444445], [0.103125, -0.058333333333333334], [0.0, 0.0], [0.0, 0.0], [0.0, 0.0]], "R-Wr": [[-0.0171875, -0.030555555555555555], [-0.0078125, -0.013888888888888888], [-0.028125, -0.03888888888888889], [0.1125, -0.022222222222222223], [0.1828125, 0.10277777777777777], [0.103125, 0.008333333333333333], [0.1046875, -0.013888888888888888], [0.0, 0.0], [0.0, 0.0], [0.0, 0.0]], "L-Sho": [[0.00625, -0.05555555555555555], [0.0046875, -0.05555555555555555], [0.0171875, -0.058333333333333334], [0.1390625, 0.05277777777777778], [0.146875, 0.027777777777777776], [0.1140625, -0.058333333333333334], [0.065625, -0.11944444444444445], [0.0, 0.0], [0.0, 0.0], [0.0, 0.0]], "L-Elb": [[0.0171875, -0.05277777777777778], [0.00625, -0.03611111111111111], [0.0328125, -0.08888888888888889], [0.1453125, 0.07777777777777778], [0.146875, 0.05277777777777778], [0.128125, -0.03611111111111111], [0.0546875, -0.075], [0.0, 0.0], [0.0, 0.0], [0.0, 0.0]], "L-Wr": [[0.0046875, -0.03333333333333333], [0.0046875, -0.03611111111111111], [0.0421875, -0.06666666666666667], [0.153125, 0.08888888888888889], [0.15625, 0.07777777777777778], [0.1171875, -0.002777777777777778], [0.053125, -0.013888888888888888], [0.0, 0.0], [0.0, 0.0], [0.0, 0.0]], "R-Hip": [[-0.0078125, -0.011111111111111112], [-0.0078125, -0.011111111111111112], [-0.00625, -0.011111111111111112], [0.1078125, 0.06388888888888888], [0.1234375, 0.044444444444444446], [0.13125, -0.008333333333333333], [0.090625, -0.03333333333333333], [0.0, 0.0], [0.0, 0.0], [0.0, 0.0]], "R-Knee": [[-0.01875, 0.030555555555555555], [-0.01875, 0.03333333333333333], [-0.0171875, 0.030555555555555555], [0.084375, 0.04722222222222222], [0.128125, 0.08888888888888889], [0.1171875, 0.05277777777777778], [0.0796875, 0.030555555555555555], [0.0, 0.0], [0.0, 0.0], [0.0, 0.0]], "R-Ank": [[-0.0203125, 0.09444444444444444], [-0.0203125, 0.09444444444444444], [-0.0203125, 0.09166666666666666], [0.0671875, 0.06666666666666667], [0.103125, 0.11944444444444445], [0.128125, 0.09444444444444444], [0.0796875, 0.09444444444444444], [0.0, 0.0], [0.0, 0.0], [0.0, 0.0]], "L-Hip": [[0.0046875, -0.011111111111111112], [0.0046875, -0.011111111111111112], [0.0171875, -0.011111111111111112], [0.1203125, 0.07777777777777778], [0.1234375, 0.04722222222222222], [0.1328125, 0.005555555555555556], [0.078125, -0.03333333333333333], [0.0, 0.0], [0.0, 0.0], [0.0, 0.0]], "L-Knee": [[0.00625, 0.030555555555555555], [0.00625, 0.030555555555555555], [0.028125, 0.030555555555555555], [0.140625, 0.10833333333333334], [0.1171875, 0.07777777777777778], [0.1140625, 0.03888888888888889], [0.078125, 0.030555555555555555], [0.0, 0.0], [0.0, 0.0], [0.0, 0.0]], "L-Ank": [[0.0171875, 0.09166666666666666], [0.0171875, 0.09444444444444444], [0.01875, 0.075], [0.096875, 0.11666666666666667], [0.0875, 0.08055555555555556], [0.1171875, 0.08888888888888889], [0.0796875, 0.09722222222222222], [0.0, 0.0], [0.0, 0.0], [0.0, 0.0]]}