{"Head": [[0.00625, -0.05555555555555555], [0.00625, -0.05555555555555555], [0.0078125, -0.05277777777777778], [0.0296875, -0.03333333333333333], [0.1890625, -0.03611111111111111], [0.3609375, 0.11388888888888889], [0.3734375, 0.16944444444444445], [0.0, 0.0], [0.0, 0.0], [0.0, 0.0]], "R-Sho": [[-0.0078125, -0.03333333333333333], [-0.0078125, -0.03611111111111111], [-0.00625, -0.03333333333333333], [0.0078125, -0.016666666666666666], [0.1671875, -0.016666666666666666], [0.3390625, 0.11666666666666667], [0.3734375, 0.14444444444444443], [0.0, 0.0], [0.0, 0.0], [0.0, 0.0]], "R-Elb": [[-0.0203125, 0.008333333333333333], [-0.0203125, 0.008333333333333333], [-0.01875, 0.008333333333333333], [-0.0078125, 0.008333333333333333], [0.1421875, -0.05555555555555555], [0.3109375, 0.11666666666666667], [0.375, 0.11666666666666667], [0.0, 0.0], [0.0, 0.0], [0.0, 0.0]], "R-Wr": [[-0.03125, 0.05277777777777778], [-0.03125, 0.05277777777777778], [-0.03125, 0.05277777777777778], [-0.0296875, 0.05277777777777778], [0.1296875, -0.08611111111111111], [0.321875, 0.07777777777777778], [0.375, 0.09166666666666666], [0.0, 0.0], [0.0, 0.0], [0.0, 0.0]], "L-Sho": [[0.0296875, -0.03611111111111111], [0.0296875, -0.03611111111111111], [0.0296875, -0.03333333333333333], [0.053125, -0.011111111111111112], [0.196875, 0.005555555555555556], [0.34375, 0.16111111111111112], [0.365625, 0.17222222222222222], [0.0, 0.0], [0.0, 0.0], [0.0, 0.0]], "L-Elb": [[0.0421875, 0.008333333333333333], [0.0421875, 0.008333333333333333], [0.0421875, 0.008333333333333333], [0.0453125, 0.025], [0.209375, 0.05], [0.3265625, 0.18333333333333332], [0.3546875, 0.175], [0.0, 0.0], [0.0, 0.0], [0.0, 0.0]], "L-Wr": [[0.0515625, 0.05277777777777778], [0.053125, 0.05277777777777778], [0.0515625, 0.05277777777777778], [0.0296875, -0.011111111111111112], [0.221875, 0.075], [0.30625, 0.19444444444444445], [0.3421875, 0.1638888888888889], [0.0, 0.0], [0.0, 0.0], [0.0, 0.0]], "R-Hip": [[-0.00625, 0.027777777777777776], [-0.00625, 0.027777777777777776], [-0.00625, 0.027777777777777776], [0.0046875, 0.05277777777777778], [0.14375, 0.044444444444444446], [0.3046875, 0.15555555555555556], [0.359375, 0.13055555555555556], [0.0, 0.0], [0.0, 0.0], [0.0, 0.0]], "R-Knee": [[-0.01875, 0.075], [-0.01875, 0.075], [-0.01875, 0.075], [-0.01875, 0.09722222222222222], [0.0953125, 0.044444444444444446], [0.2671875, 0.1388888888888889], [0.371875, 0.1361111111111111], [0.0, 0.0], [0.0, 0.0], [0.0, 0.0]], "R-Ank": [[-0.0328125, 0.16111111111111112], [-0.0328125, 0.16111111111111112], [-0.0328125, 0.15833333333333333], [-0.03125, 0.14166666666666666], [0.0328125, 0.05277777777777778], [0.2109375, 0.18055555555555555], [0.36875, 0.09722222222222222], [0.0, 0.0], [0.0, 0.0], [0.0, 0.0]], "L-Hip": [[0.01875, 0.013888888888888888], [0.01875, 0.013888888888888888], [0.01875, 0.013888888888888888], [0.03125, 0.05], [0.1546875, 0.08888888888888889], [0.3046875, 0.19166666666666668], [0.3484375, 0.14444444444444443], [0.0, 0.0], [0.0, 0.0], [0.0, 0.0]], "L-Knee": [[0.0296875, 0.075], [0.0296875, 0.075], [0.03125, 0.075], [0.053125, 0.075], [0.10625, 0.11388888888888889], [0.2765625, 0.19166666666666668], [0.3375, 0.14722222222222223], [0.0, 0.0], [0.0, 0.0], [0.0, 0.0]], "L-Ank": [[0.04375, 0.16111111111111112], [0.04375, 0.16111111111111112], [0.04375, 0.16111111111111112], [0.01875, 0.14166666666666666], [0.05625, 0.15555555555555556], [0.2421875, 0.19722222222222222], [0.3359375, 0.10555555555555556], [0.0, 0.0], [0.0, 0.0], [0.0, 0.0]]}