{"Head": [[0.01875, -0.05277777777777778], [0.0171875, -0.05555555555555555], [0.04375, -0.03333333333333333], [0.225, 0.013888888888888888], [0.340625, 0.13333333333333333], [0.359375, 0.14166666666666666], [0.0, 0.0], [0.0, 0.0], [0.0, 0.0], [0.0, 0.0]], "R-Sho": [[0.0046875, -0.03333333333333333], [0.0046875, -0.03611111111111111], [0.0296875, -0.011111111111111112], [0.1953125, -0.002777777777777778], [0.309375, 0.12222222222222222], [0.3515625, 0.125], [0.0, 0.0], [0.0, 0.0], [0.0, 0.0], [0.0, 0.0]], "R-Elb": [[-0.0078125, 0.008333333333333333], [-0.0078125, 0.008333333333333333], [0.00625, 0.027777777777777776], [0.2046875, -0.044444444444444446], [0.3234375, 0.15], [0.3375, 0.15], [0.0, 0.0], [0.0, 0.0], [0.0, 0.0], [0.0, 0.0]], "R-Wr": [[-0.01875, 0.05555555555555555], [-0.01875, 0.05277777777777778], [0.0046875, 0.05277777777777778], [0.225, -0.075], [0.3484375, 0.16666666666666666], [0.34375, 0.18611111111111112], [0.0, 0.0], [0.0, 0.0], [0.0, 0.0], [0.0, 0.0]], "L-Sho": [[0.0421875, -0.03333333333333333], [0.040625, -0.03611111111111111], [0.065625, 0.008333333333333333], [0.20625, 0.05277777777777778], [0.3140625, 0.16944444444444445], [0.371875, 0.125], [0.0, 0.0], [0.0, 0.0], [0.0, 0.0], [0.0, 0.0]], "L-Elb": [[0.053125, 0.008333333333333333], [0.053125, -0.011111111111111112], [0.0671875, 0.05277777777777778], [0.2265625, 0.09722222222222222], [0.303125, 0.18333333333333332], [0.375, 0.1527777777777778], [0.0, 0.0], [0.0, 0.0], [0.0, 0.0], [0.0, 0.0]], "L-Wr": [[0.0546875, 0.05277777777777778], [0.0546875, 0.03611111111111111], [0.0796875, 0.08333333333333333], [0.2546875, 0.13333333333333333], [0.2890625, 0.18888888888888888], [0.3828125, 0.19166666666666668], [0.0, 0.0], [0.0, 0.0], [0.0, 0.0], [0.0, 0.0]], "R-Hip": [[0.00625, 0.030555555555555555], [0.00625, 0.027777777777777776], [0.0234375, 0.058333333333333334], [0.134375, 0.06944444444444445], [0.2921875, 0.14166666666666666], [0.3328125, 0.10277777777777777], [0.0, 0.0], [0.0, 0.0], [0.0, 0.0], [0.0, 0.0]], "R-Knee": [[-0.00625, 0.07777777777777778], [-0.00625, 0.07777777777777778], [-0.0078125, 0.11666666666666667], [0.0921875, 0.06944444444444445], [0.25625, 0.14722222222222223], [0.3359375, 0.16111111111111112], [0.0, 0.0], [0.0, 0.0], [0.0, 0.0], [0.0, 0.0]], "R-Ank": [[-0.01875, 0.16111111111111112], [-0.01875, 0.16111111111111112], [-0.0421875, 0.16111111111111112], [0.040625, 0.10555555555555556], [0.2203125, 0.175], [0.3109375, 0.16944444444444445], [0.0, 0.0], [0.0, 0.0], [0.0, 0.0], [0.0, 0.0]], "L-Hip": [[0.03125, 0.027777777777777776], [0.03125, 0.011111111111111112], [0.0421875, 0.09444444444444444], [0.140625, 0.10555555555555556], [0.2953125, 0.18333333333333332], [0.334375, 0.11666666666666667], [0.0, 0.0], [0.0, 0.0], [0.0, 0.0], [0.0, 0.0]], "L-Knee": [[0.0421875, 0.075], [0.0421875, 0.075], [0.05, 0.11388888888888889], [0.10625, 0.125], [0.275, 0.19722222222222222], [0.3484375, 0.17777777777777778], [0.0, 0.0], [0.0, 0.0], [0.0, 0.0], [0.0, 0.0]], "L-Ank": [[0.05625, 0.16111111111111112], [0.0546875, 0.15833333333333333], [0.0171875, 0.1638888888888889], [0.0484375, 0.1638888888888889], [0.2390625, 0.20555555555555555], [0.3125, 0.19444444444444445], [0.0, 0.0], [0.0, 0.0], [0.0, 0.0], [0.0, 0.0]]}