{"Head": [[0.0296875, -0.18611111111111112], [0.028125, -0.18611111111111112], [0.0296875, -0.16666666666666666], [0.04375, -0.14444444444444443], [0.1234375, -0.044444444444444446], [0.1765625, -0.03611111111111111], [0.2609375, 0.03333333333333333], [0.334375, 0.11666666666666667], [0.0, 0.0], [0.0, 0.0]], "R-Sho": [[0.00625, -0.1638888888888889], [0.0046875, -0.1638888888888889], [0.00625, -0.14166666666666666], [0.01875, -0.12222222222222222], [0.103125, -0.027777777777777776], [0.153125, -0.03611111111111111], [0.2484375, 0.03333333333333333], [0.3203125, 0.09722222222222222], [0.0, 0.0], [0.0, 0.0]], "R-Elb": [[-0.01875, -0.16111111111111112], [-0.01875, -0.1638888888888889], [-0.00625, -0.1], [0.00625, -0.08055555555555556], [0.090625, 0.002777777777777778], [0.1375, -0.03333333333333333], [0.225, 0.075], [0.296875, 0.11944444444444445], [0.0, 0.0], [0.0, 0.0]], "R-Wr": [[-0.0421875, -0.1638888888888889], [-0.0328125, -0.18611111111111112], [0.01875, -0.1], [-0.00625, -0.05277777777777778], [0.0859375, 0.044444444444444446], [0.1140625, -0.011111111111111112], [0.225, 0.11666666666666667], [0.321875, 0.1388888888888889], [0.0, 0.0], [0.0, 0.0]], "L-Sho": [[0.0421875, -0.1638888888888889], [0.0421875, -0.1638888888888889], [0.0421875, -0.14166666666666666], [0.0546875, -0.11944444444444445], [0.1296875, -0.016666666666666666], [0.1875, -0.013888888888888888], [0.2734375, 0.05555555555555555], [0.321875, 0.09722222222222222], [0.0, 0.0], [0.0, 0.0]], "L-Elb": [[0.0671875, -0.1638888888888889], [0.0671875, -0.1638888888888889], [0.04375, -0.1], [0.0671875, -0.07777777777777778], [0.140625, 0.03888888888888889], [0.2, 0.011111111111111112], [0.2734375, 0.09722222222222222], [0.30625, 0.13055555555555556], [0.0, 0.0], [0.0, 0.0]], "L-Wr": [[0.090625, -0.18611111111111112], [0.090625, -0.18333333333333332], [0.0390625, -0.1], [0.0671875, -0.03611111111111111], [0.1375, 0.09444444444444444], [0.2015625, 0.05277777777777778], [0.2625, 0.1388888888888889], [0.3359375, 0.15], [0.0, 0.0], [0.0, 0.0]], "R-Hip": [[0.0171875, -0.05555555555555555], [0.00625, -0.05555555555555555], [0.00625, -0.05277777777777778], [0.0203125, -0.03333333333333333], [0.1015625, 0.03333333333333333], [0.1390625, 0.027777777777777776], [0.2140625, 0.07777777777777778], [0.2796875, 0.08888888888888889], [0.0, 0.0], [0.0, 0.0]], "R-Knee": [[0.00625, 0.011111111111111112], [0.003125, 0.027777777777777776], [-0.00625, 0.027777777777777776], [0.00625, 0.027777777777777776], [0.0671875, 0.06111111111111111], [0.1140625, 0.05555555555555555], [0.1640625, 0.09444444444444444], [0.2515625, 0.09166666666666666], [0.0, 0.0], [0.0, 0.0]], "R-Ank": [[-0.00625, 0.09444444444444444], [-0.0078125, 0.09444444444444444], [-0.01875, 0.09444444444444444], [-0.0078125, 0.07777777777777778], [0.0296875, 0.10555555555555556], [0.0796875, 0.09722222222222222], [0.140625, 0.09722222222222222], [0.2125, 0.09722222222222222], [0.0, 0.0], [0.0, 0.0]], "L-Hip": [[0.0421875, -0.05555555555555555], [0.03125, -0.05555555555555555], [0.03125, -0.044444444444444446], [0.040625, -0.041666666666666664], [0.1171875, 0.025], [0.153125, 0.05], [0.225, 0.11388888888888889], [0.2796875, 0.1361111111111111], [0.0, 0.0], [0.0, 0.0]], "L-Knee": [[0.053125, 0.011111111111111112], [0.0515625, 0.011111111111111112], [0.0421875, 0.027777777777777776], [0.0640625, 0.03333333333333333], [0.1140625, 0.05277777777777778], [0.1390625, 0.09722222222222222], [0.2, 0.11666666666666667], [0.2484375, 0.12222222222222222], [0.0, 0.0], [0.0, 0.0]], "L-Ank": [[0.0546875, 0.09444444444444444], [0.0546875, 0.09166666666666666], [0.0546875, 0.09444444444444444], [0.065625, 0.09722222222222222], [0.0890625, 0.11944444444444445], [0.1140625, 0.11944444444444445], [0.1515625, 0.11666666666666667], [0.2015625, 0.1388888888888889], [0.0, 0.0], [0.0, 0.0]]}