{"Head": [[0.03125, -0.07777777777777778], [0.028125, -0.09444444444444444], [0.0765625, -0.03333333333333333], [0.1890625, 0.03333333333333333], [0.2859375, 0.09722222222222222], [0.3265625, 0.125], [0.290625, 0.05], [0.3078125, 0.0], [0.0, 0.0], [0.0, 0.0]], "R-Sho": [[0.0171875, -0.05555555555555555], [0.00625, -0.05555555555555555], [0.04375, -0.013888888888888888], [0.171875, 0.03888888888888889], [0.265625, 0.10277777777777777], [0.315625, 0.1], [0.290625, 0.08333333333333333], [0.315625, 0.03611111111111111], [0.0, 0.0], [0.0, 0.0]], "R-Elb": [[0.0046875, -0.013888888888888888], [-0.00625, -0.013888888888888888], [0.028125, 0.011111111111111112], [0.1640625, 0.05], [0.246875, 0.10555555555555556], [0.3, 0.10833333333333334], [0.290625, 0.14444444444444443], [0.315625, 0.07222222222222222], [0.0, 0.0], [0.0, 0.0]], "R-Wr": [[-0.00625, 0.03333333333333333], [-0.0078125, 0.027777777777777776], [0.0046875, 0.1], [0.146875, 0.06111111111111111], [0.23125, 0.13055555555555556], [0.315625, 0.13055555555555556], [0.303125, 0.175], [0.315625, 0.125], [0.0, 0.0], [0.0, 0.0]], "L-Sho": [[0.0546875, -0.05555555555555555], [0.0421875, -0.058333333333333334], [0.0796875, 0.008333333333333333], [0.1953125, 0.07222222222222222], [0.290625, 0.15555555555555556], [0.3171875, 0.15555555555555556], [0.31875, 0.06388888888888888], [0.334375, 0.011111111111111112], [0.0, 0.0], [0.0, 0.0]], "L-Elb": [[0.0671875, -0.013888888888888888], [0.065625, -0.03888888888888889], [0.078125, 0.05277777777777778], [0.2140625, 0.11666666666666667], [0.2796875, 0.175], [0.30625, 0.15833333333333333], [0.325, 0.08333333333333333], [0.334375, 0.07222222222222222], [0.0, 0.0], [0.0, 0.0]], "L-Wr": [[0.06875, 0.030555555555555555], [0.0671875, 0.008333333333333333], [0.065625, 0.075], [0.2234375, 0.16944444444444445], [0.2578125, 0.18888888888888888], [0.321875, 0.17222222222222222], [0.321875, 0.11944444444444445], [0.3328125, 0.12777777777777777], [0.0, 0.0], [0.0, 0.0]], "R-Hip": [[0.01875, 0.008333333333333333], [0.015625, 0.011111111111111112], [0.0296875, 0.05277777777777778], [0.14375, 0.08611111111111111], [0.24375, 0.125], [0.3, 0.13055555555555556], [0.3296875, 0.08333333333333333], [0.3578125, 0.08055555555555556], [0.0, 0.0], [0.0, 0.0]], "R-Knee": [[0.0046875, 0.05555555555555555], [-0.0078125, 0.05555555555555555], [0.0046875, 0.09722222222222222], [0.0796875, 0.05277777777777778], [0.225, 0.10555555555555556], [0.309375, 0.11666666666666667], [0.3375, 0.16944444444444445], [0.3328125, 0.15], [0.0, 0.0], [0.0, 0.0]], "R-Ank": [[-0.0078125, 0.14166666666666666], [-0.03125, 0.1388888888888889], [-0.053125, 0.13333333333333333], [0.0296875, 0.07777777777777778], [0.178125, 0.125], [0.303125, 0.14444444444444443], [0.3171875, 0.18888888888888888], [0.3484375, 0.19166666666666668], [0.0, 0.0], [0.0, 0.0]], "L-Hip": [[0.053125, 0.008333333333333333], [0.040625, 0.011111111111111112], [0.0453125, 0.075], [0.153125, 0.13055555555555556], [0.259375, 0.16111111111111112], [0.309375, 0.15], [0.353125, 0.08611111111111111], [0.375, 0.06111111111111111], [0.0, 0.0], [0.0, 0.0]], "L-Knee": [[0.065625, 0.075], [0.0546875, 0.07222222222222222], [0.0421875, 0.11666666666666667], [0.090625, 0.14722222222222223], [0.2546875, 0.17777777777777778], [0.321875, 0.1638888888888889], [0.378125, 0.11944444444444445], [0.3734375, 0.12777777777777777], [0.0, 0.0], [0.0, 0.0]], "L-Ank": [[0.0765625, 0.14444444444444443], [0.0546875, 0.1388888888888889], [0.015625, 0.16111111111111112], [0.0171875, 0.1638888888888889], [0.2046875, 0.18333333333333332], [0.303125, 0.18055555555555555], [0.403125, 0.16944444444444445], [0.3890625, 0.17777777777777778], [0.0, 0.0], [0.0, 0.0]]}