{"Head": [[0.009375, -0.08333333333333333], [0.0046875, -0.07222222222222222], [0.00625, -0.058333333333333334], [0.00625, -0.058333333333333334], [-0.00625, -0.07777777777777778], [-0.146875, -0.025], [-0.296875, 0.09722222222222222], [-0.3078125, 0.1111111111111111], [0.0, 0.0], [0.0, 0.0]], "R-Sho": [[-0.0140625, -0.05277777777777778], [-0.0078125, -0.05555555555555555], [-0.009375, -0.05277777777777778], [-0.0078125, -0.05277777777777778], [-0.0203125, -0.05555555555555555], [-0.1546875, 0.025], [-0.2703125, 0.175], [-0.2984375, 0.13333333333333333], [0.0, 0.0], [0.0, 0.0]], "R-Elb": [[-0.01875, -0.011111111111111112], [-0.01875, -0.011111111111111112], [-0.0296875, -0.008333333333333333], [-0.0296875, -0.011111111111111112], [-0.04375, -0.03333333333333333], [-0.1765625, 0.07222222222222222], [-0.2828125, 0.18888888888888888], [-0.2921875, 0.16111111111111112], [0.0, 0.0], [0.0, 0.0]], "R-Wr": [[-0.0015625, 0.027777777777777776], [-0.0203125, 0.030555555555555555], [-0.0328125, 0.05], [-0.0328125, 0.05], [-0.04375, 0.03333333333333333], [-0.2140625, 0.05555555555555555], [-0.296875, 0.15], [-0.3015625, 0.17777777777777778], [0.0, 0.0], [0.0, 0.0]], "L-Sho": [[0.0296875, -0.05], [0.028125, -0.05555555555555555], [0.0296875, -0.05277777777777778], [0.0296875, -0.05277777777777778], [0.00625, -0.05555555555555555], [-0.1203125, -0.008333333333333333], [-0.2765625, 0.11944444444444445], [-0.3234375, 0.10277777777777777], [0.0, 0.0], [0.0, 0.0]], "L-Elb": [[0.0421875, -0.013888888888888888], [0.040625, -0.011111111111111112], [0.0421875, -0.011111111111111112], [0.0421875, -0.011111111111111112], [0.028125, -0.03333333333333333], [-0.096875, -0.022222222222222223], [-0.2640625, 0.08055555555555556], [-0.346875, 0.10277777777777777], [0.0, 0.0], [0.0, 0.0]], "L-Wr": [[0.0296875, -0.008333333333333333], [0.0296875, 0.03333333333333333], [0.04375, 0.03333333333333333], [0.0515625, 0.05], [0.0296875, -0.011111111111111112], [-0.0890625, -0.06388888888888888], [-0.284375, 0.058333333333333334], [-0.365625, 0.11944444444444445], [0.0, 0.0], [0.0, 0.0]], "R-Hip": [[-0.0078125, 0.011111111111111112], [-0.00625, 0.011111111111111112], [-0.0078125, 0.011111111111111112], [-0.0078125, 0.011111111111111112], [-0.01875, 0.030555555555555555], [-0.115625, 0.07777777777777778], [-0.2609375, 0.15555555555555556], [-0.3171875, 0.15], [0.0, 0.0], [0.0, 0.0]], "R-Knee": [[-0.0203125, 0.075], [-0.0203125, 0.075], [-0.0203125, 0.075], [-0.0203125, 0.075], [-0.03125, 0.075], [-0.0625, 0.1388888888888889], [-0.26875, 0.18611111111111112], [-0.3125, 0.18055555555555555], [0.0, 0.0], [0.0, 0.0]], "R-Ank": [[-0.0421875, 0.16111111111111112], [-0.0421875, 0.16111111111111112], [-0.0421875, 0.16111111111111112], [-0.0421875, 0.16111111111111112], [-0.03125, 0.1361111111111111], [-0.0125, 0.17777777777777778], [-0.2421875, 0.19166666666666668], [-0.35, 0.18888888888888888], [0.0, 0.0], [0.0, 0.0]], "L-Hip": [[0.0171875, 0.011111111111111112], [0.0171875, 0.011111111111111112], [0.0171875, 0.011111111111111112], [0.0171875, 0.011111111111111112], [0.0046875, 0.027777777777777776], [-0.0921875, 0.044444444444444446], [-0.240625, 0.14444444444444443], [-0.3421875, 0.12222222222222222], [0.0, 0.0], [0.0, 0.0]], "L-Knee": [[0.0296875, 0.075], [0.0296875, 0.075], [0.0296875, 0.075], [0.0296875, 0.075], [0.028125, 0.07222222222222222], [-0.040625, 0.06111111111111111], [-0.2578125, 0.11944444444444445], [-0.371875, 0.15833333333333333], [0.0, 0.0], [0.0, 0.0]], "L-Ank": [[0.0421875, 0.15833333333333333], [0.0421875, 0.15833333333333333], [0.0421875, 0.15833333333333333], [0.0421875, 0.15833333333333333], [0.0421875, 0.1388888888888889], [0.0109375, 0.07222222222222222], [-0.215625, 0.08611111111111111], [-0.421875, 0.18333333333333332], [0.0, 0.0], [0.0, 0.0]]}