{"Head": [[0.015625, -0.10555555555555556], [0.0296875, -0.1], [0.0171875, -0.10277777777777777], [-0.00625, -0.1], [-0.04375, -0.08055555555555556], [-0.190625, -0.013888888888888888], [-0.2265625, -0.03333333333333333], [-0.2390625, -0.09722222222222222], [0.0, 0.0], [0.0, 0.0]], "R-Sho": [[-0.00625, -0.08055555555555556], [0.0078125, -0.08055555555555556], [0.0046875, -0.08055555555555556], [-0.0203125, -0.08055555555555556], [-0.05625, -0.05555555555555555], [-0.190625, 0.013888888888888888], [-0.2375, 0.008333333333333333], [-0.2390625, -0.05555555555555555], [0.0, 0.0], [0.0, 0.0]], "R-Elb": [[-0.0171875, -0.03888888888888889], [-0.00625, -0.05277777777777778], [-0.0078125, -0.05277777777777778], [-0.0328125, -0.05277777777777778], [-0.0625, -0.05277777777777778], [-0.2, 0.075], [-0.2375, 0.03333333333333333], [-0.2390625, -0.013888888888888888], [0.0, 0.0], [0.0, 0.0]], "R-Wr": [[-0.0203125, -0.008333333333333333], [-0.0078125, 0.005555555555555556], [-0.01875, -0.008333333333333333], [-0.04375, 0.008333333333333333], [-0.0703125, -0.05555555555555555], [-0.2015625, 0.11666666666666667], [-0.215625, 0.05], [-0.259375, 0.002777777777777778], [0.0, 0.0], [0.0, 0.0]], "L-Sho": [[0.0296875, -0.08055555555555556], [0.04375, -0.08055555555555556], [0.040625, -0.09444444444444444], [0.015625, -0.08055555555555556], [-0.03125, -0.058333333333333334], [-0.165625, -0.011111111111111112], [-0.2125, -0.011111111111111112], [-0.2140625, -0.058333333333333334], [0.0, 0.0], [0.0, 0.0]], "L-Elb": [[0.0421875, -0.03888888888888889], [0.0546875, -0.03611111111111111], [0.04375, -0.05277777777777778], [0.01875, -0.03611111111111111], [-0.0078125, -0.03333333333333333], [-0.140625, -0.058333333333333334], [-0.1921875, 0.030555555555555555], [-0.2, -0.030555555555555555], [0.0, 0.0], [0.0, 0.0]], "L-Wr": [[0.04375, 0.008333333333333333], [0.065625, 0.008333333333333333], [0.0546875, 0.005555555555555556], [0.0296875, 0.008333333333333333], [0.01875, 0.022222222222222223], [-0.1203125, -0.10277777777777777], [-0.1890625, 0.07777777777777778], [-0.2140625, -0.008333333333333333], [0.0, 0.0], [0.0, 0.0]], "R-Hip": [[0.0046875, -0.030555555555555555], [0.0171875, -0.013888888888888888], [0.0046875, -0.030555555555555555], [-0.01875, -0.030555555555555555], [-0.0421875, 0.011111111111111112], [-0.153125, 0.075], [-0.2234375, 0.05555555555555555], [-0.2375, 0.011111111111111112], [0.0, 0.0], [0.0, 0.0]], "R-Knee": [[-0.009375, 0.030555555555555555], [0.0046875, 0.030555555555555555], [-0.00625, 0.030555555555555555], [-0.03125, 0.030555555555555555], [-0.05625, 0.030555555555555555], [-0.153125, 0.11666666666666667], [-0.246875, 0.13055555555555556], [-0.2625, 0.03333333333333333], [0.0, 0.0], [0.0, 0.0]], "R-Ank": [[-0.03125, 0.09722222222222222], [-0.0171875, 0.09722222222222222], [-0.0203125, 0.09722222222222222], [-0.0453125, 0.1], [-0.04375, 0.09722222222222222], [-0.10625, 0.13333333333333333], [-0.1953125, 0.1388888888888889], [-0.2515625, 0.11666666666666667], [0.0, 0.0], [0.0, 0.0]], "L-Hip": [[0.028125, -0.030555555555555555], [0.040625, -0.013888888888888888], [0.0296875, -0.016666666666666666], [0.0046875, -0.030555555555555555], [-0.01875, 0.011111111111111112], [-0.13125, 0.044444444444444446], [-0.2015625, 0.05277777777777778], [-0.215625, 0.027777777777777776], [0.0, 0.0], [0.0, 0.0]], "L-Knee": [[0.03125, 0.030555555555555555], [0.053125, 0.030555555555555555], [0.0421875, 0.030555555555555555], [0.0171875, 0.030555555555555555], [0.0046875, 0.05277777777777778], [-0.0953125, 0.027777777777777776], [-0.2140625, 0.06944444444444445], [-0.24375, 0.13055555555555556], [0.0, 0.0], [0.0, 0.0]], "L-Ank": [[0.04375, 0.09722222222222222], [0.065625, 0.09722222222222222], [0.0546875, 0.09722222222222222], [0.0296875, 0.09722222222222222], [0.028125, 0.11666666666666667], [-0.0328125, 0.025], [-0.2015625, 0.11666666666666667], [-0.1953125, 0.14444444444444443], [0.0, 0.0], [0.0, 0.0]]}