{"Head": [[0.0296875, -0.18611111111111112], [0.0296875, -0.18611111111111112], [0.0296875, -0.18611111111111112], [0.04375, -0.18888888888888888], [0.03125, -0.18333333333333332], [0.015625, -0.14444444444444443], [-0.06875, -0.05555555555555555], [-0.190625, 0.05], [-0.2640625, 0.07222222222222222], [0.0, 0.0]], "R-Sho": [[0.015625, -0.16111111111111112], [0.0171875, -0.14444444444444443], [0.00625, -0.14444444444444443], [0.0171875, -0.1638888888888889], [0.0171875, -0.16111111111111112], [-0.0078125, -0.14166666666666666], [-0.08125, -0.03333333333333333], [-0.2015625, 0.075], [-0.2625, 0.11666666666666667], [0.0, 0.0]], "R-Elb": [[0.0046875, -0.10277777777777777], [0.0046875, -0.1], [-0.00625, -0.1], [0.0046875, -0.11944444444444445], [0.0046875, -0.11944444444444445], [-0.0328125, -0.125], [-0.09375, -0.011111111111111112], [-0.2125, 0.11944444444444445], [-0.240625, 0.11666666666666667], [0.0, 0.0]], "R-Wr": [[0.01875, -0.05555555555555555], [0.021875, -0.06111111111111111], [-0.00625, -0.058333333333333334], [0.00625, -0.07777777777777778], [0.015625, -0.07777777777777778], [-0.03125, -0.06111111111111111], [-0.1046875, 0.06111111111111111], [-0.203125, 0.1388888888888889], [-0.215625, 0.125], [0.0, 0.0]], "L-Sho": [[0.053125, -0.1638888888888889], [0.053125, -0.14444444444444443], [0.0421875, -0.14444444444444443], [0.053125, -0.1638888888888889], [0.053125, -0.14444444444444443], [0.0296875, -0.125], [-0.0453125, -0.03333333333333333], [-0.178125, 0.03333333333333333], [-0.2515625, 0.07777777777777778], [0.0, 0.0]], "L-Elb": [[0.0546875, -0.11944444444444445], [0.0640625, -0.11666666666666667], [0.0421875, -0.1], [0.05625, -0.11944444444444445], [0.053125, -0.10277777777777777], [0.0421875, -0.1], [-0.03125, -0.011111111111111112], [-0.1515625, 0.05555555555555555], [-0.225, 0.07777777777777778], [0.0, 0.0]], "L-Wr": [[0.05625, -0.08055555555555556], [0.0546875, -0.07777777777777778], [0.0375, -0.044444444444444446], [0.065625, -0.07777777777777778], [0.053125, -0.07777777777777778], [0.0421875, -0.058333333333333334], [-0.0078125, 0.011111111111111112], [-0.1359375, 0.06944444444444445], [-0.209375, 0.08611111111111111], [0.0, 0.0]], "R-Hip": [[0.01875, -0.058333333333333334], [0.028125, -0.05555555555555555], [0.0046875, -0.05555555555555555], [0.0171875, -0.075], [0.0171875, -0.075], [-0.00625, -0.03611111111111111], [-0.06875, 0.030555555555555555], [-0.153125, 0.11666666666666667], [-0.215625, 0.11944444444444445], [0.0, 0.0]], "R-Knee": [[0.0171875, 0.008333333333333333], [0.0171875, 0.008333333333333333], [-0.00625, 0.011111111111111112], [0.0046875, -0.011111111111111112], [0.0046875, 0.005555555555555556], [-0.0171875, 0.030555555555555555], [-0.0796875, 0.05277777777777778], [-0.1265625, 0.11666666666666667], [-0.1875, 0.13333333333333333], [0.0, 0.0]], "R-Ank": [[-0.0046875, 0.075], [0.01875, 0.075], [-0.01875, 0.07777777777777778], [-0.0078125, 0.07222222222222222], [-0.009375, 0.07222222222222222], [-0.0078125, 0.09444444444444444], [-0.05625, 0.11666666666666667], [-0.06875, 0.11666666666666667], [-0.153125, 0.11944444444444445], [0.0, 0.0]], "L-Hip": [[0.0421875, -0.058333333333333334], [0.0421875, -0.05555555555555555], [0.0296875, -0.05555555555555555], [0.0421875, -0.075], [0.040625, -0.075], [0.0171875, -0.03611111111111111], [-0.0453125, 0.013888888888888888], [-0.140625, 0.09444444444444444], [-0.203125, 0.08333333333333333], [0.0, 0.0]], "L-Knee": [[0.0515625, 0.011111111111111112], [0.0546875, 0.008333333333333333], [0.0421875, 0.011111111111111112], [0.053125, 0.008333333333333333], [0.053125, 0.008333333333333333], [0.03125, 0.013888888888888888], [-0.0171875, 0.075], [-0.1046875, 0.09722222222222222], [-0.1796875, 0.05555555555555555], [0.0, 0.0]], "L-Ank": [[0.04375, 0.07777777777777778], [0.0671875, 0.07777777777777778], [0.04375, 0.07777777777777778], [0.0640625, 0.075], [0.0546875, 0.075], [0.053125, 0.07777777777777778], [0.015625, 0.1], [-0.0703125, 0.1], [-0.1453125, 0.03888888888888889], [0.0, 0.0]]}