{"Head": [[0.003125, -0.11944444444444445], [0.0046875, -0.1], [-0.00625, -0.11944444444444445], [-0.0515625, -0.041666666666666664], [-0.178125, -0.005555555555555556], [-0.259375, 0.030555555555555555], [-0.2578125, 0.06388888888888888], [-0.2671875, 0.09444444444444444], [-0.25, -0.058333333333333334], [0.0, 0.0]], "R-Sho": [[-0.009375, -0.1], [-0.009375, -0.09444444444444444], [-0.01875, -0.09722222222222222], [-0.0578125, -0.008333333333333333], [-0.18125, 0.03333333333333333], [-0.2578125, 0.09166666666666666], [-0.271875, 0.08611111111111111], [-0.2484375, 0.06388888888888888], [-0.2625, -0.05555555555555555], [0.0, 0.0]], "R-Elb": [[-0.01875, -0.075], [-0.01875, -0.058333333333333334], [-0.021875, -0.05555555555555555], [-0.0640625, 0.022222222222222223], [-0.196875, 0.06666666666666667], [-0.240625, 0.11944444444444445], [-0.278125, 0.11388888888888889], [-0.2453125, 0.09722222222222222], [-0.2765625, -0.03611111111111111], [0.0, 0.0]], "R-Wr": [[-0.01875, -0.03611111111111111], [-0.01875, -0.03611111111111111], [-0.03125, -0.03333333333333333], [-0.0578125, 0.05555555555555555], [-0.196875, 0.1111111111111111], [-0.2078125, 0.11944444444444445], [-0.278125, 0.1388888888888889], [-0.25625, 0.11944444444444445], [-0.3, -0.013888888888888888], [0.0, 0.0]], "L-Sho": [[0.0171875, -0.1], [0.0171875, -0.09722222222222222], [0.00625, -0.09722222222222222], [-0.03125, -0.025], [-0.1546875, 0.005555555555555556], [-0.240625, 0.05555555555555555], [-0.2359375, 0.06388888888888888], [-0.271875, 0.06666666666666667], [-0.2390625, -0.03333333333333333], [0.0, 0.0]], "L-Elb": [[0.01875, -0.075], [0.01875, -0.075], [0.0171875, -0.058333333333333334], [-0.0125, -0.011111111111111112], [-0.1359375, -0.002777777777777778], [-0.225, 0.08888888888888889], [-0.2296875, 0.09166666666666666], [-0.2828125, 0.09444444444444444], [-0.2390625, 0.005555555555555556], [0.0, 0.0]], "L-Wr": [[0.0171875, -0.05277777777777778], [0.0171875, -0.05277777777777778], [0.01875, -0.03611111111111111], [0.0046875, 0.008333333333333333], [-0.1125, -0.002777777777777778], [-0.20625, 0.07777777777777778], [-0.228125, 0.11388888888888889], [-0.2875, 0.11666666666666667], [-0.2390625, 0.03333333333333333], [0.0, 0.0]], "R-Hip": [[-0.0078125, -0.03333333333333333], [-0.0078125, -0.03333333333333333], [-0.0078125, -0.03333333333333333], [-0.0359375, 0.022222222222222223], [-0.1265625, 0.06111111111111111], [-0.2203125, 0.10555555555555556], [-0.259375, 0.09444444444444444], [-0.2703125, 0.041666666666666664], [-0.275, -0.011111111111111112], [0.0, 0.0]], "R-Knee": [[-0.01875, 0.011111111111111112], [-0.01875, 0.011111111111111112], [-0.01875, 0.011111111111111112], [-0.03125, 0.07222222222222222], [-0.0796875, 0.06944444444444445], [-0.2, 0.09722222222222222], [-0.2828125, 0.06944444444444445], [-0.2984375, 0.05], [-0.2875, 0.030555555555555555], [0.0, 0.0]], "R-Ank": [[-0.01875, 0.07222222222222222], [-0.01875, 0.07222222222222222], [-0.01875, 0.07222222222222222], [-0.009375, 0.09722222222222222], [-0.04375, 0.07222222222222222], [-0.1765625, 0.1111111111111111], [-0.290625, 0.10277777777777777], [-0.3265625, 0.06111111111111111], [-0.2984375, 0.075], [0.0, 0.0]], "L-Hip": [[0.00625, -0.03333333333333333], [0.00625, -0.03333333333333333], [0.00625, -0.03333333333333333], [-0.0234375, 0.002777777777777778], [-0.1234375, 0.025], [-0.2171875, 0.08055555555555556], [-0.2453125, 0.08333333333333333], [-0.253125, 0.03333333333333333], [-0.2625, 0.008333333333333333], [0.0, 0.0]], "L-Knee": [[0.0171875, 0.008333333333333333], [0.0171875, 0.008333333333333333], [0.0171875, 0.011111111111111112], [0.0046875, 0.03611111111111111], [-0.0765625, 0.025], [-0.1890625, 0.06388888888888888], [-0.240625, 0.03611111111111111], [-0.2609375, -0.002777777777777778], [-0.2640625, 0.05], [0.0, 0.0]], "L-Ank": [[0.0171875, 0.06944444444444445], [0.0171875, 0.05555555555555555], [0.0171875, 0.07222222222222222], [0.025, 0.06111111111111111], [-0.040625, 0.027777777777777776], [-0.1625, 0.08333333333333333], [-0.225, 0.08333333333333333], [-0.2703125, -0.03611111111111111], [-0.2640625, 0.075], [0.0, 0.0]]}