{"Head": [[0.0078125, -0.058333333333333334], [0.00625, -0.058333333333333334], [0.00625, -0.058333333333333334], [0.00625, -0.058333333333333334], [0.015625, -0.058333333333333334], [0.084375, -0.041666666666666664], [0.1890625, -0.022222222222222223], [0.2421875, 0.09722222222222222], [0.259375, 0.14444444444444443], [0.25625, 0.15555555555555556]], "R-Sho": [[-0.0078125, -0.05555555555555555], [-0.0078125, -0.05555555555555555], [-0.0078125, -0.05555555555555555], [-0.0078125, -0.05555555555555555], [-0.00625, -0.05277777777777778], [0.0609375, -0.03611111111111111], [0.1734375, -0.016666666666666666], [0.21875, 0.10277777777777777], [0.2359375, 0.08611111111111111], [0.2375, 0.10277777777777777]], "R-Elb": [[-0.0203125, -0.011111111111111112], [-0.0203125, -0.011111111111111112], [-0.0203125, -0.013888888888888888], [-0.0203125, -0.013888888888888888], [-0.01875, -0.011111111111111112], [0.034375, 0.0], [0.1625, -0.04722222222222222], [0.2234375, 0.06111111111111111], [0.2109375, 0.11944444444444445], [0.2125, 0.08055555555555556]], "R-Wr": [[-0.03125, 0.030555555555555555], [-0.03125, 0.03333333333333333], [-0.03125, 0.030555555555555555], [-0.03125, 0.030555555555555555], [-0.03125, 0.03333333333333333], [0.015625, 0.03333333333333333], [0.196875, -0.07777777777777778], [0.253125, 0.05277777777777778], [0.2234375, 0.1638888888888889], [0.21875, 0.14166666666666666]], "L-Sho": [[0.0296875, -0.05555555555555555], [0.0296875, -0.05555555555555555], [0.0296875, -0.05555555555555555], [0.0296875, -0.05555555555555555], [0.03125, -0.05277777777777778], [0.0921875, -0.011111111111111112], [0.1875, 0.03611111111111111], [0.225, 0.15], [0.2359375, 0.15833333333333333], [0.2328125, 0.14722222222222223]], "L-Elb": [[0.0421875, -0.013888888888888888], [0.0421875, -0.013888888888888888], [0.0421875, -0.013888888888888888], [0.0421875, -0.030555555555555555], [0.053125, -0.013888888888888888], [0.0875, 0.03888888888888889], [0.2140625, 0.011111111111111112], [0.2375, 0.16111111111111112], [0.2078125, 0.15833333333333333], [0.1890625, 0.16666666666666666]], "L-Wr": [[0.04375, 0.027777777777777776], [0.04375, 0.027777777777777776], [0.04375, 0.027777777777777776], [0.04375, 0.013888888888888888], [0.0515625, 0.027777777777777776], [0.0875, 0.08055555555555556], [0.2171875, -0.04722222222222222], [0.259375, 0.14166666666666666], [0.178125, 0.16666666666666666], [0.20625, 0.125]], "R-Hip": [[-0.00625, 0.008333333333333333], [-0.00625, 0.008333333333333333], [-0.00625, 0.008333333333333333], [-0.00625, 0.008333333333333333], [0.003125, 0.011111111111111112], [0.03125, 0.041666666666666664], [0.1265625, 0.04722222222222222], [0.178125, 0.12222222222222222], [0.178125, 0.10555555555555556], [0.190625, 0.1]], "R-Knee": [[-0.01875, 0.05277777777777778], [-0.01875, 0.05277777777777778], [-0.01875, 0.05277777777777778], [-0.01875, 0.05277777777777778], [-0.0203125, 0.07222222222222222], [0.0, 0.08333333333333333], [0.0828125, 0.05277777777777778], [0.1296875, 0.12777777777777777], [0.1359375, 0.08055555555555556], [0.15625, 0.06388888888888888]], "R-Ank": [[-0.03125, 0.1388888888888889], [-0.03125, 0.1388888888888889], [-0.03125, 0.1388888888888889], [-0.03125, 0.1388888888888889], [-0.0453125, 0.1388888888888889], [-0.05625, 0.16111111111111112], [0.0265625, 0.04722222222222222], [0.1078125, 0.13055555555555556], [0.0828125, 0.06666666666666667], [0.1, 0.019444444444444445]], "L-Hip": [[0.01875, 0.005555555555555556], [0.01875, 0.005555555555555556], [0.01875, 0.008333333333333333], [0.01875, 0.005555555555555556], [0.0296875, 0.011111111111111112], [0.05, 0.06666666666666667], [0.13125, 0.08055555555555556], [0.175, 0.1638888888888889], [0.1734375, 0.15833333333333333], [0.184375, 0.1388888888888889]], "L-Knee": [[0.0296875, 0.05277777777777778], [0.0296875, 0.05277777777777778], [0.0296875, 0.05277777777777778], [0.0296875, 0.05277777777777778], [0.040625, 0.05277777777777778], [0.0421875, 0.11944444444444445], [0.084375, 0.11388888888888889], [0.128125, 0.17777777777777778], [0.1421875, 0.16666666666666666], [0.165625, 0.17777777777777778]], "L-Ank": [[0.053125, 0.1388888888888889], [0.053125, 0.1388888888888889], [0.053125, 0.1388888888888889], [0.053125, 0.1388888888888889], [0.028125, 0.11944444444444445], [0.00625, 0.1638888888888889], [0.028125, 0.1388888888888889], [0.0828125, 0.1527777777777778], [0.0875, 0.10555555555555556], [0.1453125, 0.13055555555555556]]}