{"Head": [[0.028125, -0.14444444444444443], [0.0421875, -0.12222222222222222], [0.0546875, -0.11944444444444445], [0.0828125, -0.08055555555555556], [0.1390625, -0.05555555555555555], [0.165625, -0.06944444444444445], [0.2125, -0.05555555555555555], [0.275, -0.013888888888888888], [0.328125, 0.030555555555555555], [0.359375, 0.05]], "R-Sho": [[0.00625, -0.125], [0.01875, -0.11944444444444445], [0.03125, -0.1], [0.0546875, -0.07777777777777778], [0.115625, -0.05555555555555555], [0.1515625, -0.058333333333333334], [0.1984375, -0.041666666666666664], [0.259375, 0.008333333333333333], [0.296875, 0.04722222222222222], [0.3484375, 0.07777777777777778]], "R-Elb": [[-0.00625, -0.1], [0.0046875, -0.07777777777777778], [0.0171875, -0.07777777777777778], [0.0421875, -0.05555555555555555], [0.090625, -0.03611111111111111], [0.125, -0.075], [0.1890625, -0.03611111111111111], [0.275, 0.008333333333333333], [0.3, 0.07777777777777778], [0.346875, 0.10833333333333334]], "R-Wr": [[-0.009375, -0.03333333333333333], [-0.0078125, -0.019444444444444445], [0.00625, -0.03611111111111111], [0.0296875, -0.011111111111111112], [0.078125, -0.013888888888888888], [0.1203125, -0.10277777777777777], [0.1875, -0.03611111111111111], [0.2984375, 0.05277777777777778], [0.3359375, 0.11944444444444445], [0.3765625, 0.1111111111111111]], "L-Sho": [[0.0421875, -0.12222222222222222], [0.0546875, -0.1], [0.0671875, -0.09722222222222222], [0.090625, -0.075], [0.1265625, -0.03333333333333333], [0.1859375, -0.03333333333333333], [0.225, -0.03333333333333333], [0.2734375, 0.027777777777777776], [0.321875, 0.08055555555555556], [0.359375, 0.07777777777777778]], "L-Elb": [[0.0546875, -0.08055555555555556], [0.0765625, -0.07777777777777778], [0.0890625, -0.058333333333333334], [0.090625, -0.03333333333333333], [0.128125, 0.005555555555555556], [0.2015625, -0.011111111111111112], [0.2390625, 0.0], [0.2875, 0.03333333333333333], [0.3234375, 0.1], [0.3515625, 0.11944444444444445]], "L-Wr": [[0.0546875, -0.05277777777777778], [0.0796875, -0.03333333333333333], [0.090625, -0.030555555555555555], [0.0921875, 0.008333333333333333], [0.1390625, 0.008333333333333333], [0.225, 0.005555555555555556], [0.2671875, 0.019444444444444445], [0.309375, 0.05555555555555555], [0.334375, 0.12222222222222222], [0.3796875, 0.13055555555555556]], "R-Hip": [[0.00625, -0.05277777777777778], [0.01875, -0.03333333333333333], [0.040625, -0.03333333333333333], [0.053125, -0.013888888888888888], [0.0796875, -0.013888888888888888], [0.1265625, 0.005555555555555556], [0.1765625, 0.011111111111111112], [0.2015625, 0.05277777777777778], [0.271875, 0.09722222222222222], [0.2984375, 0.08611111111111111]], "R-Knee": [[-0.0078125, 0.011111111111111112], [0.0046875, 0.030555555555555555], [0.0171875, 0.027777777777777776], [0.0296875, 0.05277777777777778], [0.059375, 0.041666666666666664], [0.0921875, 0.030555555555555555], [0.125, 0.03888888888888889], [0.1640625, 0.05], [0.2234375, 0.09444444444444444], [0.2671875, 0.10277777777777777]], "R-Ank": [[-0.0203125, 0.07777777777777778], [-0.01875, 0.09444444444444444], [-0.00625, 0.075], [0.015625, 0.09722222222222222], [0.01875, 0.09722222222222222], [0.0546875, 0.05277777777777778], [0.0859375, 0.08055555555555556], [0.15, 0.05277777777777778], [0.2, 0.11666666666666667], [0.225, 0.11944444444444445]], "L-Hip": [[0.03125, -0.04722222222222222], [0.0453125, -0.03888888888888889], [0.0640625, -0.022222222222222223], [0.078125, -0.011111111111111112], [0.1015625, 0.016666666666666666], [0.1390625, 0.030555555555555555], [0.1875, 0.030555555555555555], [0.2140625, 0.075], [0.275, 0.1111111111111111], [0.3015625, 0.125]], "L-Knee": [[0.04375, 0.011111111111111112], [0.0546875, 0.030555555555555555], [0.078125, 0.030555555555555555], [0.090625, 0.030555555555555555], [0.103125, 0.07222222222222222], [0.1140625, 0.075], [0.140625, 0.075], [0.2, 0.09722222222222222], [0.2375, 0.11666666666666667], [0.2703125, 0.12222222222222222]], "L-Ank": [[0.0546875, 0.07777777777777778], [0.065625, 0.09722222222222222], [0.065625, 0.09444444444444444], [0.06875, 0.07777777777777778], [0.078125, 0.11666666666666667], [0.078125, 0.11666666666666667], [0.103125, 0.11666666666666667], [0.1515625, 0.09722222222222222], [0.2015625, 0.1111111111111111], [0.228125, 0.1388888888888889]]}