{"Head": [[-0.009375, -0.225], [-0.00625, -0.2222222222222222], [0.015625, -0.14444444444444443], [0.09375, -0.13333333333333333], [0.1640625, -0.07222222222222222], [0.20625, -0.025], [0.2265625, -0.03611111111111111], [0.2328125, -0.09166666666666666], [0.2296875, -0.13333333333333333], [0.228125, -0.14444444444444443]], "R-Sho": [[-0.0265625, -0.18611111111111112], [-0.0203125, -0.18333333333333332], [-0.00625, -0.11944444444444445], [0.0734375, -0.11944444444444445], [0.1484375, -0.06388888888888888], [0.1796875, -0.025], [0.2015625, -0.019444444444444445], [0.2109375, -0.075], [0.2015625, -0.1], [0.2140625, -0.1111111111111111]], "R-Elb": [[-0.03125, -0.14444444444444443], [-0.03125, -0.14166666666666666], [-0.0078125, -0.07777777777777778], [0.0453125, -0.1111111111111111], [0.128125, -0.075], [0.1796875, 0.008333333333333333], [0.20625, 0.013888888888888888], [0.2109375, -0.030555555555555555], [0.2, -0.03888888888888889], [0.2171875, -0.06666666666666667]], "R-Wr": [[-0.0421875, -0.1], [-0.03125, -0.11944444444444445], [-0.0171875, -0.05555555555555555], [0.028125, -0.09166666666666666], [0.0984375, -0.075], [0.20625, 0.008333333333333333], [0.2140625, 0.04722222222222222], [0.2203125, 0.025], [0.2296875, -0.025], [0.2390625, -0.030555555555555555]], "L-Sho": [[0.00625, -0.18888888888888888], [0.0140625, -0.17777777777777778], [0.0296875, -0.1111111111111111], [0.1, -0.09722222222222222], [0.1578125, -0.027777777777777776], [0.1890625, 0.025], [0.2078125, -0.03611111111111111], [0.2125, -0.07222222222222222], [0.2125, -0.10277777777777777], [0.2, -0.1388888888888889]], "L-Elb": [[0.0171875, -0.14444444444444443], [0.028125, -0.14166666666666666], [0.0375, -0.08333333333333333], [0.1, -0.058333333333333334], [0.16875, 0.016666666666666666], [0.1859375, 0.06388888888888888], [0.209375, 0.0], [0.2109375, -0.027777777777777776], [0.2125, -0.05555555555555555], [0.190625, -0.10277777777777777]], "L-Wr": [[0.0171875, -0.10277777777777777], [0.028125, -0.1], [0.0453125, -0.05277777777777778], [0.0859375, -0.041666666666666664], [0.1765625, 0.05555555555555555], [0.203125, 0.06944444444444445], [0.2203125, 0.03888888888888889], [0.228125, 0.022222222222222223], [0.225, -0.03333333333333333], [0.215625, -0.05]], "R-Hip": [[-0.01875, -0.1], [-0.0171875, -0.1], [0.0046875, -0.05277777777777778], [0.0421875, -0.06111111111111111], [0.1015625, -0.03611111111111111], [0.15625, 0.022222222222222223], [0.1734375, 0.008333333333333333], [0.18125, -0.03333333333333333], [0.1890625, -0.030555555555555555], [0.2, -0.03611111111111111]], "R-Knee": [[-0.0296875, -0.03333333333333333], [-0.0296875, -0.03333333333333333], [-0.01875, -0.011111111111111112], [-0.0015625, -0.027777777777777776], [0.0609375, -0.041666666666666664], [0.125, 0.025], [0.1875, 0.044444444444444446], [0.203125, 0.005555555555555556], [0.2359375, -0.030555555555555555], [0.2359375, -0.013888888888888888]], "R-Ank": [[-0.03125, 0.03611111111111111], [-0.03125, 0.03333333333333333], [-0.034375, 0.058333333333333334], [-0.028125, 0.011111111111111112], [0.0171875, -0.04722222222222222], [0.0890625, 0.027777777777777776], [0.140625, 0.058333333333333334], [0.2046875, 0.05555555555555555], [0.2140625, 0.05277777777777778], [0.2234375, 0.05277777777777778]], "L-Hip": [[0.0046875, -0.1], [0.00625, -0.09722222222222222], [0.025, -0.03611111111111111], [0.053125, -0.027777777777777776], [0.1109375, 0.005555555555555556], [0.1609375, 0.05277777777777778], [0.1625, 0.013888888888888888], [0.178125, -0.016666666666666666], [0.1890625, -0.016666666666666666], [0.1890625, -0.03611111111111111]], "L-Knee": [[0.00625, -0.03333333333333333], [0.0171875, -0.03333333333333333], [0.0234375, -0.002777777777777778], [0.0265625, 0.013888888888888888], [0.1, 0.03333333333333333], [0.13125, 0.06388888888888888], [0.1890625, 0.058333333333333334], [0.1984375, 0.05], [0.1921875, 0.06388888888888888], [0.1921875, 0.041666666666666664]], "L-Ank": [[0.015625, 0.03333333333333333], [0.015625, 0.030555555555555555], [0.021875, 0.041666666666666664], [0.0046875, 0.06666666666666667], [0.0609375, 0.016666666666666666], [0.103125, 0.06944444444444445], [0.1453125, 0.06388888888888888], [0.153125, 0.05], [0.15, 0.06666666666666667], [0.153125, 0.05]]}