{"Head": [[0.0171875, -0.10555555555555556], [0.015625, -0.10277777777777777], [0.0125, -0.09722222222222222], [0.0046875, -0.07777777777777778], [-0.0515625, 0.030555555555555555], [-0.121875, -0.016666666666666666], [-0.23125, 0.08888888888888889], [-0.2796875, 0.15833333333333333], [0.0, 0.0], [0.0, 0.0]], "R-Sho": [[-0.00625, -0.07777777777777778], [-0.00625, -0.075], [-0.00625, -0.075], [-0.0078125, -0.03611111111111111], [-0.06875, 0.06666666666666667], [-0.1375, 0.041666666666666664], [-0.23125, 0.1361111111111111], [-0.2640625, 0.18333333333333332], [0.0, 0.0], [0.0, 0.0]], "R-Elb": [[-0.009375, -0.03333333333333333], [-0.0171875, -0.016666666666666666], [-0.0171875, -0.030555555555555555], [-0.021875, -0.011111111111111112], [-0.075, 0.09722222222222222], [-0.1640625, 0.06666666666666667], [-0.2265625, 0.18055555555555555], [-0.2578125, 0.18333333333333332], [0.0, 0.0], [0.0, 0.0]], "R-Wr": [[-0.01875, 0.011111111111111112], [-0.01875, 0.011111111111111112], [-0.01875, 0.011111111111111112], [-0.03125, 0.030555555555555555], [-0.0609375, 0.13055555555555556], [-0.1609375, 0.0], [-0.221875, 0.19722222222222222], [-0.24375, 0.19722222222222222], [0.0, 0.0], [0.0, 0.0]], "L-Sho": [[0.0296875, -0.07777777777777778], [0.0296875, -0.07777777777777778], [0.0296875, -0.07777777777777778], [0.028125, -0.03611111111111111], [-0.0265625, 0.044444444444444446], [-0.109375, 0.0], [-0.2125, 0.11388888888888889], [-0.271875, 0.13333333333333333], [0.0, 0.0], [0.0, 0.0]], "L-Elb": [[0.040625, -0.03333333333333333], [0.040625, -0.030555555555555555], [0.040625, -0.03333333333333333], [0.040625, -0.011111111111111112], [-0.0125, 0.06666666666666667], [-0.0765625, 0.005555555555555556], [-0.2, 0.125], [-0.25625, 0.1361111111111111], [0.0, 0.0], [0.0, 0.0]], "L-Wr": [[0.0421875, 0.011111111111111112], [0.0421875, 0.011111111111111112], [0.0421875, 0.011111111111111112], [0.040625, 0.011111111111111112], [0.0046875, 0.08888888888888889], [-0.06875, -0.03333333333333333], [-0.1859375, 0.12777777777777777], [-0.2453125, 0.1361111111111111], [0.0, 0.0], [0.0, 0.0]], "R-Hip": [[0.0046875, 0.027777777777777776], [0.0046875, 0.027777777777777776], [0.0046875, 0.027777777777777776], [-0.0078125, 0.04722222222222222], [-0.0390625, 0.10833333333333334], [-0.1015625, 0.09722222222222222], [-0.1796875, 0.17777777777777778], [-0.2453125, 0.17222222222222222], [0.0, 0.0], [0.0, 0.0]], "R-Knee": [[-0.00625, 0.09722222222222222], [-0.00625, 0.09722222222222222], [-0.00625, 0.09444444444444444], [-0.0171875, 0.07777777777777778], [-0.0296875, 0.14444444444444443], [-0.0515625, 0.15555555555555556], [-0.1375, 0.16666666666666666], [-0.2296875, 0.17777777777777778], [0.0, 0.0], [0.0, 0.0]], "R-Ank": [[-0.0078125, 0.18055555555555555], [-0.00625, 0.1638888888888889], [-0.0078125, 0.1638888888888889], [-0.01875, 0.15833333333333333], [-0.009375, 0.19166666666666668], [-0.009375, 0.16944444444444445], [-0.1046875, 0.175], [-0.209375, 0.17777777777777778], [0.0, 0.0], [0.0, 0.0]], "L-Hip": [[0.0296875, 0.013888888888888888], [0.0296875, 0.027777777777777776], [0.028125, 0.027777777777777776], [0.0171875, 0.030555555555555555], [-0.0203125, 0.08611111111111111], [-0.075, 0.05], [-0.1703125, 0.14166666666666666], [-0.240625, 0.14444444444444443], [0.0, 0.0], [0.0, 0.0]], "L-Knee": [[0.0296875, 0.09722222222222222], [0.0296875, 0.09722222222222222], [0.0296875, 0.09444444444444444], [0.0296875, 0.07222222222222222], [-0.0046875, 0.11666666666666667], [-0.034375, 0.058333333333333334], [-0.14375, 0.1], [-0.2234375, 0.1361111111111111], [0.0, 0.0], [0.0, 0.0]], "L-Ank": [[0.040625, 0.16666666666666666], [0.040625, 0.18055555555555555], [0.040625, 0.1638888888888889], [0.040625, 0.1388888888888889], [0.028125, 0.15833333333333333], [0.0, 0.05555555555555555], [-0.1125, 0.14722222222222223], [-0.2046875, 0.1111111111111111], [0.0, 0.0], [0.0, 0.0]]}