{"Head": [[0.0109375, -0.225], [0.0046875, -0.22777777777777777], [0.0046875, -0.20833333333333334], [0.0296875, -0.11944444444444445], [0.184375, -0.1], [0.3234375, 0.05555555555555555], [0.3921875, 0.025], [0.425, -0.06944444444444445], [0.45625, -0.13055555555555556], [0.0, 0.0]], "R-Sho": [[-0.0078125, -0.20555555555555555], [-0.0078125, -0.18611111111111112], [-0.0078125, -0.16666666666666666], [0.0171875, -0.1], [0.1515625, -0.09444444444444444], [0.303125, 0.03611111111111111], [0.384375, 0.044444444444444446], [0.4296875, -0.04722222222222222], [0.45, -0.09166666666666666], [0.0, 0.0]], "R-Elb": [[-0.01875, -0.14444444444444443], [-0.01875, -0.14166666666666666], [-0.01875, -0.12222222222222222], [0.0, -0.044444444444444446], [0.13125, -0.06111111111111111], [0.325, 0.008333333333333333], [0.39375, 0.058333333333333334], [0.428125, -0.025], [0.45625, -0.03611111111111111], [0.0, 0.0]], "R-Wr": [[-0.01875, -0.1], [-0.01875, -0.1], [-0.0203125, -0.09722222222222222], [0.0109375, -0.013888888888888888], [0.1234375, -0.019444444444444445], [0.3421875, -0.008333333333333333], [0.4140625, 0.06388888888888888], [0.446875, -0.002777777777777778], [0.4828125, -0.013888888888888888], [0.0, 0.0]], "L-Sho": [[0.03125, -0.19444444444444445], [0.0265625, -0.18611111111111112], [0.0328125, -0.16944444444444445], [0.0421875, -0.09444444444444444], [0.1875, -0.05555555555555555], [0.30625, 0.09444444444444444], [0.3765625, 0.022222222222222223], [0.403125, -0.044444444444444446], [0.4328125, -0.1], [0.0, 0.0]], "L-Elb": [[0.03125, -0.14444444444444443], [0.0296875, -0.14166666666666666], [0.0421875, -0.1388888888888889], [0.053125, -0.03888888888888889], [0.2109375, -0.10555555555555556], [0.3375, 0.08333333333333333], [0.378125, 0.05555555555555555], [0.4, -0.025], [0.421875, -0.05], [0.0, 0.0]], "L-Wr": [[0.0390625, -0.1], [0.0296875, -0.1], [0.0421875, -0.09444444444444444], [0.04375, -0.008333333333333333], [0.2375, -0.14166666666666666], [0.3640625, 0.08055555555555556], [0.4, 0.06666666666666667], [0.41875, 0.0], [0.4421875, -0.022222222222222223], [0.0, 0.0]], "R-Hip": [[-0.00625, -0.1], [-0.00625, -0.09722222222222222], [-0.0046875, -0.08055555555555556], [0.0171875, -0.03333333333333333], [0.134375, -0.058333333333333334], [0.265625, 0.05277777777777778], [0.3625, 0.04722222222222222], [0.409375, 0.011111111111111112], [0.446875, -0.005555555555555556], [0.0, 0.0]], "R-Knee": [[-0.0078125, -0.013888888888888888], [-0.0078125, -0.030555555555555555], [-0.00625, -0.030555555555555555], [0.003125, 0.027777777777777776], [0.0953125, -0.03611111111111111], [0.24375, -0.011111111111111112], [0.4, 0.09444444444444444], [0.43125, 0.027777777777777776], [0.48125, 0.022222222222222223], [0.0, 0.0]], "R-Ank": [[-0.0078125, 0.05555555555555555], [-0.00625, 0.05], [-0.0046875, 0.05277777777777778], [-0.0140625, 0.06666666666666667], [0.0390625, -0.027777777777777776], [0.196875, -0.016666666666666666], [0.3734375, 0.10833333333333334], [0.4078125, 0.06666666666666667], [0.4671875, 0.1], [0.0, 0.0]], "L-Hip": [[0.01875, -0.09722222222222222], [0.01875, -0.1], [0.01875, -0.09722222222222222], [0.0359375, -0.013888888888888888], [0.153125, -0.019444444444444445], [0.2640625, 0.08055555555555556], [0.359375, 0.05277777777777778], [0.4203125, 0.011111111111111112], [0.4390625, -0.005555555555555556], [0.0, 0.0]], "L-Knee": [[0.0296875, -0.016666666666666666], [0.028125, -0.03333333333333333], [0.0296875, -0.016666666666666666], [0.046875, 0.030555555555555555], [0.1046875, 0.013888888888888888], [0.23125, 0.07222222222222222], [0.3703125, 0.08333333333333333], [0.425, 0.05], [0.4296875, 0.08611111111111111], [0.0, 0.0]], "L-Ank": [[0.0296875, 0.05555555555555555], [0.0296875, 0.05277777777777778], [0.0296875, 0.05277777777777778], [0.0328125, 0.075], [0.046875, 0.06944444444444445], [0.1921875, 0.058333333333333334], [0.3390625, 0.09444444444444444], [0.39375, 0.08611111111111111], [0.3859375, 0.10277777777777777], [0.0, 0.0]]}