{"Head": [[0.0, 0.0], [0.0125, -0.08611111111111111], [0.0046875, -0.07777777777777778], [-0.00625, -0.075], [0.00625, -0.05555555555555555], [0.0078125, -0.05555555555555555], [-0.0015625, 0.008333333333333333], [0.0546875, 0.03333333333333333], [0.115625, 0.11388888888888889], [0.1390625, 0.11666666666666667]], "R-Sho": [[0.0046875, -0.08888888888888889], [-0.0046875, -0.06388888888888888], [-0.0109375, -0.03888888888888889], [-0.00625, -0.05555555555555555], [0.0046875, -0.03611111111111111], [-0.0078125, -0.03333333333333333], [-0.0171875, 0.016666666666666666], [0.0453125, 0.06944444444444445], [0.0921875, 0.1361111111111111], [0.1265625, 0.11944444444444445]], "R-Elb": [[-0.0125, -0.058333333333333334], [-0.009375, -0.044444444444444446], [-0.01875, -0.013888888888888888], [-0.01875, -0.011111111111111112], [-0.0046875, -0.013888888888888888], [-0.0140625, -0.005555555555555556], [-0.0234375, 0.058333333333333334], [0.0625, 0.08888888888888889], [0.1, 0.175], [0.115625, 0.15833333333333333]], "R-Wr": [[-0.0140625, -0.030555555555555555], [-0.009375, -0.008333333333333333], [-0.021875, 0.011111111111111112], [-0.0234375, 0.019444444444444445], [0.003125, -0.008333333333333333], [-0.021875, 0.03333333333333333], [-0.03125, 0.1], [0.084375, 0.09722222222222222], [0.115625, 0.19166666666666668], [0.125, 0.18333333333333332]], "L-Sho": [[-0.009375, 0.0], [0.021875, -0.06111111111111111], [0.01875, -0.044444444444444446], [0.0046875, -0.05555555555555555], [0.0171875, -0.03611111111111111], [0.0203125, -0.016666666666666666], [0.0125, 0.03333333333333333], [0.03125, 0.05277777777777778], [0.1140625, 0.14166666666666666], [0.115625, 0.11666666666666667]], "L-Elb": [[0.0234375, -0.058333333333333334], [0.0234375, -0.025], [0.0234375, -0.022222222222222223], [0.01875, -0.005555555555555556], [0.0171875, -0.013888888888888888], [0.021875, 0.002777777777777778], [0.021875, 0.06111111111111111], [0.0125, 0.05277777777777778], [0.1171875, 0.16944444444444445], [0.1265625, 0.15555555555555556]], "L-Wr": [[0.025, -0.025], [0.0265625, -0.005555555555555556], [0.0296875, 0.0], [0.0265625, 0.03333333333333333], [0.01875, 0.008333333333333333], [0.03125, 0.03611111111111111], [0.009375, 0.08055555555555556], [-0.0046875, 0.06111111111111111], [0.1296875, 0.17777777777777778], [0.1359375, 0.18055555555555555]], "R-Hip": [[0.0, 0.002777777777777778], [0.0046875, -0.011111111111111112], [-0.003125, 0.002777777777777778], [-0.00625, -0.008333333333333333], [0.0046875, 0.008333333333333333], [-0.0046875, 0.030555555555555555], [-0.0078125, 0.06388888888888888], [0.00625, 0.10277777777777777], [0.065625, 0.15833333333333333], [0.090625, 0.16111111111111112]], "R-Knee": [[-0.00625, 0.044444444444444446], [0.0046875, 0.030555555555555555], [-0.0078125, 0.058333333333333334], [-0.0078125, 0.05], [-0.00625, 0.05277777777777778], [-0.0109375, 0.08611111111111111], [-0.01875, 0.1], [-0.00625, 0.125], [0.0359375, 0.1638888888888889], [0.0875, 0.19166666666666668]], "R-Ank": [[-0.00625, 0.06944444444444445], [-0.00625, 0.075], [-0.0125, 0.08888888888888889], [-0.01875, 0.09444444444444444], [-0.0171875, 0.09722222222222222], [-0.0171875, 0.12777777777777777], [-0.021875, 0.13333333333333333], [-0.025, 0.1361111111111111], [0.0046875, 0.13055555555555556], [0.05, 0.15833333333333333]], "L-Hip": [[0.0171875, 0.005555555555555556], [0.00625, -0.011111111111111112], [0.015625, 0.011111111111111112], [0.0046875, -0.011111111111111112], [0.015625, 0.008333333333333333], [0.0109375, 0.04722222222222222], [0.00625, 0.08333333333333333], [0.0265625, 0.10833333333333334], [0.065625, 0.175], [0.090625, 0.14166666666666666]], "L-Knee": [[0.021875, 0.03611111111111111], [0.0203125, 0.044444444444444446], [0.015625, 0.04722222222222222], [0.0078125, 0.03333333333333333], [0.0171875, 0.05277777777777778], [0.0203125, 0.07777777777777778], [0.0140625, 0.10833333333333334], [0.0265625, 0.1361111111111111], [0.03125, 0.18333333333333332], [0.0828125, 0.17222222222222222]], "L-Ank": [[0.021875, 0.06666666666666667], [0.021875, 0.09444444444444444], [0.01875, 0.08055555555555556], [0.021875, 0.09444444444444444], [0.0296875, 0.09722222222222222], [0.0265625, 0.11388888888888889], [0.0296875, 0.13055555555555556], [0.003125, 0.16944444444444445], [0.0046875, 0.16666666666666666], [0.04375, 0.16111111111111112]]}