{"Head": [[0.0296875, -0.03888888888888889], [0.0515625, -0.044444444444444446], [0.096875, -0.03333333333333333], [0.1546875, 0.0], [0.196875, 0.05], [0.225, 0.08333333333333333], [0.2390625, 0.09722222222222222], [0.228125, 0.058333333333333334], [0.23125, 0.027777777777777776], [0.2296875, 0.011111111111111112]], "R-Sho": [[0.0125, -0.022222222222222223], [0.0296875, -0.027777777777777776], [0.08125, -0.027777777777777776], [0.140625, 0.002777777777777778], [0.171875, 0.05], [0.2109375, 0.08055555555555556], [0.228125, 0.08611111111111111], [0.2375, 0.07777777777777778], [0.2421875, 0.05], [0.2453125, 0.030555555555555555]], "R-Elb": [[-0.00625, -0.005555555555555556], [0.015625, -0.005555555555555556], [0.065625, -0.027777777777777776], [0.1265625, 0.0], [0.165625, 0.075], [0.21875, 0.11944444444444445], [0.2328125, 0.11388888888888889], [0.228125, 0.09722222222222222], [0.2421875, 0.08333333333333333], [0.2515625, 0.06666666666666667]], "R-Wr": [[-0.0140625, 0.025], [-0.003125, 0.016666666666666666], [0.0453125, -0.03611111111111111], [0.10625, -0.027777777777777776], [0.19375, 0.08333333333333333], [0.2375, 0.12777777777777777], [0.2265625, 0.1361111111111111], [0.24375, 0.11666666666666667], [0.2515625, 0.09166666666666666], [0.25, 0.09722222222222222]], "L-Sho": [[0.0421875, -0.013888888888888888], [0.06875, -0.019444444444444445], [0.10625, -0.002777777777777778], [0.15625, 0.03333333333333333], [0.184375, 0.09722222222222222], [0.2046875, 0.08611111111111111], [0.228125, 0.08055555555555556], [0.215625, 0.06388888888888888], [0.2125, 0.03888888888888889], [0.2125, 0.05277777777777778]], "L-Elb": [[0.0546875, 0.0], [0.0734375, 0.005555555555555556], [0.1171875, 0.025], [0.165625, 0.06111111111111111], [0.1765625, 0.13055555555555556], [0.1953125, 0.13055555555555556], [0.2125, 0.1], [0.1953125, 0.08888888888888889], [0.2015625, 0.07222222222222222], [0.2, 0.09444444444444444]], "L-Wr": [[0.065625, 0.019444444444444445], [0.071875, 0.03888888888888889], [0.15, 0.05], [0.1875, 0.08888888888888889], [0.2, 0.13333333333333333], [0.2296875, 0.13333333333333333], [0.225, 0.11666666666666667], [0.20625, 0.09722222222222222], [0.20625, 0.09722222222222222], [0.2, 0.12222222222222222]], "R-Hip": [[0.0171875, 0.022222222222222223], [0.028125, 0.03333333333333333], [0.059375, 0.019444444444444445], [0.09375, 0.05], [0.1484375, 0.1], [0.18125, 0.08333333333333333], [0.1984375, 0.08333333333333333], [0.2265625, 0.08888888888888889], [0.228125, 0.07222222222222222], [0.2390625, 0.09166666666666666]], "R-Knee": [[-0.0109375, 0.06111111111111111], [0.0140625, 0.06944444444444445], [0.028125, 0.044444444444444446], [0.05, 0.06388888888888888], [0.115625, 0.08055555555555556], [0.1859375, 0.10833333333333334], [0.165625, 0.13055555555555556], [0.2515625, 0.125], [0.2546875, 0.13055555555555556], [0.25, 0.14166666666666666]], "R-Ank": [[-0.0234375, 0.1], [0.003125, 0.125], [0.0109375, 0.06111111111111111], [0.0203125, 0.08611111111111111], [0.0640625, 0.06944444444444445], [0.115625, 0.10833333333333334], [0.1328125, 0.13333333333333333], [0.2296875, 0.1361111111111111], [0.225, 0.14166666666666666], [0.2328125, 0.14722222222222223]], "L-Hip": [[0.034375, 0.030555555555555555], [0.046875, 0.04722222222222222], [0.075, 0.030555555555555555], [0.096875, 0.08055555555555556], [0.159375, 0.125], [0.184375, 0.13055555555555556], [0.2125, 0.09444444444444444], [0.2, 0.09444444444444444], [0.215625, 0.075], [0.2171875, 0.08611111111111111]], "L-Knee": [[0.0390625, 0.075], [0.0421875, 0.08611111111111111], [0.096875, 0.05277777777777778], [0.115625, 0.11388888888888889], [0.125, 0.13333333333333333], [0.1765625, 0.14166666666666666], [0.21875, 0.12777777777777777], [0.2078125, 0.12222222222222222], [0.215625, 0.1111111111111111], [0.2171875, 0.125]], "L-Ank": [[0.03125, 0.10833333333333334], [0.03125, 0.1361111111111111], [0.078125, 0.09444444444444444], [0.0765625, 0.125], [0.065625, 0.14166666666666666], [0.1140625, 0.1361111111111111], [0.2, 0.14444444444444443], [0.1890625, 0.11944444444444445], [0.1984375, 0.14166666666666666], [0.2, 0.14444444444444443]]}