{"Head": [[0.0421875, -0.12777777777777777], [0.0421875, -0.14166666666666666], [0.0296875, -0.11944444444444445], [0.06875, -0.08888888888888889], [0.1296875, -0.09722222222222222], [0.175, -0.07777777777777778], [0.246875, 0.005555555555555556], [0.2859375, 0.011111111111111112], [0.0, 0.0], [0.0, 0.0]], "R-Sho": [[0.01875, -0.10277777777777777], [0.0203125, -0.11944444444444445], [0.0171875, -0.09444444444444444], [0.0421875, -0.075], [0.1140625, -0.09166666666666666], [0.1640625, -0.058333333333333334], [0.228125, 0.0], [0.2734375, 0.027777777777777776], [0.0, 0.0], [0.0, 0.0]], "R-Elb": [[0.0046875, -0.06944444444444445], [0.0078125, -0.09722222222222222], [0.0171875, -0.05555555555555555], [0.03125, -0.03333333333333333], [0.0859375, -0.07222222222222222], [0.1609375, -0.03611111111111111], [0.2296875, 0.027777777777777776], [0.26875, 0.058333333333333334], [0.0, 0.0], [0.0, 0.0]], "R-Wr": [[-0.0046875, -0.044444444444444446], [0.003125, -0.075], [0.0171875, -0.03333333333333333], [0.0296875, -0.013888888888888888], [0.109375, -0.05], [0.1796875, -0.025], [0.2546875, 0.05], [0.290625, 0.06388888888888888], [0.0, 0.0], [0.0, 0.0]], "L-Sho": [[0.05625, -0.11388888888888889], [0.053125, -0.12222222222222222], [0.053125, -0.09722222222222222], [0.0765625, -0.075], [0.1390625, -0.06111111111111111], [0.190625, -0.05277777777777778], [0.2515625, 0.03888888888888889], [0.2796875, 0.03611111111111111], [0.0, 0.0], [0.0, 0.0]], "L-Elb": [[0.0734375, -0.07777777777777778], [0.065625, -0.1], [0.0640625, -0.075], [0.0796875, -0.05277777777777778], [0.1515625, -0.05555555555555555], [0.209375, -0.022222222222222223], [0.234375, 0.058333333333333334], [0.2734375, 0.06111111111111111], [0.0, 0.0], [0.0, 0.0]], "L-Wr": [[0.0828125, -0.05], [0.0671875, -0.075], [0.0796875, -0.025], [0.0890625, -0.03611111111111111], [0.159375, -0.03611111111111111], [0.2234375, 0.008333333333333333], [0.2625, 0.07222222222222222], [0.296875, 0.06111111111111111], [0.0, 0.0], [0.0, 0.0]], "R-Hip": [[0.0296875, -0.058333333333333334], [0.0296875, -0.07222222222222222], [0.0296875, -0.05277777777777778], [0.0421875, -0.03333333333333333], [0.090625, -0.027777777777777776], [0.140625, -0.008333333333333333], [0.2109375, 0.022222222222222223], [0.2328125, 0.05277777777777778], [0.0, 0.0], [0.0, 0.0]], "R-Knee": [[0.01875, -0.030555555555555555], [0.0171875, -0.030555555555555555], [0.0171875, -0.013888888888888888], [0.0296875, -0.011111111111111112], [0.0640625, 0.0], [0.1234375, -0.025], [0.1828125, 0.011111111111111112], [0.209375, 0.06666666666666667], [0.0, 0.0], [0.0, 0.0]], "R-Ank": [[0.0171875, 0.030555555555555555], [0.0171875, 0.030555555555555555], [-0.00625, 0.03333333333333333], [0.00625, 0.027777777777777776], [0.0265625, 0.016666666666666666], [0.08125, -0.016666666666666666], [0.153125, 0.0], [0.178125, 0.03611111111111111], [0.0, 0.0], [0.0, 0.0]], "L-Hip": [[0.053125, -0.058333333333333334], [0.053125, -0.075], [0.053125, -0.05555555555555555], [0.065625, -0.030555555555555555], [0.1, -0.008333333333333333], [0.140625, 0.005555555555555556], [0.2140625, 0.05555555555555555], [0.23125, 0.044444444444444446], [0.0, 0.0], [0.0, 0.0]], "L-Knee": [[0.0640625, -0.030555555555555555], [0.05625, -0.030555555555555555], [0.065625, -0.03333333333333333], [0.06875, -0.011111111111111112], [0.0859375, 0.022222222222222223], [0.1125, 0.04722222222222222], [0.1875, 0.06388888888888888], [0.2078125, 0.058333333333333334], [0.0, 0.0], [0.0, 0.0]], "L-Ank": [[0.0671875, 0.030555555555555555], [0.065625, 0.030555555555555555], [0.0546875, 0.030555555555555555], [0.053125, 0.03611111111111111], [0.0484375, 0.05], [0.06875, 0.04722222222222222], [0.1453125, 0.058333333333333334], [0.175, 0.030555555555555555], [0.0, 0.0], [0.0, 0.0]]}