{"Head": [[-0.0375, -0.18333333333333332], [-0.04375, -0.23055555555555557], [-0.0453125, -0.21944444444444444], [-0.034375, -0.17222222222222222], [-0.03125, -0.1638888888888889], [0.046875, -0.06666666666666667], [0.13125, 0.03333333333333333], [0.0, 0.0], [0.0, 0.0], [0.0, 0.0]], "R-Sho": [[-0.05625, -0.1638888888888889], [-0.05625, -0.18888888888888888], [-0.05625, -0.18611111111111112], [-0.05625, -0.14444444444444443], [-0.04375, -0.12222222222222222], [0.0296875, -0.05], [0.1125, 0.03611111111111111], [0.0, 0.0], [0.0, 0.0], [0.0, 0.0]], "R-Elb": [[-0.0671875, -0.12222222222222222], [-0.0671875, -0.14444444444444443], [-0.0578125, -0.14166666666666666], [-0.0671875, -0.1], [-0.05625, -0.08055555555555556], [0.009375, -0.016666666666666666], [0.0921875, 0.05277777777777778], [0.0, 0.0], [0.0, 0.0], [0.0, 0.0]], "R-Wr": [[-0.06875, -0.08055555555555556], [-0.06875, -0.12222222222222222], [-0.06875, -0.11944444444444445], [-0.0671875, -0.075], [-0.0546875, -0.10277777777777777], [0.01875, -0.075], [0.121875, 0.07222222222222222], [0.0, 0.0], [0.0, 0.0], [0.0, 0.0]], "L-Sho": [[-0.0203125, -0.1638888888888889], [-0.0203125, -0.18888888888888888], [-0.0296875, -0.18611111111111112], [-0.0203125, -0.14166666666666666], [-0.009375, -0.10833333333333334], [0.0640625, -0.027777777777777776], [0.115625, 0.08055555555555556], [0.0, 0.0], [0.0, 0.0], [0.0, 0.0]], "L-Elb": [[-0.009375, -0.10277777777777777], [-0.0171875, -0.14444444444444443], [-0.01875, -0.16111111111111112], [-0.01875, -0.1], [-0.00625, -0.07777777777777778], [0.0609375, 0.022222222222222223], [0.1, 0.1111111111111111], [0.0, 0.0], [0.0, 0.0], [0.0, 0.0]], "L-Wr": [[-0.0171875, -0.09444444444444444], [-0.0171875, -0.12222222222222222], [-0.01875, -0.12222222222222222], [-0.009375, -0.05555555555555555], [-0.00625, -0.03611111111111111], [0.0890625, -0.019444444444444445], [0.1421875, 0.10277777777777777], [0.0, 0.0], [0.0, 0.0], [0.0, 0.0]], "R-Hip": [[-0.0453125, -0.075], [-0.0546875, -0.1], [-0.0453125, -0.10277777777777777], [-0.053125, -0.05555555555555555], [-0.04375, -0.03611111111111111], [0.0109375, 0.022222222222222223], [0.0859375, 0.075], [0.0, 0.0], [0.0, 0.0], [0.0, 0.0]], "R-Knee": [[-0.05625, -0.011111111111111112], [-0.05625, -0.03333333333333333], [-0.053125, -0.05277777777777778], [-0.05625, 0.008333333333333333], [-0.0546875, 0.011111111111111112], [-0.025, 0.07222222222222222], [0.0578125, 0.07222222222222222], [0.0, 0.0], [0.0, 0.0], [0.0, 0.0]], "R-Ank": [[-0.0546875, 0.075], [-0.0578125, 0.03333333333333333], [-0.0546875, 0.027777777777777776], [-0.0453125, 0.09444444444444444], [-0.0453125, 0.09444444444444444], [-0.0546875, 0.1], [0.0234375, 0.08333333333333333], [0.0, 0.0], [0.0, 0.0], [0.0, 0.0]], "L-Hip": [[-0.021875, -0.075], [-0.03125, -0.1], [-0.03125, -0.11666666666666667], [-0.03125, -0.05555555555555555], [-0.01875, -0.03611111111111111], [0.0390625, 0.06388888888888888], [0.084375, 0.11388888888888889], [0.0, 0.0], [0.0, 0.0], [0.0, 0.0]], "L-Knee": [[-0.01875, -0.011111111111111112], [-0.01875, -0.03333333333333333], [-0.0203125, -0.05277777777777778], [-0.01875, 0.008333333333333333], [-0.0078125, 0.011111111111111112], [0.040625, 0.11666666666666667], [0.0625, 0.125], [0.0, 0.0], [0.0, 0.0], [0.0, 0.0]], "L-Ank": [[-0.01875, 0.07222222222222222], [-0.01875, 0.03611111111111111], [-0.01875, 0.011111111111111112], [-0.0078125, 0.075], [-0.00625, 0.09444444444444444], [0.0, 0.125], [0.0328125, 0.12777777777777777], [0.0, 0.0], [0.0, 0.0], [0.0, 0.0]]}