{"Head": [[0.00625, -0.20833333333333334], [0.015625, -0.18611111111111112], [0.015625, -0.18611111111111112], [0.0078125, -0.16666666666666666], [0.00625, -0.1638888888888889], [0.0328125, -0.10833333333333334], [0.103125, -0.09722222222222222], [0.1546875, -0.030555555555555555], [0.1765625, -0.016666666666666666], [0.0, 0.0]], "R-Sho": [[-0.00625, -0.18333333333333332], [-0.00625, -0.16666666666666666], [-0.00625, -0.1638888888888889], [-0.00625, -0.14444444444444443], [-0.00625, -0.14166666666666666], [0.01875, -0.10555555555555556], [0.0875, -0.08611111111111111], [0.1453125, -0.019444444444444445], [0.1546875, -0.019444444444444445], [0.0, 0.0]], "R-Elb": [[-0.0171875, -0.14166666666666666], [-0.01875, -0.14166666666666666], [-0.01875, -0.125], [-0.01875, -0.12222222222222222], [-0.01875, -0.11944444444444445], [0.0015625, -0.08333333333333333], [0.0671875, -0.09722222222222222], [0.1296875, -0.03888888888888889], [0.1453125, -0.05], [0.0, 0.0]], "R-Wr": [[-0.0171875, -0.11944444444444445], [-0.0203125, -0.11944444444444445], [-0.01875, -0.10277777777777777], [-0.01875, -0.1], [-0.01875, -0.09722222222222222], [0.003125, -0.05277777777777778], [0.0390625, -0.10833333333333334], [0.121875, -0.09444444444444444], [0.15625, -0.09166666666666666], [0.0, 0.0]], "L-Sho": [[0.0296875, -0.18611111111111112], [0.0296875, -0.16666666666666666], [0.0296875, -0.1638888888888889], [0.0296875, -0.14444444444444443], [0.028125, -0.14166666666666666], [0.046875, -0.09444444444444444], [0.115625, -0.05277777777777778], [0.153125, 0.027777777777777776], [0.16875, 0.03333333333333333], [0.0, 0.0]], "L-Elb": [[0.0421875, -0.14166666666666666], [0.0421875, -0.14166666666666666], [0.040625, -0.125], [0.040625, -0.12222222222222222], [0.0421875, -0.11944444444444445], [0.05625, -0.07222222222222222], [0.13125, -0.013888888888888888], [0.171875, 0.03611111111111111], [0.190625, 0.03888888888888889], [0.0, 0.0]], "L-Wr": [[0.0421875, -0.11944444444444445], [0.0421875, -0.1], [0.0421875, -0.1], [0.0421875, -0.09722222222222222], [0.053125, -0.09722222222222222], [0.071875, -0.05555555555555555], [0.159375, 0.005555555555555556], [0.20625, 0.04722222222222222], [0.215625, 0.041666666666666664], [0.0, 0.0]], "R-Hip": [[0.0046875, -0.1], [0.0046875, -0.1], [0.0046875, -0.1], [0.003125, -0.08055555555555556], [-0.0046875, -0.07777777777777778], [0.0140625, -0.06111111111111111], [0.0640625, -0.027777777777777776], [0.1234375, 0.002777777777777778], [0.1390625, 0.0], [0.0, 0.0]], "R-Knee": [[-0.0078125, -0.05555555555555555], [-0.009375, -0.05555555555555555], [-0.0078125, -0.05555555555555555], [-0.0171875, -0.05277777777777778], [-0.0171875, -0.05277777777777778], [-0.00625, -0.013888888888888888], [0.0390625, -0.022222222222222223], [0.09375, -0.019444444444444445], [0.1140625, -0.05], [0.0, 0.0]], "R-Ank": [[-0.01875, 0.005555555555555556], [-0.0203125, -0.011111111111111112], [-0.0203125, -0.008333333333333333], [-0.0203125, 0.008333333333333333], [-0.0296875, 0.008333333333333333], [-0.0359375, 0.008333333333333333], [-0.009375, -0.011111111111111112], [0.04375, -0.06388888888888888], [0.0859375, -0.09166666666666666], [0.0, 0.0]], "L-Hip": [[0.028125, -0.1], [0.028125, -0.1], [0.01875, -0.1], [0.01875, -0.08055555555555556], [0.01875, -0.07777777777777778], [0.028125, -0.05], [0.0796875, -0.005555555555555556], [0.134375, 0.030555555555555555], [0.146875, 0.025], [0.0, 0.0]], "L-Knee": [[0.0390625, -0.05555555555555555], [0.040625, -0.05555555555555555], [0.040625, -0.05555555555555555], [0.040625, -0.03611111111111111], [0.03125, -0.03611111111111111], [0.040625, -0.03333333333333333], [0.0796875, 0.03611111111111111], [0.1171875, 0.04722222222222222], [0.140625, -0.002777777777777778], [0.0, 0.0]], "L-Ank": [[0.0421875, 0.008333333333333333], [0.0421875, -0.008333333333333333], [0.0421875, -0.011111111111111112], [0.04375, 0.008333333333333333], [0.0421875, 0.005555555555555556], [0.025, 0.016666666666666666], [0.0296875, 0.04722222222222222], [0.0890625, 0.05], [0.115625, -0.008333333333333333], [0.0, 0.0]]}