{"Head": [[-0.003125, -0.07777777777777778], [-0.021875, -0.075], [0.0046875, -0.08055555555555556], [0.00625, -0.07777777777777778], [0.0046875, -0.07777777777777778], [0.00625, -0.08055555555555556], [0.0046875, -0.011111111111111112], [-0.109375, -0.013888888888888888], [-0.253125, 0.06944444444444445], [-0.3296875, 0.07222222222222222]], "R-Sho": [[-0.0203125, -0.058333333333333334], [-0.0421875, -0.03611111111111111], [-0.00625, -0.05555555555555555], [-0.00625, -0.05555555555555555], [-0.0078125, -0.05555555555555555], [-0.00625, -0.05555555555555555], [-0.0109375, 0.013888888888888888], [-0.13125, 0.027777777777777776], [-0.2421875, 0.1111111111111111], [-0.31875, 0.09166666666666666]], "R-Elb": [[-0.03125, -0.03333333333333333], [-0.05625, -0.011111111111111112], [-0.0296875, -0.05277777777777778], [-0.01875, -0.013888888888888888], [-0.01875, -0.013888888888888888], [-0.01875, -0.030555555555555555], [-0.03125, 0.027777777777777776], [-0.1765625, 0.027777777777777776], [-0.25, 0.14722222222222223], [-0.315625, 0.12777777777777777]], "R-Wr": [[-0.0421875, 0.008333333333333333], [-0.0671875, 0.030555555555555555], [-0.053125, -0.041666666666666664], [-0.03125, 0.030555555555555555], [-0.03125, 0.011111111111111112], [-0.0296875, 0.008333333333333333], [-0.0515625, 0.05277777777777778], [-0.1984375, 0.011111111111111112], [-0.2921875, 0.15555555555555556], [-0.3375, 0.1361111111111111]], "L-Sho": [[0.00625, -0.05555555555555555], [-0.0078125, -0.05277777777777778], [0.01875, -0.058333333333333334], [0.01875, -0.05555555555555555], [0.0171875, -0.05555555555555555], [0.028125, -0.058333333333333334], [0.015625, 0.008333333333333333], [-0.0921875, -0.005555555555555556], [-0.228125, 0.07777777777777778], [-0.3078125, 0.08611111111111111]], "L-Elb": [[0.01875, -0.016666666666666666], [0.0046875, -0.011111111111111112], [0.0421875, -0.05555555555555555], [0.040625, -0.030555555555555555], [0.0296875, -0.016666666666666666], [0.0390625, -0.03333333333333333], [0.0328125, 0.041666666666666664], [-0.0671875, 0.013888888888888888], [-0.2015625, 0.07777777777777778], [-0.3015625, 0.12222222222222222]], "L-Wr": [[0.028125, 0.011111111111111112], [0.00625, 0.030555555555555555], [0.0546875, -0.05277777777777778], [0.053125, 0.011111111111111112], [0.0421875, 0.008333333333333333], [0.04375, 0.008333333333333333], [0.0453125, 0.08333333333333333], [-0.0421875, 0.03888888888888889], [-0.171875, 0.075], [-0.340625, 0.14722222222222223]], "R-Hip": [[-0.01875, 0.008333333333333333], [-0.03125, 0.027777777777777776], [-0.00625, 0.011111111111111112], [0.003125, 0.008333333333333333], [-0.00625, 0.008333333333333333], [0.0046875, 0.008333333333333333], [0.0015625, 0.04722222222222222], [-0.071875, 0.06388888888888888], [-0.1953125, 0.125], [-0.284375, 0.10833333333333334]], "R-Knee": [[-0.03125, 0.05277777777777778], [-0.0421875, 0.05277777777777778], [-0.0171875, 0.05555555555555555], [-0.009375, 0.05277777777777778], [-0.01875, 0.05277777777777778], [-0.01875, 0.05277777777777778], [-0.0328125, 0.05277777777777778], [-0.071875, 0.11388888888888889], [-0.171875, 0.13333333333333333], [-0.2859375, 0.14444444444444443]], "R-Ank": [[-0.03125, 0.11666666666666667], [-0.0296875, 0.09722222222222222], [-0.01875, 0.11944444444444445], [-0.0203125, 0.11666666666666667], [-0.03125, 0.11666666666666667], [-0.0203125, 0.11666666666666667], [-0.01875, 0.11944444444444445], [-0.025, 0.13333333333333333], [-0.109375, 0.14166666666666666], [-0.246875, 0.13333333333333333]], "L-Hip": [[0.0046875, 0.008333333333333333], [-0.0078125, 0.011111111111111112], [0.0171875, 0.011111111111111112], [0.01875, 0.008333333333333333], [0.0171875, 0.008333333333333333], [0.01875, 0.008333333333333333], [0.0171875, 0.05555555555555555], [-0.05625, 0.05277777777777778], [-0.1890625, 0.08611111111111111], [-0.271875, 0.10555555555555556]], "L-Knee": [[0.01875, 0.03333333333333333], [0.0046875, 0.05277777777777778], [0.03125, 0.05277777777777778], [0.040625, 0.05], [0.03125, 0.03333333333333333], [0.040625, 0.05], [0.0265625, 0.08333333333333333], [-0.0203125, 0.08611111111111111], [-0.1703125, 0.09166666666666666], [-0.2390625, 0.1527777777777778]], "L-Ank": [[0.0296875, 0.09722222222222222], [0.0046875, 0.1], [0.0515625, 0.11944444444444445], [0.0421875, 0.11388888888888889], [0.0421875, 0.1], [0.0421875, 0.09722222222222222], [0.0421875, 0.11944444444444445], [0.0140625, 0.10833333333333334], [-0.115625, 0.07777777777777778], [-0.1953125, 0.08333333333333333]]}