{"Head": [[0.0140625, -0.19166666666666668], [0.0171875, -0.18611111111111112], [0.0171875, -0.09722222222222222], [0.0171875, -0.07777777777777778], [0.0171875, -0.08055555555555556], [0.0421875, -0.11944444444444445], [0.1390625, -0.05277777777777778], [0.240625, 0.03333333333333333], [0.2578125, -0.030555555555555555], [0.2515625, -0.125]], "R-Sho": [[0.0046875, -0.1638888888888889], [0.0046875, -0.16111111111111112], [0.0046875, -0.07777777777777778], [0.0046875, -0.058333333333333334], [0.00625, -0.058333333333333334], [0.028125, -0.07777777777777778], [0.115625, -0.03611111111111111], [0.2234375, 0.03333333333333333], [0.25625, -0.013888888888888888], [0.259375, -0.09722222222222222]], "R-Elb": [[-0.0046875, -0.11944444444444445], [-0.00625, -0.11666666666666667], [-0.00625, -0.03333333333333333], [-0.00625, -0.03333333333333333], [-0.00625, -0.03333333333333333], [0.00625, -0.03611111111111111], [0.103125, -0.06388888888888888], [0.209375, 0.03888888888888889], [0.259375, 0.016666666666666666], [0.2734375, -0.058333333333333334]], "R-Wr": [[0.003125, -0.07777777777777778], [-0.00625, -0.07777777777777778], [-0.0171875, 0.005555555555555556], [-0.0078125, 0.005555555555555556], [-0.0171875, -0.011111111111111112], [-0.0125, -0.013888888888888888], [0.0859375, -0.09444444444444444], [0.1921875, 0.041666666666666664], [0.2703125, 0.03888888888888889], [0.275, -0.05555555555555555]], "L-Sho": [[0.0390625, -0.1638888888888889], [0.03125, -0.16111111111111112], [0.0296875, -0.075], [0.0296875, -0.05555555555555555], [0.034375, -0.058333333333333334], [0.0546875, -0.07777777777777778], [0.153125, -0.005555555555555556], [0.24375, 0.07777777777777778], [0.2390625, -0.011111111111111112], [0.2265625, -0.09722222222222222]], "L-Elb": [[0.0421875, -0.11944444444444445], [0.0421875, -0.11666666666666667], [0.0421875, -0.03333333333333333], [0.040625, -0.03333333333333333], [0.0421875, -0.03333333333333333], [0.0671875, -0.03611111111111111], [0.1515625, 0.027777777777777776], [0.24375, 0.10833333333333334], [0.2359375, 0.016666666666666666], [0.2125, -0.03611111111111111]], "L-Wr": [[0.0421875, -0.07777777777777778], [0.0421875, -0.075], [0.053125, 0.008333333333333333], [0.04375, 0.011111111111111112], [0.0546875, -0.011111111111111112], [0.0671875, -0.013888888888888888], [0.1390625, 0.06666666666666667], [0.2265625, 0.11666666666666667], [0.2453125, 0.03611111111111111], [0.2375, -0.013888888888888888]], "R-Hip": [[0.00625, -0.075], [0.00625, -0.075], [0.0046875, -0.013888888888888888], [0.0046875, -0.013888888888888888], [0.00625, -0.011111111111111112], [0.028125, -0.013888888888888888], [0.1015625, 0.011111111111111112], [0.19375, 0.075], [0.2265625, 0.03888888888888889], [0.2484375, -0.011111111111111112]], "R-Knee": [[0.0046875, -0.008333333333333333], [-0.00625, -0.011111111111111112], [-0.0171875, 0.011111111111111112], [-0.0171875, 0.011111111111111112], [-0.0078125, 0.008333333333333333], [0.00625, 0.011111111111111112], [0.078125, 0.03333333333333333], [0.1921875, 0.044444444444444446], [0.2703125, 0.03611111111111111], [0.2828125, 0.027777777777777776]], "R-Ank": [[-0.00625, 0.07222222222222222], [-0.0078125, 0.05555555555555555], [-0.01875, 0.07222222222222222], [-0.0203125, 0.07222222222222222], [-0.01875, 0.075], [0.0046875, 0.058333333333333334], [0.028125, 0.075], [0.1578125, 0.06944444444444445], [0.2734375, 0.09722222222222222], [0.2859375, 0.09722222222222222]], "L-Hip": [[0.0296875, -0.075], [0.0296875, -0.075], [0.028125, -0.013888888888888888], [0.028125, -0.013888888888888888], [0.0296875, -0.011111111111111112], [0.0421875, -0.013888888888888888], [0.11875, 0.04722222222222222], [0.1984375, 0.09722222222222222], [0.2359375, 0.05], [0.2375, -0.011111111111111112]], "L-Knee": [[0.040625, 0.005555555555555556], [0.03125, -0.011111111111111112], [0.0421875, 0.011111111111111112], [0.0421875, 0.027777777777777776], [0.0421875, 0.011111111111111112], [0.0421875, 0.03333333333333333], [0.0921875, 0.075], [0.18125, 0.11388888888888889], [0.2375, 0.10277777777777777], [0.225, 0.05277777777777778]], "L-Ank": [[0.0421875, 0.07222222222222222], [0.0421875, 0.05555555555555555], [0.053125, 0.075], [0.053125, 0.07222222222222222], [0.053125, 0.07222222222222222], [0.0296875, 0.075], [0.0515625, 0.09722222222222222], [0.1546875, 0.13055555555555556], [0.196875, 0.13055555555555556], [0.2125, 0.09722222222222222]]}