{"Head": [[0.025, -0.17777777777777778], [0.0296875, -0.16666666666666666], [0.0421875, -0.12222222222222222], [0.140625, -0.058333333333333334], [0.2375, 0.041666666666666664], [0.2796875, 0.04722222222222222], [0.290625, -0.013888888888888888], [0.0, 0.0], [0.0, 0.0], [0.0, 0.0]], "R-Sho": [[0.00625, -0.14444444444444443], [0.015625, -0.14444444444444443], [0.0296875, -0.1], [0.121875, -0.058333333333333334], [0.221875, 0.03611111111111111], [0.2671875, 0.03333333333333333], [0.296875, 0.013888888888888888], [0.0, 0.0], [0.0, 0.0], [0.0, 0.0]], "R-Elb": [[0.0046875, -0.11944444444444445], [0.0046875, -0.11944444444444445], [0.0171875, -0.07777777777777778], [0.0984375, -0.05555555555555555], [0.2015625, 0.03333333333333333], [0.253125, 0.03333333333333333], [0.2984375, 0.03611111111111111], [0.0, 0.0], [0.0, 0.0], [0.0, 0.0]], "R-Wr": [[0.0046875, -0.07777777777777778], [0.0046875, -0.1], [0.0078125, -0.03333333333333333], [0.084375, -0.041666666666666664], [0.1859375, 0.03333333333333333], [0.24375, 0.03611111111111111], [0.3078125, 0.05], [0.0, 0.0], [0.0, 0.0], [0.0, 0.0]], "L-Sho": [[0.03125, -0.14444444444444443], [0.0421875, -0.14444444444444443], [0.0546875, -0.09722222222222222], [0.140625, -0.022222222222222223], [0.2171875, 0.06944444444444445], [0.26875, 0.06666666666666667], [0.26875, 0.022222222222222223], [0.0, 0.0], [0.0, 0.0], [0.0, 0.0]], "L-Elb": [[0.0421875, -0.12222222222222222], [0.053125, -0.12222222222222222], [0.065625, -0.05555555555555555], [0.16875, -0.005555555555555556], [0.2375, 0.07222222222222222], [0.2640625, 0.07222222222222222], [0.2609375, 0.05277777777777778], [0.0, 0.0], [0.0, 0.0], [0.0, 0.0]], "L-Wr": [[0.0421875, -0.1], [0.0546875, -0.1], [0.0671875, -0.03333333333333333], [0.190625, 0.016666666666666666], [0.2703125, 0.075], [0.2515625, 0.08611111111111111], [0.2765625, 0.075], [0.0, 0.0], [0.0, 0.0], [0.0, 0.0]], "R-Hip": [[0.0171875, -0.08055555555555556], [0.0171875, -0.08055555555555556], [0.0296875, -0.03611111111111111], [0.090625, -0.002777777777777778], [0.1953125, 0.044444444444444446], [0.25, 0.058333333333333334], [0.2734375, 0.05555555555555555], [0.0, 0.0], [0.0, 0.0], [0.0, 0.0]], "R-Knee": [[0.0078125, -0.03333333333333333], [0.0171875, -0.03333333333333333], [0.0171875, -0.008333333333333333], [0.078125, 0.025], [0.1609375, 0.022222222222222223], [0.2375, 0.058333333333333334], [0.2828125, 0.08055555555555556], [0.0, 0.0], [0.0, 0.0], [0.0, 0.0]], "R-Ank": [[0.0046875, 0.030555555555555555], [0.0046875, 0.030555555555555555], [0.0046875, 0.030555555555555555], [0.046875, 0.05], [0.140625, -0.016666666666666666], [0.225, 0.06388888888888888], [0.29375, 0.10555555555555556], [0.0, 0.0], [0.0, 0.0], [0.0, 0.0]], "L-Hip": [[0.0296875, -0.09444444444444444], [0.0359375, -0.08611111111111111], [0.053125, -0.03611111111111111], [0.1, 0.002777777777777778], [0.19375, 0.07222222222222222], [0.253125, 0.08611111111111111], [0.29375, 0.058333333333333334], [0.0, 0.0], [0.0, 0.0], [0.0, 0.0]], "L-Knee": [[0.0421875, -0.03333333333333333], [0.0421875, -0.03333333333333333], [0.065625, -0.013888888888888888], [0.0890625, 0.04722222222222222], [0.15625, 0.08611111111111111], [0.2421875, 0.08888888888888889], [0.3046875, 0.07222222222222222], [0.0, 0.0], [0.0, 0.0], [0.0, 0.0]], "L-Ank": [[0.0421875, 0.030555555555555555], [0.04375, 0.027777777777777776], [0.053125, 0.03333333333333333], [0.0578125, 0.07222222222222222], [0.125, 0.08055555555555556], [0.2328125, 0.09444444444444444], [0.3296875, 0.08333333333333333], [0.0, 0.0], [0.0, 0.0], [0.0, 0.0]]}