{"Head": [[-0.0046875, -0.125], [0.0046875, -0.11944444444444445], [0.0046875, -0.12222222222222222], [0.0046875, -0.10277777777777777], [0.003125, -0.1], [-0.046875, -0.041666666666666664], [-0.2265625, 0.06666666666666667], [-0.2578125, 0.041666666666666664], [-0.25625, 0.019444444444444445], [0.0, 0.0]], "R-Sho": [[-0.01875, -0.10277777777777777], [-0.009375, -0.09722222222222222], [-0.00625, -0.1], [-0.0078125, -0.07777777777777778], [-0.0078125, -0.075], [-0.0609375, -0.005555555555555556], [-0.20625, 0.10833333333333334], [-0.253125, 0.06111111111111111], [-0.26875, 0.041666666666666664], [0.0, 0.0]], "R-Elb": [[-0.03125, -0.07777777777777778], [-0.0203125, -0.05555555555555555], [-0.01875, -0.05555555555555555], [-0.01875, -0.05555555555555555], [-0.01875, -0.03333333333333333], [-0.0703125, 0.016666666666666666], [-0.2140625, 0.13055555555555556], [-0.2609375, 0.08333333333333333], [-0.2703125, 0.07222222222222222], [0.0, 0.0]], "R-Wr": [[-0.03125, -0.05277777777777778], [-0.03125, -0.011111111111111112], [-0.0203125, -0.013888888888888888], [-0.03125, -0.016666666666666666], [-0.0296875, 0.005555555555555556], [-0.08125, 0.06666666666666667], [-0.24375, 0.1361111111111111], [-0.2640625, 0.12222222222222222], [-0.25625, 0.09166666666666666], [0.0, 0.0]], "L-Sho": [[0.0078125, -0.10277777777777777], [0.0171875, -0.09722222222222222], [0.01875, -0.1], [0.01875, -0.08055555555555556], [0.0171875, -0.07777777777777778], [-0.025, -0.027777777777777776], [-0.209375, 0.058333333333333334], [-0.234375, 0.03888888888888889], [-0.2375, 0.030555555555555555], [0.0, 0.0]], "L-Elb": [[0.028125, -0.07777777777777778], [0.0296875, -0.05555555555555555], [0.03125, -0.058333333333333334], [0.0296875, -0.05555555555555555], [0.0296875, -0.03611111111111111], [-0.0109375, -0.016666666666666666], [-0.19375, 0.08333333333333333], [-0.2453125, 0.075], [-0.2265625, 0.05], [0.0, 0.0]], "L-Wr": [[0.0296875, -0.03333333333333333], [0.0296875, -0.030555555555555555], [0.03125, -0.030555555555555555], [0.040625, -0.013888888888888888], [0.03125, -0.013888888888888888], [0.0140625, -0.013888888888888888], [-0.23125, 0.09444444444444444], [-0.2484375, 0.10555555555555556], [-0.2390625, 0.05277777777777778], [0.0, 0.0]], "R-Hip": [[-0.01875, -0.03333333333333333], [-0.00625, -0.030555555555555555], [-0.0046875, -0.03333333333333333], [-0.00625, -0.013888888888888888], [-0.0046875, -0.008333333333333333], [-0.0359375, 0.03333333333333333], [-0.1984375, 0.10555555555555556], [-0.228125, 0.05555555555555555], [-0.25, 0.09444444444444444], [0.0, 0.0]], "R-Knee": [[-0.01875, 0.011111111111111112], [-0.0171875, 0.013888888888888888], [-0.0171875, 0.030555555555555555], [-0.01875, 0.03333333333333333], [-0.01875, 0.03333333333333333], [-0.03125, 0.075], [-0.2140625, 0.12777777777777777], [-0.24375, 0.13055555555555556], [-0.25625, 0.1361111111111111], [0.0, 0.0]], "R-Ank": [[-0.0296875, 0.075], [-0.01875, 0.07777777777777778], [-0.01875, 0.07777777777777778], [-0.01875, 0.09444444444444444], [-0.01875, 0.09722222222222222], [-0.0015625, 0.14722222222222223], [-0.175, 0.1388888888888889], [-0.2125, 0.13055555555555556], [-0.2640625, 0.1361111111111111], [0.0, 0.0]], "L-Hip": [[0.00625, -0.03333333333333333], [0.0171875, -0.03333333333333333], [0.01875, -0.03333333333333333], [0.0171875, -0.013888888888888888], [0.0171875, -0.011111111111111112], [-0.01875, 0.030555555555555555], [-0.184375, 0.08611111111111111], [-0.2140625, 0.06666666666666667], [-0.2375, 0.09444444444444444], [0.0, 0.0]], "L-Knee": [[0.0171875, 0.011111111111111112], [0.0296875, 0.008333333333333333], [0.0296875, 0.030555555555555555], [0.0296875, 0.027777777777777776], [0.03125, 0.030555555555555555], [0.0203125, 0.07222222222222222], [-0.14375, 0.10833333333333334], [-0.2265625, 0.11944444444444445], [-0.2390625, 0.1388888888888889], [0.0, 0.0]], "L-Ank": [[0.0171875, 0.075], [0.0296875, 0.075], [0.040625, 0.09444444444444444], [0.0421875, 0.09444444444444444], [0.0421875, 0.09444444444444444], [0.0546875, 0.11666666666666667], [-0.1125, 0.1361111111111111], [-0.1984375, 0.12222222222222222], [-0.253125, 0.13055555555555556], [0.0, 0.0]]}