{"Head": [[-0.03125, -0.18333333333333332], [-0.03125, -0.18333333333333332], [-0.01875, -0.1638888888888889], [-0.06875, -0.1361111111111111], [-0.159375, 0.002777777777777778], [-0.2, -0.005555555555555556], [0.0, 0.0], [0.0, 0.0], [0.0, 0.0], [0.0, 0.0]], "R-Sho": [[-0.04375, -0.14444444444444443], [-0.04375, -0.14444444444444443], [-0.03125, -0.14166666666666666], [-0.0765625, -0.08888888888888889], [-0.1359375, 0.016666666666666666], [-0.1984375, 0.025], [0.0, 0.0], [0.0, 0.0], [0.0, 0.0], [0.0, 0.0]], "R-Elb": [[-0.05625, -0.11944444444444445], [-0.05, -0.1], [-0.0421875, -0.10277777777777777], [-0.0765625, -0.05277777777777778], [-0.109375, 0.022222222222222223], [-0.1921875, 0.05277777777777778], [0.0, 0.0], [0.0, 0.0], [0.0, 0.0], [0.0, 0.0]], "R-Wr": [[-0.0578125, -0.1], [-0.0578125, -0.06388888888888888], [-0.0328125, -0.09722222222222222], [-0.0625, -0.030555555555555555], [-0.0921875, 0.025], [-0.171875, 0.05555555555555555], [0.0, 0.0], [0.0, 0.0], [0.0, 0.0], [0.0, 0.0]], "L-Sho": [[-0.009375, -0.14722222222222223], [-0.0078125, -0.14444444444444443], [-0.00625, -0.14166666666666666], [-0.046875, -0.1361111111111111], [-0.1390625, -0.016666666666666666], [-0.190625, -0.019444444444444445], [0.0, 0.0], [0.0, 0.0], [0.0, 0.0], [0.0, 0.0]], "L-Elb": [[0.003125, -0.11944444444444445], [0.003125, -0.11944444444444445], [0.0046875, -0.1], [-0.021875, -0.11944444444444445], [-0.1609375, -0.013888888888888888], [-0.1734375, -0.022222222222222223], [0.0, 0.0], [0.0, 0.0], [0.0, 0.0], [0.0, 0.0]], "L-Wr": [[0.0046875, -0.09722222222222222], [0.0078125, -0.07777777777777778], [0.00625, -0.07777777777777778], [0.0078125, -0.1], [-0.178125, 0.041666666666666664], [-0.1671875, -0.016666666666666666], [0.0, 0.0], [0.0, 0.0], [0.0, 0.0], [0.0, 0.0]], "R-Hip": [[-0.0421875, -0.08333333333333333], [-0.0421875, -0.07777777777777778], [-0.0296875, -0.07777777777777778], [-0.0234375, -0.05], [-0.1046875, 0.022222222222222223], [-0.1765625, 0.022222222222222223], [0.0, 0.0], [0.0, 0.0], [0.0, 0.0], [0.0, 0.0]], "R-Knee": [[-0.059375, -0.022222222222222223], [-0.05625, -0.05555555555555555], [-0.03125, -0.05555555555555555], [-0.021875, 0.005555555555555556], [-0.0828125, 0.05], [-0.1671875, 0.041666666666666664], [0.0, 0.0], [0.0, 0.0], [0.0, 0.0], [0.0, 0.0]], "R-Ank": [[-0.065625, 0.03333333333333333], [-0.0578125, 0.027777777777777776], [-0.03125, 0.011111111111111112], [-0.009375, 0.05277777777777778], [-0.046875, 0.06944444444444445], [-0.146875, 0.058333333333333334], [0.0, 0.0], [0.0, 0.0], [0.0, 0.0], [0.0, 0.0]], "L-Hip": [[-0.01875, -0.08611111111111111], [-0.01875, -0.07777777777777778], [-0.0125, -0.08611111111111111], [-0.0015625, -0.06111111111111111], [-0.1078125, -0.019444444444444445], [-0.16875, 0.008333333333333333], [0.0, 0.0], [0.0, 0.0], [0.0, 0.0], [0.0, 0.0]], "L-Knee": [[0.0015625, -0.030555555555555555], [0.0046875, -0.05277777777777778], [0.0171875, -0.05555555555555555], [0.028125, -0.022222222222222223], [-0.0796875, -0.027777777777777776], [-0.15625, 0.011111111111111112], [0.0, 0.0], [0.0, 0.0], [0.0, 0.0], [0.0, 0.0]], "L-Ank": [[0.00625, 0.030555555555555555], [0.00625, 0.027777777777777776], [0.0171875, 0.011111111111111112], [0.04375, 0.025], [-0.05, -0.027777777777777776], [-0.140625, 0.013888888888888888], [0.0, 0.0], [0.0, 0.0], [0.0, 0.0], [0.0, 0.0]]}