{"Head": [[-0.0421875, -0.075], [-0.0359375, -0.10833333333333334], [-0.04375, -0.14444444444444443], [-0.040625, -0.11944444444444445], [-0.0171875, -0.05277777777777778], [0.140625, 0.11388888888888889], [0.178125, 0.14722222222222223], [0.0, 0.0], [0.0, 0.0], [0.0, 0.0]], "R-Sho": [[-0.0453125, -0.03333333333333333], [-0.0546875, -0.08055555555555556], [-0.0578125, -0.11944444444444445], [-0.059375, -0.09444444444444444], [-0.0328125, -0.030555555555555555], [0.1203125, 0.10555555555555556], [0.1625, 0.13055555555555556], [0.0, 0.0], [0.0, 0.0], [0.0, 0.0]], "R-Elb": [[-0.05625, 0.008333333333333333], [-0.0671875, -0.05277777777777778], [-0.0671875, -0.058333333333333334], [-0.06875, -0.058333333333333334], [-0.0546875, 0.013888888888888888], [0.1, 0.1], [0.140625, 0.11666666666666667], [0.0, 0.0], [0.0, 0.0], [0.0, 0.0]], "R-Wr": [[-0.071875, 0.04722222222222222], [-0.0578125, -0.011111111111111112], [-0.0671875, -0.013888888888888888], [-0.06875, -0.013888888888888888], [-0.05625, 0.05555555555555555], [0.08125, 0.09166666666666666], [0.125, 0.10277777777777777], [0.0, 0.0], [0.0, 0.0], [0.0, 0.0]], "L-Sho": [[-0.01875, -0.03333333333333333], [-0.01875, -0.08055555555555556], [-0.0296875, -0.11944444444444445], [-0.01875, -0.075], [-0.0046875, -0.013888888888888888], [0.125, 0.14444444444444443], [0.1578125, 0.1638888888888889], [0.0, 0.0], [0.0, 0.0], [0.0, 0.0]], "L-Elb": [[-0.0046875, 0.008333333333333333], [-0.0078125, -0.03888888888888889], [-0.01875, -0.058333333333333334], [-0.0171875, -0.016666666666666666], [0.0046875, 0.030555555555555555], [0.1125, 0.15], [0.1390625, 0.16666666666666666], [0.0, 0.0], [0.0, 0.0], [0.0, 0.0]], "L-Wr": [[-0.00625, 0.030555555555555555], [-0.0046875, -0.008333333333333333], [-0.01875, -0.013888888888888888], [-0.0109375, 0.013888888888888888], [-0.00625, 0.075], [0.09375, 0.15833333333333333], [0.121875, 0.17222222222222222], [0.0, 0.0], [0.0, 0.0], [0.0, 0.0]], "R-Hip": [[-0.04375, 0.05], [-0.04375, 0.008333333333333333], [-0.053125, -0.005555555555555556], [-0.05625, -0.013888888888888888], [-0.03125, 0.04722222222222222], [0.075, 0.12222222222222222], [0.1234375, 0.10277777777777777], [0.0, 0.0], [0.0, 0.0], [0.0, 0.0]], "R-Knee": [[-0.04375, 0.09444444444444444], [-0.04375, 0.075], [-0.0671875, 0.07222222222222222], [-0.05625, 0.05555555555555555], [-0.05625, 0.08055555555555556], [0.046875, 0.1], [0.1296875, 0.1388888888888889], [0.0, 0.0], [0.0, 0.0], [0.0, 0.0]], "R-Ank": [[-0.0328125, 0.15833333333333333], [-0.0421875, 0.14444444444444443], [-0.065625, 0.14444444444444443], [-0.04375, 0.14166666666666666], [-0.053125, 0.13055555555555556], [0.0078125, 0.09166666666666666], [0.08125, 0.11944444444444445], [0.0, 0.0], [0.0, 0.0], [0.0, 0.0]], "L-Hip": [[-0.0171875, 0.05555555555555555], [-0.0234375, 0.011111111111111112], [-0.03125, -0.013888888888888888], [-0.0359375, 0.002777777777777778], [-0.015625, 0.06111111111111111], [0.0703125, 0.15], [0.13125, 0.15833333333333333], [0.0, 0.0], [0.0, 0.0], [0.0, 0.0]], "L-Knee": [[0.003125, 0.075], [-0.01875, 0.075], [-0.03125, 0.05277777777777778], [-0.03125, 0.05277777777777778], [-0.01875, 0.10555555555555556], [0.04375, 0.15], [0.1015625, 0.175], [0.0, 0.0], [0.0, 0.0], [0.0, 0.0]], "L-Ank": [[0.0046875, 0.1388888888888889], [-0.0171875, 0.1388888888888889], [-0.01875, 0.1388888888888889], [-0.01875, 0.1388888888888889], [-0.00625, 0.14722222222222223], [0.009375, 0.13333333333333333], [0.0546875, 0.15833333333333333], [0.0, 0.0], [0.0, 0.0], [0.0, 0.0]]}