{"Head": [[-0.0359375, -0.2], [-0.0421875, -0.20833333333333334], [-0.01875, -0.18888888888888888], [-0.0078125, -0.16666666666666666], [-0.01875, -0.14444444444444443], [0.0515625, -0.1388888888888889], [0.125, -0.11666666666666667], [0.2078125, -0.06111111111111111], [0.2734375, 0.058333333333333334], [0.0, 0.0]], "R-Sho": [[-0.05625, -0.16111111111111112], [-0.05625, -0.16666666666666666], [-0.04375, -0.1638888888888889], [-0.03125, -0.14444444444444443], [-0.0296875, -0.11944444444444445], [0.01875, -0.11944444444444445], [0.096875, -0.10833333333333334], [0.1859375, -0.06111111111111111], [0.2609375, 0.044444444444444446], [0.0, 0.0]], "R-Elb": [[-0.0671875, -0.12222222222222222], [-0.0671875, -0.12222222222222222], [-0.05625, -0.12222222222222222], [-0.0546875, -0.11666666666666667], [-0.03125, -0.07777777777777778], [-0.0109375, -0.075], [0.078125, -0.13333333333333333], [0.1578125, -0.058333333333333334], [0.240625, 0.03333333333333333], [0.0, 0.0]], "R-Wr": [[-0.06875, -0.08055555555555556], [-0.06875, -0.07777777777777778], [-0.05625, -0.08055555555555556], [-0.05625, -0.09722222222222222], [-0.03125, -0.05277777777777778], [-0.0328125, -0.041666666666666664], [0.053125, -0.15833333333333333], [0.1265625, -0.06666666666666667], [0.2140625, 0.030555555555555555], [0.0, 0.0]], "L-Sho": [[-0.0203125, -0.16666666666666666], [-0.01875, -0.1638888888888889], [-0.00625, -0.14722222222222223], [0.003125, -0.13055555555555556], [0.0046875, -0.12222222222222222], [0.0546875, -0.09166666666666666], [0.1265625, -0.07777777777777778], [0.196875, -0.019444444444444445], [0.25625, 0.08333333333333333], [0.0, 0.0]], "L-Elb": [[-0.01875, -0.12222222222222222], [-0.01875, -0.11944444444444445], [-0.00625, -0.10277777777777777], [0.0046875, -0.1], [0.00625, -0.07777777777777778], [0.0765625, -0.06666666666666667], [0.159375, -0.08333333333333333], [0.2125, 0.022222222222222223], [0.2453125, 0.09444444444444444], [0.0, 0.0]], "L-Wr": [[-0.0171875, -0.07777777777777778], [-0.009375, -0.075], [-0.00625, -0.075], [0.0046875, -0.058333333333333334], [0.00625, -0.05555555555555555], [0.10625, -0.08888888888888889], [0.1703125, -0.14444444444444443], [0.19375, 0.03888888888888889], [0.2296875, 0.10555555555555556], [0.0, 0.0]], "R-Hip": [[-0.05625, -0.07777777777777778], [-0.0546875, -0.07777777777777778], [-0.04375, -0.07777777777777778], [-0.03125, -0.075], [-0.01875, -0.05555555555555555], [0.00625, -0.03611111111111111], [0.0671875, -0.05555555555555555], [0.1453125, -0.025], [0.2203125, 0.06111111111111111], [0.0, 0.0]], "R-Knee": [[-0.065625, -0.011111111111111112], [-0.0578125, -0.011111111111111112], [-0.05625, -0.011111111111111112], [-0.04375, -0.013888888888888888], [-0.0390625, 0.019444444444444445], [-0.0234375, 0.025], [0.03125, -0.03333333333333333], [0.10625, -0.022222222222222223], [0.1921875, 0.05], [0.0, 0.0]], "R-Ank": [[-0.0671875, 0.07222222222222222], [-0.0671875, 0.075], [-0.0671875, 0.07222222222222222], [-0.05625, 0.05555555555555555], [-0.0546875, 0.06111111111111111], [-0.0515625, 0.06111111111111111], [-0.01875, -0.013888888888888888], [0.0546875, -0.011111111111111112], [0.159375, 0.044444444444444446], [0.0, 0.0]], "L-Hip": [[-0.03125, -0.07777777777777778], [-0.03125, -0.07777777777777778], [-0.01875, -0.07777777777777778], [-0.009375, -0.06388888888888888], [0.0, -0.04722222222222222], [0.03125, -0.027777777777777776], [0.0796875, -0.022222222222222223], [0.1484375, 0.013888888888888888], [0.2234375, 0.09166666666666666], [0.0, 0.0]], "L-Knee": [[-0.0203125, -0.011111111111111112], [-0.0203125, -0.008333333333333333], [-0.01875, -0.011111111111111112], [0.0046875, -0.030555555555555555], [0.0171875, -0.013888888888888888], [0.0375, 0.022222222222222223], [0.04375, 0.008333333333333333], [0.1109375, 0.019444444444444445], [0.1953125, 0.09166666666666666], [0.0, 0.0]], "L-Ank": [[-0.01875, 0.07222222222222222], [-0.01875, 0.07222222222222222], [-0.01875, 0.07222222222222222], [0.0046875, 0.05277777777777778], [0.040625, 0.03333333333333333], [0.0296875, 0.07222222222222222], [0.0296875, 0.05277777777777778], [0.05, 0.016666666666666666], [0.1671875, 0.06944444444444445], [0.0, 0.0]]}