{"Head": [[0.0078125, -0.15555555555555556], [0.0046875, -0.10277777777777777], [0.0046875, -0.07777777777777778], [-0.003125, -0.03888888888888889], [0.1359375, 0.0], [0.240625, 0.04722222222222222], [0.0, 0.0], [0.0, 0.0], [0.0, 0.0], [0.0, 0.0]], "R-Sho": [[-0.00625, -0.12222222222222222], [-0.0078125, -0.07777777777777778], [-0.0078125, -0.05555555555555555], [-0.0140625, -0.019444444444444445], [0.1265625, 0.002777777777777778], [0.2234375, 0.030555555555555555], [0.0, 0.0], [0.0, 0.0], [0.0, 0.0], [0.0, 0.0]], "R-Elb": [[-0.01875, -0.07777777777777778], [-0.0296875, -0.05555555555555555], [-0.01875, -0.013888888888888888], [-0.0234375, 0.016666666666666666], [0.1046875, -0.013888888888888888], [0.225, 0.058333333333333334], [0.0, 0.0], [0.0, 0.0], [0.0, 0.0], [0.0, 0.0]], "R-Wr": [[-0.01875, -0.05277777777777778], [-0.0421875, -0.03333333333333333], [-0.0328125, 0.011111111111111112], [-0.0328125, 0.06111111111111111], [0.1, -0.041666666666666664], [0.2375, 0.10277777777777777], [0.0, 0.0], [0.0, 0.0], [0.0, 0.0], [0.0, 0.0]], "L-Sho": [[0.01875, -0.125], [0.01875, -0.08055555555555556], [0.01875, -0.05555555555555555], [0.015625, -0.019444444444444445], [0.1546875, 0.041666666666666664], [0.2125, 0.025], [0.0, 0.0], [0.0, 0.0], [0.0, 0.0], [0.0, 0.0]], "L-Elb": [[0.03125, -0.09444444444444444], [0.040625, -0.05555555555555555], [0.0296875, -0.030555555555555555], [0.0296875, 0.011111111111111112], [0.1671875, 0.06944444444444445], [0.2109375, 0.06111111111111111], [0.0, 0.0], [0.0, 0.0], [0.0, 0.0], [0.0, 0.0]], "L-Wr": [[0.0421875, -0.05555555555555555], [0.053125, -0.03333333333333333], [0.0421875, 0.008333333333333333], [0.04375, 0.025], [0.1859375, 0.09166666666666666], [0.23125, 0.10833333333333334], [0.0, 0.0], [0.0, 0.0], [0.0, 0.0], [0.0, 0.0]], "R-Hip": [[0.0015625, -0.03611111111111111], [-0.00625, -0.011111111111111112], [-0.0078125, 0.008333333333333333], [-0.0015625, 0.022222222222222223], [0.115625, 0.05555555555555555], [0.1953125, 0.05555555555555555], [0.0, 0.0], [0.0, 0.0], [0.0, 0.0], [0.0, 0.0]], "R-Knee": [[-0.0078125, 0.011111111111111112], [-0.01875, 0.03333333333333333], [-0.01875, 0.05277777777777778], [-0.01875, 0.06944444444444445], [0.0828125, 0.027777777777777776], [0.2265625, 0.12222222222222222], [0.0, 0.0], [0.0, 0.0], [0.0, 0.0], [0.0, 0.0]], "R-Ank": [[-0.0203125, 0.11388888888888889], [-0.0203125, 0.09722222222222222], [-0.0203125, 0.09722222222222222], [-0.0328125, 0.11388888888888889], [0.0375, 0.027777777777777776], [0.190625, 0.14444444444444443], [0.0, 0.0], [0.0, 0.0], [0.0, 0.0], [0.0, 0.0]], "L-Hip": [[0.0171875, -0.05277777777777778], [0.0171875, -0.011111111111111112], [0.0171875, 0.008333333333333333], [0.015625, 0.022222222222222223], [0.125, 0.08055555555555556], [0.2015625, 0.07222222222222222], [0.0, 0.0], [0.0, 0.0], [0.0, 0.0], [0.0, 0.0]], "L-Knee": [[0.0296875, 0.011111111111111112], [0.0296875, 0.030555555555555555], [0.0296875, 0.03333333333333333], [0.0328125, 0.06388888888888888], [0.0875, 0.1], [0.2234375, 0.11388888888888889], [0.0, 0.0], [0.0, 0.0], [0.0, 0.0], [0.0, 0.0]], "L-Ank": [[0.0421875, 0.09444444444444444], [0.0421875, 0.09722222222222222], [0.0421875, 0.09722222222222222], [0.0171875, 0.10833333333333334], [0.028125, 0.11666666666666667], [0.190625, 0.12777777777777777], [0.0, 0.0], [0.0, 0.0], [0.0, 0.0], [0.0, 0.0]]}