{"Head": [[0.009375, -0.1638888888888889], [0.003125, -0.16111111111111112], [0.0046875, -0.125], [0.00625, -0.12222222222222222], [0.015625, -0.12222222222222222], [0.015625, -0.1], [-0.075, -0.03611111111111111], [-0.2328125, 0.05], [0.0, 0.0], [0.0, 0.0]], "R-Sho": [[-0.00625, -0.14166666666666666], [-0.0078125, -0.12222222222222222], [-0.0078125, -0.10277777777777777], [-0.0046875, -0.1], [0.0046875, -0.1], [0.0046875, -0.07777777777777778], [-0.084375, -0.016666666666666666], [-0.2171875, 0.05277777777777778], [0.0, 0.0], [0.0, 0.0]], "R-Elb": [[-0.00625, -0.09722222222222222], [-0.0203125, -0.08055555555555556], [-0.01875, -0.075], [-0.0078125, -0.058333333333333334], [-0.0078125, -0.05555555555555555], [-0.0078125, -0.05277777777777778], [-0.096875, 0.005555555555555556], [-0.21875, 0.075], [0.0, 0.0], [0.0, 0.0]], "R-Wr": [[-0.00625, -0.075], [-0.01875, -0.05555555555555555], [-0.0296875, -0.03333333333333333], [-0.01875, -0.03333333333333333], [-0.01875, -0.030555555555555555], [-0.01875, -0.011111111111111112], [-0.109375, 0.025], [-0.2328125, 0.11388888888888889], [0.0, 0.0], [0.0, 0.0]], "L-Sho": [[0.0203125, -0.14166666666666666], [0.01875, -0.12222222222222222], [0.0203125, -0.11944444444444445], [0.0296875, -0.1], [0.0296875, -0.1], [0.0296875, -0.07777777777777778], [-0.0640625, -0.027777777777777776], [-0.2109375, 0.041666666666666664], [0.0, 0.0], [0.0, 0.0]], "L-Elb": [[0.0296875, -0.1], [0.0296875, -0.09722222222222222], [0.040625, -0.07777777777777778], [0.0421875, -0.075], [0.0421875, -0.058333333333333334], [0.040625, -0.05555555555555555], [-0.0359375, -0.03888888888888889], [-0.2125, 0.06944444444444445], [0.0, 0.0], [0.0, 0.0]], "L-Wr": [[0.0125, -0.07222222222222222], [0.01875, -0.05555555555555555], [0.040625, -0.03333333333333333], [0.0421875, -0.03333333333333333], [0.0421875, -0.03333333333333333], [0.0421875, -0.013888888888888888], [-0.015625, -0.03888888888888889], [-0.225, 0.1111111111111111], [0.0, 0.0], [0.0, 0.0]], "R-Hip": [[0.003125, -0.05555555555555555], [-0.00625, -0.03611111111111111], [0.003125, -0.03333333333333333], [0.0046875, -0.03333333333333333], [0.00625, -0.03333333333333333], [0.0046875, -0.013888888888888888], [-0.0546875, 0.044444444444444446], [-0.1734375, 0.05555555555555555], [0.0, 0.0], [0.0, 0.0]], "R-Knee": [[-0.0078125, 0.008333333333333333], [-0.0078125, 0.011111111111111112], [-0.009375, 0.011111111111111112], [-0.00625, 0.011111111111111112], [-0.00625, 0.011111111111111112], [-0.0078125, 0.030555555555555555], [-0.03125, 0.08055555555555556], [-0.203125, 0.125], [0.0, 0.0], [0.0, 0.0]], "R-Ank": [[-0.01875, 0.075], [-0.01875, 0.075], [-0.01875, 0.075], [-0.0171875, 0.075], [-0.0078125, 0.075], [-0.0171875, 0.075], [-0.0046875, 0.1], [-0.159375, 0.11666666666666667], [0.0, 0.0], [0.0, 0.0]], "L-Hip": [[0.0171875, -0.05555555555555555], [0.0171875, -0.03888888888888889], [0.01875, -0.03333333333333333], [0.028125, -0.03611111111111111], [0.0296875, -0.03333333333333333], [0.028125, -0.013888888888888888], [-0.0359375, -0.002777777777777778], [-0.165625, 0.05555555555555555], [0.0, 0.0], [0.0, 0.0]], "L-Knee": [[0.01875, 0.008333333333333333], [0.0296875, 0.011111111111111112], [0.03125, 0.011111111111111112], [0.040625, 0.008333333333333333], [0.0421875, -0.008333333333333333], [0.0421875, 0.011111111111111112], [-0.00625, 0.041666666666666664], [-0.196875, 0.11666666666666667], [0.0, 0.0], [0.0, 0.0]], "L-Ank": [[0.0296875, 0.075], [0.03125, 0.075], [0.0421875, 0.07777777777777778], [0.0421875, 0.075], [0.0421875, 0.07222222222222222], [0.04375, 0.075], [0.0234375, 0.06666666666666667], [-0.153125, 0.1388888888888889], [0.0, 0.0], [0.0, 0.0]]}