{"Head": [[-0.0359375, -0.2111111111111111], [-0.025, -0.20277777777777778], [-0.0265625, -0.18055555555555555], [-0.053125, -0.08888888888888889], [-0.18125, -0.05555555555555555], [-0.2578125, 0.03888888888888889], [0.0, 0.0], [0.0, 0.0], [0.0, 0.0], [0.0, 0.0]], "R-Sho": [[-0.0546875, -0.16666666666666666], [-0.04375, -0.1638888888888889], [-0.04375, -0.1638888888888889], [-0.078125, -0.05555555555555555], [-0.1734375, -0.013888888888888888], [-0.2328125, 0.05], [0.0, 0.0], [0.0, 0.0], [0.0, 0.0], [0.0, 0.0]], "R-Elb": [[-0.05625, -0.12222222222222222], [-0.0546875, -0.12222222222222222], [-0.05625, -0.11944444444444445], [-0.0671875, -0.013888888888888888], [-0.1765625, 0.022222222222222223], [-0.2125, 0.07222222222222222], [0.0, 0.0], [0.0, 0.0], [0.0, 0.0], [0.0, 0.0]], "R-Wr": [[-0.065625, -0.07777777777777778], [-0.05625, -0.09444444444444444], [-0.0671875, -0.09722222222222222], [-0.04375, -0.011111111111111112], [-0.2078125, 0.05555555555555555], [-0.1890625, 0.07777777777777778], [0.0, 0.0], [0.0, 0.0], [0.0, 0.0], [0.0, 0.0]], "L-Sho": [[-0.01875, -0.16666666666666666], [-0.009375, -0.1638888888888889], [-0.0078125, -0.16111111111111112], [-0.0375, -0.06944444444444445], [-0.1578125, -0.06944444444444445], [-0.246875, 0.008333333333333333], [0.0, 0.0], [0.0, 0.0], [0.0, 0.0], [0.0, 0.0]], "L-Elb": [[-0.0078125, -0.12222222222222222], [-0.0078125, -0.11944444444444445], [0.0046875, -0.11944444444444445], [-0.0265625, -0.041666666666666664], [-0.1640625, -0.12222222222222222], [-0.2296875, 0.019444444444444445], [0.0, 0.0], [0.0, 0.0], [0.0, 0.0], [0.0, 0.0]], "L-Wr": [[-0.00625, -0.07777777777777778], [-0.00625, -0.07777777777777778], [0.0078125, -0.07222222222222222], [-0.03125, 0.008333333333333333], [-0.1578125, -0.1638888888888889], [-0.2125, 0.019444444444444445], [0.0, 0.0], [0.0, 0.0], [0.0, 0.0], [0.0, 0.0]], "R-Hip": [[-0.04375, -0.07777777777777778], [-0.04375, -0.07777777777777778], [-0.0421875, -0.058333333333333334], [-0.059375, 0.008333333333333333], [-0.121875, 0.027777777777777776], [-0.196875, 0.06944444444444445], [0.0, 0.0], [0.0, 0.0], [0.0, 0.0], [0.0, 0.0]], "R-Knee": [[-0.0546875, -0.013888888888888888], [-0.04375, -0.011111111111111112], [-0.04375, -0.008333333333333333], [-0.0546875, 0.05], [-0.0953125, 0.08888888888888889], [-0.1765625, 0.08611111111111111], [0.0, 0.0], [0.0, 0.0], [0.0, 0.0], [0.0, 0.0]], "R-Ank": [[-0.0578125, 0.05555555555555555], [-0.04375, 0.07222222222222222], [-0.04375, 0.075], [-0.053125, 0.09722222222222222], [-0.046875, 0.08055555555555556], [-0.146875, 0.019444444444444445], [0.0, 0.0], [0.0, 0.0], [0.0, 0.0], [0.0, 0.0]], "L-Hip": [[-0.0203125, -0.07777777777777778], [-0.0203125, -0.07777777777777778], [-0.01875, -0.07222222222222222], [-0.040625, 0.016666666666666666], [-0.1125, -0.011111111111111112], [-0.2046875, 0.041666666666666664], [0.0, 0.0], [0.0, 0.0], [0.0, 0.0], [0.0, 0.0]], "L-Knee": [[-0.01875, -0.013888888888888888], [-0.0171875, -0.011111111111111112], [-0.00625, -0.011111111111111112], [-0.0171875, 0.04722222222222222], [-0.071875, 0.008333333333333333], [-0.1828125, 0.041666666666666664], [0.0, 0.0], [0.0, 0.0], [0.0, 0.0], [0.0, 0.0]], "L-Ank": [[-0.00625, 0.05555555555555555], [-0.00625, 0.05555555555555555], [-0.00625, 0.05555555555555555], [0.003125, 0.06944444444444445], [-0.0265625, 0.022222222222222223], [-0.16875, -0.011111111111111112], [0.0, 0.0], [0.0, 0.0], [0.0, 0.0], [0.0, 0.0]]}