{"Head": [[-0.0109375, -0.225], [-0.0109375, -0.23055555555555557], [-0.01875, -0.23333333333333334], [-0.0171875, -0.2], [-0.01875, -0.20277777777777778], [-0.0078125, -0.18333333333333332], [0.1046875, -0.08055555555555556], [0.190625, 0.016666666666666666], [0.0, 0.0], [0.0, 0.0]], "R-Sho": [[-0.03125, -0.20555555555555555], [-0.03125, -0.20555555555555555], [-0.03125, -0.18333333333333332], [-0.03125, -0.16666666666666666], [-0.03125, -0.1638888888888889], [-0.0203125, -0.14166666666666666], [0.08125, -0.06944444444444445], [0.171875, 0.025], [0.0, 0.0], [0.0, 0.0]], "R-Elb": [[-0.0421875, -0.1638888888888889], [-0.0421875, -0.1638888888888889], [-0.0421875, -0.14444444444444443], [-0.04375, -0.12222222222222222], [-0.04375, -0.11944444444444445], [-0.03125, -0.1], [0.0515625, -0.08333333333333333], [0.1578125, 0.025], [0.0, 0.0], [0.0, 0.0]], "R-Wr": [[-0.04375, -0.12222222222222222], [-0.04375, -0.12222222222222222], [-0.04375, -0.11666666666666667], [-0.0546875, -0.07777777777777778], [-0.053125, -0.07777777777777778], [-0.03125, -0.07777777777777778], [0.01875, -0.10555555555555556], [0.14375, 0.025], [0.0, 0.0], [0.0, 0.0]], "L-Sho": [[0.0046875, -0.20555555555555555], [0.0046875, -0.19444444444444445], [0.0046875, -0.18888888888888888], [0.0, -0.16666666666666666], [0.0046875, -0.16111111111111112], [0.00625, -0.14166666666666666], [0.1125, -0.041666666666666664], [0.178125, 0.041666666666666664], [0.0, 0.0], [0.0, 0.0]], "L-Elb": [[0.015625, -0.1638888888888889], [0.015625, -0.1638888888888889], [0.015625, -0.16111111111111112], [0.00625, -0.12222222222222222], [0.00625, -0.11944444444444445], [0.01875, -0.11666666666666667], [0.1390625, -0.025], [0.2015625, 0.04722222222222222], [0.0, 0.0], [0.0, 0.0]], "L-Wr": [[0.00625, -0.12222222222222222], [0.015625, -0.11944444444444445], [0.015625, -0.11944444444444445], [0.0078125, -0.09722222222222222], [0.0171875, -0.07777777777777778], [0.028125, -0.08055555555555556], [0.1671875, -0.005555555555555556], [0.2390625, 0.04722222222222222], [0.0, 0.0], [0.0, 0.0]], "R-Hip": [[-0.0296875, -0.11944444444444445], [-0.0296875, -0.11944444444444445], [-0.0375, -0.09722222222222222], [-0.03125, -0.08055555555555556], [-0.0296875, -0.07777777777777778], [-0.015625, -0.08333333333333333], [0.0328125, -0.016666666666666666], [0.1375, 0.016666666666666666], [0.0, 0.0], [0.0, 0.0]], "R-Knee": [[-0.0328125, -0.05555555555555555], [-0.0421875, -0.05555555555555555], [-0.03125, -0.05555555555555555], [-0.0328125, -0.03611111111111111], [-0.04375, -0.03611111111111111], [-0.025, -0.041666666666666664], [0.003125, 0.011111111111111112], [0.08125, -0.005555555555555556], [0.0, 0.0], [0.0, 0.0]], "R-Ank": [[-0.04375, 0.011111111111111112], [-0.04375, 0.011111111111111112], [-0.04375, 0.011111111111111112], [-0.0328125, 0.030555555555555555], [-0.0421875, 0.030555555555555555], [-0.0375, 0.0], [-0.0375, 0.04722222222222222], [0.096875, 0.03888888888888889], [0.0, 0.0], [0.0, 0.0]], "L-Hip": [[-0.00625, -0.12222222222222222], [-0.00625, -0.11944444444444445], [-0.0046875, -0.09722222222222222], [-0.0078125, -0.08333333333333333], [-0.00625, -0.07777777777777778], [0.003125, -0.08888888888888889], [0.0484375, 0.002777777777777778], [0.1390625, 0.03888888888888889], [0.0, 0.0], [0.0, 0.0]], "L-Knee": [[0.00625, -0.058333333333333334], [0.00625, -0.05555555555555555], [0.0078125, -0.05555555555555555], [0.0171875, -0.03611111111111111], [0.0171875, -0.03611111111111111], [0.0171875, -0.03333333333333333], [0.0359375, 0.05], [0.115625, 0.05], [0.0, 0.0], [0.0, 0.0]], "L-Ank": [[0.0078125, 0.008333333333333333], [0.01875, 0.011111111111111112], [0.028125, 0.011111111111111112], [0.028125, 0.030555555555555555], [0.0203125, 0.030555555555555555], [0.0171875, 0.005555555555555556], [0.0078125, 0.05555555555555555], [0.0921875, 0.05555555555555555], [0.0, 0.0], [0.0, 0.0]]}