{"Head": [[-0.0046875, -0.1638888888888889], [-0.00625, -0.1638888888888889], [-0.0125, -0.11388888888888889], [0.028125, -0.06388888888888888], [0.10625, -0.019444444444444445], [0.16875, 0.058333333333333334], [0.1984375, 0.05555555555555555], [0.2109375, 0.05277777777777778], [0.0, 0.0], [0.0, 0.0]], "R-Sho": [[-0.0203125, -0.12222222222222222], [-0.0203125, -0.12222222222222222], [-0.0234375, -0.09444444444444444], [0.00625, -0.05555555555555555], [0.0875, -0.011111111111111112], [0.15625, 0.06944444444444445], [0.1875, 0.058333333333333334], [0.20625, 0.03888888888888889], [0.0, 0.0], [0.0, 0.0]], "R-Elb": [[-0.03125, -0.07777777777777778], [-0.03125, -0.07777777777777778], [-0.0453125, -0.08333333333333333], [0.003125, -0.013888888888888888], [0.0703125, -0.011111111111111112], [0.1484375, 0.07222222222222222], [0.1921875, 0.08888888888888889], [0.2078125, 0.06388888888888888], [0.0, 0.0], [0.0, 0.0]], "R-Wr": [[-0.0328125, -0.05277777777777778], [-0.03125, -0.05277777777777778], [-0.0578125, -0.06944444444444445], [0.01875, -0.011111111111111112], [0.0578125, 0.005555555555555556], [0.1328125, 0.07222222222222222], [0.2, 0.13333333333333333], [0.2125, 0.1], [0.0, 0.0], [0.0, 0.0]], "L-Sho": [[0.00625, -0.12222222222222222], [0.00625, -0.11944444444444445], [-0.00625, -0.1], [0.0390625, -0.03888888888888889], [0.109375, 0.013888888888888888], [0.1671875, 0.10277777777777777], [0.1796875, 0.041666666666666664], [0.1984375, 0.025], [0.0, 0.0], [0.0, 0.0]], "L-Elb": [[0.0171875, -0.07777777777777778], [0.0171875, -0.07777777777777778], [0.025, -0.08888888888888889], [0.0453125, 0.0], [0.115625, 0.030555555555555555], [0.159375, 0.1111111111111111], [0.18125, 0.06944444444444445], [0.19375, 0.07222222222222222], [0.0, 0.0], [0.0, 0.0]], "L-Wr": [[0.015625, -0.03611111111111111], [0.0171875, -0.03611111111111111], [0.05, -0.075], [0.04375, 0.022222222222222223], [0.115625, 0.03333333333333333], [0.1453125, 0.11666666666666667], [0.18125, 0.10277777777777777], [0.2, 0.09444444444444444], [0.0, 0.0], [0.0, 0.0]], "R-Hip": [[-0.01875, -0.03333333333333333], [-0.01875, -0.03333333333333333], [-0.01875, -0.022222222222222223], [0.003125, 0.011111111111111112], [0.059375, 0.04722222222222222], [0.1296875, 0.09166666666666666], [0.153125, 0.06666666666666667], [0.178125, 0.05], [0.0, 0.0], [0.0, 0.0]], "R-Knee": [[-0.0296875, 0.030555555555555555], [-0.0296875, 0.030555555555555555], [-0.0359375, 0.025], [-0.01875, 0.05555555555555555], [0.0359375, 0.07222222222222222], [0.0921875, 0.08611111111111111], [0.153125, 0.1], [0.196875, 0.08888888888888889], [0.0, 0.0], [0.0, 0.0]], "R-Ank": [[-0.0328125, 0.09722222222222222], [-0.03125, 0.09444444444444444], [-0.0375, 0.08888888888888889], [-0.0296875, 0.09722222222222222], [-0.0078125, 0.10833333333333334], [0.0609375, 0.08611111111111111], [0.146875, 0.12222222222222222], [0.184375, 0.13333333333333333], [0.0, 0.0], [0.0, 0.0]], "L-Hip": [[0.0046875, -0.03333333333333333], [0.003125, -0.03333333333333333], [0.0046875, -0.016666666666666666], [0.0171875, 0.030555555555555555], [0.0734375, 0.06944444444444445], [0.1296875, 0.1111111111111111], [0.1609375, 0.07222222222222222], [0.165625, 0.05], [0.0, 0.0], [0.0, 0.0]], "L-Knee": [[0.00625, 0.030555555555555555], [0.00625, 0.030555555555555555], [0.00625, 0.027777777777777776], [-0.0015625, 0.06944444444444445], [0.0546875, 0.1], [0.096875, 0.125], [0.1703125, 0.11388888888888889], [0.171875, 0.09166666666666666], [0.0, 0.0], [0.0, 0.0]], "L-Ank": [[0.0171875, 0.09722222222222222], [0.0171875, 0.09722222222222222], [0.003125, 0.08333333333333333], [-0.0140625, 0.10277777777777777], [0.0234375, 0.12777777777777777], [0.0546875, 0.12222222222222222], [0.14375, 0.1388888888888889], [0.16875, 0.1361111111111111], [0.0, 0.0], [0.0, 0.0]]}