{"Head": [[0.0203125, -0.18055555555555555], [0.01875, -0.18333333333333332], [0.028125, -0.18611111111111112], [0.0296875, -0.18611111111111112], [0.0296875, -0.1638888888888889], [-0.0046875, -0.07777777777777778], [-0.1265625, -0.002777777777777778], [-0.1640625, -0.058333333333333334], [-0.1515625, -0.14166666666666666], [-0.1171875, -0.15555555555555556]], "R-Sho": [[0.0046875, -0.14444444444444443], [0.00625, -0.14444444444444443], [0.00625, -0.14444444444444443], [0.015625, -0.14166666666666666], [0.015625, -0.12222222222222222], [-0.0078125, -0.05555555555555555], [-0.1265625, 0.03611111111111111], [-0.1546875, -0.016666666666666666], [-0.165625, -0.1], [-0.140625, -0.1388888888888889]], "R-Elb": [[-0.00625, -0.1], [0.0046875, -0.1], [0.0046875, -0.1], [0.00625, -0.09722222222222222], [-0.00625, -0.07777777777777778], [-0.01875, -0.013888888888888888], [-0.1265625, 0.06388888888888888], [-0.1484375, 0.022222222222222223], [-0.1671875, -0.075], [-0.1421875, -0.07777777777777778]], "R-Wr": [[-0.0046875, -0.075], [0.0046875, -0.058333333333333334], [0.0046875, -0.058333333333333334], [0.00625, -0.058333333333333334], [-0.00625, -0.03333333333333333], [-0.01875, 0.008333333333333333], [-0.1265625, 0.09444444444444444], [-0.1375, 0.05], [-0.165625, -0.05277777777777778], [-0.128125, -0.07222222222222222]], "L-Sho": [[0.0296875, -0.14444444444444443], [0.0390625, -0.14444444444444443], [0.0421875, -0.14444444444444443], [0.0421875, -0.14444444444444443], [0.04375, -0.14166666666666666], [0.0171875, -0.075], [-0.0921875, -0.013888888888888888], [-0.128125, -0.03333333333333333], [-0.1390625, -0.10277777777777777], [-0.1171875, -0.12222222222222222]], "L-Elb": [[0.0421875, -0.1], [0.0421875, -0.1], [0.04375, -0.1], [0.053125, -0.1], [0.0765625, -0.1638888888888889], [0.0296875, -0.03611111111111111], [-0.08125, 0.011111111111111112], [-0.140625, 0.008333333333333333], [-0.128125, -0.075], [-0.1171875, -0.07777777777777778]], "L-Wr": [[0.0421875, -0.05555555555555555], [0.0421875, -0.05555555555555555], [0.04375, -0.05555555555555555], [0.0515625, -0.05555555555555555], [0.1015625, -0.14444444444444443], [0.0296875, -0.03333333333333333], [-0.059375, 0.027777777777777776], [-0.140625, 0.030555555555555555], [-0.140625, -0.05555555555555555], [-0.1171875, -0.075]], "R-Hip": [[0.00625, -0.05555555555555555], [0.015625, -0.05555555555555555], [0.0171875, -0.05555555555555555], [0.01875, -0.05555555555555555], [0.0171875, -0.03611111111111111], [0.00625, 0.011111111111111112], [-0.0984375, 0.06666666666666667], [-0.14375, 0.019444444444444445], [-0.1546875, -0.03333333333333333], [-0.140625, -0.03611111111111111]], "R-Knee": [[0.0046875, 0.008333333333333333], [0.00625, 0.011111111111111112], [0.015625, 0.008333333333333333], [0.0171875, 0.008333333333333333], [0.015625, 0.011111111111111112], [0.0296875, 0.05555555555555555], [-0.096875, 0.125], [-0.15, 0.06944444444444445], [-0.1640625, 0.030555555555555555], [-0.1421875, 0.030555555555555555]], "R-Ank": [[0.0046875, 0.075], [0.0046875, 0.075], [0.0046875, 0.075], [0.00625, 0.075], [0.00625, 0.075], [0.053125, 0.09722222222222222], [-0.0609375, 0.12777777777777777], [-0.1640625, 0.11666666666666667], [-0.1765625, 0.08611111111111111], [-0.1546875, 0.09722222222222222]], "L-Hip": [[0.0296875, -0.05555555555555555], [0.0296875, -0.05555555555555555], [0.040625, -0.05555555555555555], [0.0421875, -0.05555555555555555], [0.0421875, -0.03888888888888889], [0.0296875, -0.008333333333333333], [-0.08125, 0.05555555555555555], [-0.128125, 0.05277777777777778], [-0.140625, -0.011111111111111112], [-0.128125, -0.03611111111111111]], "L-Knee": [[0.040625, 0.008333333333333333], [0.0421875, 0.011111111111111112], [0.0421875, 0.008333333333333333], [0.0421875, 0.008333333333333333], [0.053125, 0.008333333333333333], [0.053125, 0.03333333333333333], [-0.0546875, 0.07777777777777778], [-0.128125, 0.11666666666666667], [-0.1515625, 0.030555555555555555], [-0.1171875, 0.030555555555555555]], "L-Ank": [[0.0421875, 0.075], [0.0421875, 0.075], [0.053125, 0.075], [0.053125, 0.075], [0.0546875, 0.075], [0.078125, 0.07777777777777778], [-0.034375, 0.09722222222222222], [-0.1078125, 0.12222222222222222], [-0.159375, 0.09166666666666666], [-0.1171875, 0.09722222222222222]]}