{"Head": [[0.021875, -0.1111111111111111], [0.0171875, -0.11944444444444445], [0.0171875, -0.10277777777777777], [0.0171875, -0.1], [0.0171875, -0.1], [0.0171875, -0.05277777777777778], [-0.0640625, -0.05555555555555555], [-0.1515625, -0.03333333333333333], [-0.25, 0.08611111111111111], [-0.2796875, 0.10277777777777777]], "R-Sho": [[0.0046875, -0.09722222222222222], [0.00625, -0.09722222222222222], [0.0046875, -0.07777777777777778], [0.0046875, -0.07777777777777778], [0.0046875, -0.07777777777777778], [0.015625, -0.03333333333333333], [-0.075, -0.019444444444444445], [-0.1625, 0.011111111111111112], [-0.2453125, 0.125], [-0.265625, 0.12777777777777777]], "R-Elb": [[-0.0078125, -0.05555555555555555], [-0.0046875, -0.05555555555555555], [-0.00625, -0.05277777777777778], [-0.00625, -0.03611111111111111], [-0.0171875, -0.03333333333333333], [-0.0109375, -0.011111111111111112], [-0.09375, 0.008333333333333333], [-0.1671875, 0.044444444444444446], [-0.2203125, 0.13055555555555556], [-0.2484375, 0.12777777777777777]], "R-Wr": [[-0.01875, -0.030555555555555555], [-0.0171875, -0.030555555555555555], [-0.01875, -0.013888888888888888], [-0.01875, -0.011111111111111112], [-0.0203125, 0.008333333333333333], [-0.0390625, 0.022222222222222223], [-0.1015625, 0.041666666666666664], [-0.178125, 0.06666666666666667], [-0.2, 0.1], [-0.228125, 0.12777777777777777]], "L-Sho": [[0.040625, -0.09722222222222222], [0.040625, -0.09722222222222222], [0.040625, -0.08055555555555556], [0.03125, -0.07777777777777778], [0.0296875, -0.07777777777777778], [0.025, -0.027777777777777776], [-0.0515625, -0.041666666666666664], [-0.1390625, -0.019444444444444445], [-0.2359375, 0.08055555555555556], [-0.2671875, 0.09166666666666666]], "L-Elb": [[0.0421875, -0.05555555555555555], [0.0515625, -0.05555555555555555], [0.04375, -0.05277777777777778], [0.04375, -0.03333333333333333], [0.0421875, -0.03333333333333333], [0.040625, 0.008333333333333333], [-0.01875, -0.03611111111111111], [-0.1140625, -0.019444444444444445], [-0.21875, 0.07777777777777778], [-0.2515625, 0.09444444444444444]], "L-Wr": [[0.0421875, -0.030555555555555555], [0.053125, -0.013888888888888888], [0.0546875, -0.011111111111111112], [0.053125, 0.005555555555555556], [0.0546875, 0.008333333333333333], [0.04375, 0.03333333333333333], [-0.0328125, -0.06944444444444445], [-0.1, -0.06111111111111111], [-0.20625, 0.075], [-0.234375, 0.09166666666666666]], "R-Hip": [[0.00625, -0.013888888888888888], [0.015625, -0.013888888888888888], [0.0078125, -0.013888888888888888], [0.00625, -0.011111111111111112], [0.00625, -0.011111111111111112], [0.0171875, 0.030555555555555555], [-0.0328125, 0.011111111111111112], [-0.121875, 0.05277777777777778], [-0.1953125, 0.12222222222222222], [-0.2421875, 0.125]], "R-Knee": [[-0.00625, 0.030555555555555555], [-0.00625, 0.030555555555555555], [-0.00625, 0.030555555555555555], [-0.00625, 0.030555555555555555], [-0.00625, 0.03333333333333333], [-0.0046875, 0.03611111111111111], [-0.0171875, 0.07222222222222222], [-0.0953125, 0.07777777777777778], [-0.1609375, 0.13055555555555556], [-0.2078125, 0.11388888888888889]], "R-Ank": [[-0.01875, 0.09444444444444444], [-0.0171875, 0.09722222222222222], [-0.0078125, 0.09722222222222222], [-0.0171875, 0.09722222222222222], [-0.0078125, 0.09444444444444444], [0.0171875, 0.09722222222222222], [0.0171875, 0.11666666666666667], [-0.065625, 0.08888888888888889], [-0.1359375, 0.11388888888888889], [-0.178125, 0.11388888888888889]], "L-Hip": [[0.0296875, -0.016666666666666666], [0.03125, -0.016666666666666666], [0.0296875, -0.013888888888888888], [0.0296875, -0.011111111111111112], [0.0296875, -0.011111111111111112], [0.0296875, 0.013888888888888888], [-0.0296875, 0.008333333333333333], [-0.10625, 0.005555555555555556], [-0.196875, 0.09166666666666666], [-0.24375, 0.09722222222222222]], "L-Knee": [[0.04375, 0.027777777777777776], [0.0515625, 0.030555555555555555], [0.053125, 0.013888888888888888], [0.053125, 0.030555555555555555], [0.053125, 0.013888888888888888], [0.053125, 0.05277777777777778], [0.0046875, 0.03888888888888889], [-0.08125, 0.011111111111111112], [-0.1734375, 0.07777777777777778], [-0.215625, 0.08333333333333333]], "L-Ank": [[0.053125, 0.09444444444444444], [0.0546875, 0.09444444444444444], [0.0546875, 0.09444444444444444], [0.0546875, 0.09722222222222222], [0.0640625, 0.09444444444444444], [0.05625, 0.09722222222222222], [0.0203125, 0.05555555555555555], [-0.0546875, 0.019444444444444445], [-0.146875, 0.06944444444444445], [-0.1953125, 0.07222222222222222]]}