{"Head": [[0.009375, -0.19444444444444445], [0.0046875, -0.20833333333333334], [0.0046875, -0.18611111111111112], [0.0046875, -0.11944444444444445], [-0.04375, -0.16944444444444445], [-0.1046875, -0.12777777777777777], [-0.1546875, 0.03888888888888889], [0.0, 0.0], [0.0, 0.0], [0.0, 0.0]], "R-Sho": [[-0.009375, -0.1638888888888889], [-0.009375, -0.16666666666666666], [-0.0171875, -0.14444444444444443], [-0.0109375, -0.08055555555555556], [-0.0421875, -0.13333333333333333], [-0.0953125, -0.08611111111111111], [-0.1390625, 0.075], [0.0, 0.0], [0.0, 0.0], [0.0, 0.0]], "R-Elb": [[-0.01875, -0.11944444444444445], [-0.01875, -0.12222222222222222], [-0.0203125, -0.1], [-0.0171875, -0.04722222222222222], [-0.075, -0.13055555555555556], [-0.1015625, -0.06388888888888888], [-0.125, 0.09722222222222222], [0.0, 0.0], [0.0, 0.0], [0.0, 0.0]], "R-Wr": [[-0.01875, -0.07777777777777778], [-0.01875, -0.1], [-0.03125, -0.05555555555555555], [-0.0296875, -0.011111111111111112], [-0.1078125, -0.14166666666666666], [-0.1234375, -0.044444444444444446], [-0.103125, 0.1], [0.0, 0.0], [0.0, 0.0], [0.0, 0.0]], "L-Sho": [[0.0171875, -0.16666666666666666], [0.0171875, -0.16666666666666666], [0.01875, -0.14444444444444443], [0.0203125, -0.09722222222222222], [-0.0203125, -0.15555555555555556], [-0.0890625, -0.12777777777777777], [-0.1296875, 0.03611111111111111], [0.0, 0.0], [0.0, 0.0], [0.0, 0.0]], "L-Elb": [[0.0296875, -0.12222222222222222], [0.0296875, -0.12222222222222222], [0.0296875, -0.1], [0.028125, -0.05555555555555555], [0.0125, -0.13333333333333333], [-0.06875, -0.1638888888888889], [-0.1109375, 0.03888888888888889], [0.0, 0.0], [0.0, 0.0], [0.0, 0.0]], "L-Wr": [[0.0296875, -0.08055555555555556], [0.0296875, -0.09722222222222222], [0.0296875, -0.075], [0.0296875, -0.013888888888888888], [0.046875, -0.12777777777777777], [-0.0625, -0.19166666666666668], [-0.084375, 0.10277777777777777], [0.0, 0.0], [0.0, 0.0], [0.0, 0.0]], "R-Hip": [[-0.00625, -0.07777777777777778], [-0.00625, -0.07777777777777778], [-0.0078125, -0.05555555555555555], [-0.0046875, -0.016666666666666666], [-0.0125, -0.06388888888888888], [-0.0609375, -0.06666666666666667], [-0.0828125, 0.08611111111111111], [0.0, 0.0], [0.0, 0.0], [0.0, 0.0]], "R-Knee": [[-0.0078125, -0.011111111111111112], [-0.009375, -0.030555555555555555], [-0.01875, 0.008333333333333333], [-0.009375, 0.025], [0.0015625, 0.022222222222222223], [-0.0203125, -0.022222222222222223], [-0.05, 0.08888888888888889], [0.0, 0.0], [0.0, 0.0], [0.0, 0.0]], "R-Ank": [[-0.0171875, 0.07222222222222222], [-0.01875, 0.05277777777777778], [-0.01875, 0.075], [-0.0125, 0.07777777777777778], [0.0015625, 0.08888888888888889], [0.025, 0.0], [-0.0109375, 0.09444444444444444], [0.0, 0.0], [0.0, 0.0], [0.0, 0.0]], "L-Hip": [[0.0171875, -0.07777777777777778], [0.0171875, -0.07777777777777778], [0.0171875, -0.058333333333333334], [0.015625, -0.016666666666666666], [0.0140625, -0.06111111111111111], [-0.0390625, -0.08611111111111111], [-0.078125, 0.05], [0.0, 0.0], [0.0, 0.0], [0.0, 0.0]], "L-Knee": [[0.01875, -0.011111111111111112], [0.01875, -0.030555555555555555], [0.01875, -0.011111111111111112], [0.040625, 0.008333333333333333], [0.0421875, 0.002777777777777778], [-0.0078125, -0.041666666666666664], [-0.0453125, 0.04722222222222222], [0.0, 0.0], [0.0, 0.0], [0.0, 0.0]], "L-Ank": [[0.01875, 0.05555555555555555], [0.0296875, 0.03333333333333333], [0.028125, 0.07222222222222222], [0.053125, 0.075], [0.059375, 0.07222222222222222], [0.028125, -0.019444444444444445], [-0.009375, 0.06111111111111111], [0.0, 0.0], [0.0, 0.0], [0.0, 0.0]]}