{"Head": [[0.03125, -0.14166666666666666], [0.03125, -0.14166666666666666], [0.0296875, -0.14444444444444443], [0.0421875, -0.12222222222222222], [0.128125, -0.12222222222222222], [0.2328125, -0.058333333333333334], [0.2859375, -0.03611111111111111], [0.3109375, -0.075], [0.0, 0.0], [0.0, 0.0]], "R-Sho": [[0.01875, -0.12222222222222222], [0.01875, -0.12222222222222222], [0.0171875, -0.125], [0.0296875, -0.09444444444444444], [0.115625, -0.11944444444444445], [0.2109375, -0.05277777777777778], [0.271875, -0.03333333333333333], [0.296875, -0.075], [0.0, 0.0], [0.0, 0.0]], "R-Elb": [[0.00625, -0.1], [0.0078125, -0.09722222222222222], [0.00625, -0.09722222222222222], [0.0125, -0.07777777777777778], [0.1015625, -0.1], [0.1953125, -0.030555555555555555], [0.275, 0.008333333333333333], [0.2953125, -0.03611111111111111], [0.0, 0.0], [0.0, 0.0]], "R-Wr": [[0.003125, -0.075], [0.0046875, -0.058333333333333334], [0.0046875, -0.058333333333333334], [0.0171875, -0.044444444444444446], [0.103125, -0.08888888888888889], [0.221875, -0.002777777777777778], [0.2859375, 0.030555555555555555], [0.3078125, -0.03333333333333333], [0.0, 0.0], [0.0, 0.0]], "L-Sho": [[0.053125, -0.12222222222222222], [0.053125, -0.12222222222222222], [0.04375, -0.125], [0.0515625, -0.09722222222222222], [0.1390625, -0.1], [0.234375, -0.016666666666666666], [0.265625, -0.03611111111111111], [0.296875, -0.075], [0.0, 0.0], [0.0, 0.0]], "L-Elb": [[0.0546875, -0.1], [0.0546875, -0.09722222222222222], [0.0546875, -0.1], [0.06875, -0.06944444444444445], [0.153125, -0.09722222222222222], [0.2390625, 0.013888888888888888], [0.2671875, 0.005555555555555556], [0.2875, -0.05], [0.0, 0.0], [0.0, 0.0]], "L-Wr": [[0.0640625, -0.075], [0.0640625, -0.058333333333333334], [0.065625, -0.075], [0.075, -0.027777777777777776], [0.1515625, -0.1], [0.25, 0.03611111111111111], [0.2859375, 0.027777777777777776], [0.3, -0.022222222222222223], [0.0, 0.0], [0.0, 0.0]], "R-Hip": [[0.028125, -0.07777777777777778], [0.0203125, -0.075], [0.0171875, -0.07777777777777778], [0.028125, -0.05555555555555555], [0.090625, -0.058333333333333334], [0.2, -0.013888888888888888], [0.25, -0.011111111111111112], [0.2734375, -0.011111111111111112], [0.0, 0.0], [0.0, 0.0]], "R-Knee": [[0.0171875, -0.03611111111111111], [0.0171875, -0.03611111111111111], [0.0046875, -0.05555555555555555], [0.0, -0.011111111111111112], [0.0640625, -0.03333333333333333], [0.16875, -0.022222222222222223], [0.2375, 0.013888888888888888], [0.3015625, 0.022222222222222223], [0.0, 0.0], [0.0, 0.0]], "R-Ank": [[0.00625, 0.008333333333333333], [0.015625, 0.011111111111111112], [0.00625, 0.005555555555555556], [-0.021875, 0.027777777777777776], [0.03125, 0.0], [0.128125, -0.030555555555555555], [0.2, 0.03333333333333333], [0.2671875, 0.03888888888888889], [0.0, 0.0], [0.0, 0.0]], "L-Hip": [[0.0421875, -0.07777777777777778], [0.0421875, -0.075], [0.0421875, -0.07777777777777778], [0.0421875, -0.04722222222222222], [0.103125, -0.05555555555555555], [0.1953125, 0.011111111111111112], [0.259375, -0.011111111111111112], [0.271875, -0.008333333333333333], [0.0, 0.0], [0.0, 0.0]], "L-Knee": [[0.0546875, -0.03888888888888889], [0.0546875, -0.03611111111111111], [0.0546875, -0.05277777777777778], [0.059375, -0.03333333333333333], [0.090625, 0.0], [0.196875, 0.03888888888888889], [0.271875, 0.03611111111111111], [0.2984375, 0.005555555555555556], [0.0, 0.0], [0.0, 0.0]], "L-Ank": [[0.0546875, 0.008333333333333333], [0.0546875, 0.008333333333333333], [0.0546875, 0.008333333333333333], [0.04375, 0.011111111111111112], [0.04375, 0.008333333333333333], [0.15, 0.03333333333333333], [0.24375, 0.05], [0.2875, 0.030555555555555555], [0.0, 0.0], [0.0, 0.0]]}