{"Head": [[-0.0078125, -0.20555555555555555], [-0.0078125, -0.22777777777777777], [-0.0171875, -0.20555555555555555], [-0.0125, -0.11944444444444445], [-0.153125, -0.08333333333333333], [-0.2828125, 0.05], [-0.334375, 0.04722222222222222], [0.0, 0.0], [0.0, 0.0], [0.0, 0.0]], "R-Sho": [[-0.0296875, -0.18333333333333332], [-0.0296875, -0.18611111111111112], [-0.0296875, -0.1638888888888889], [-0.0359375, -0.08333333333333333], [-0.1515625, -0.044444444444444446], [-0.271875, 0.08888888888888889], [-0.3109375, 0.075], [0.0, 0.0], [0.0, 0.0], [0.0, 0.0]], "R-Elb": [[-0.03125, -0.12222222222222222], [-0.03125, -0.14166666666666666], [-0.0328125, -0.11944444444444445], [-0.053125, -0.05555555555555555], [-0.1828125, -0.027777777777777776], [-0.3125, 0.09166666666666666], [-0.3375, 0.08888888888888889], [0.0, 0.0], [0.0, 0.0], [0.0, 0.0]], "R-Wr": [[-0.03125, -0.08055555555555556], [-0.0421875, -0.1], [-0.04375, -0.07777777777777778], [-0.0390625, -0.025], [-0.240625, -0.022222222222222223], [-0.33125, 0.08611111111111111], [-0.3765625, 0.09722222222222222], [0.0, 0.0], [0.0, 0.0], [0.0, 0.0]], "L-Sho": [[0.0109375, -0.16944444444444445], [0.0125, -0.18055555555555555], [0.0109375, -0.1638888888888889], [0.0078125, -0.07777777777777778], [-0.1296875, -0.09444444444444444], [-0.2625, 0.022222222222222223], [-0.315625, 0.022222222222222223], [0.0, 0.0], [0.0, 0.0], [0.0, 0.0]], "L-Elb": [[0.0171875, -0.12222222222222222], [0.0171875, -0.14166666666666666], [0.0171875, -0.12222222222222222], [0.028125, -0.04722222222222222], [-0.115625, -0.12222222222222222], [-0.2375, -0.011111111111111112], [-0.284375, 0.022222222222222223], [0.0, 0.0], [0.0, 0.0], [0.0, 0.0]], "L-Wr": [[0.0171875, -0.08055555555555556], [0.0171875, -0.1], [0.0171875, -0.07777777777777778], [0.009375, -0.022222222222222223], [-0.096875, -0.19166666666666668], [-0.20625, -0.013888888888888888], [-0.25625, 0.022222222222222223], [0.0, 0.0], [0.0, 0.0], [0.0, 0.0]], "R-Hip": [[-0.01875, -0.07777777777777778], [-0.01875, -0.09722222222222222], [-0.0203125, -0.07777777777777778], [-0.0203125, -0.025], [-0.1015625, -0.022222222222222223], [-0.2203125, 0.08333333333333333], [-0.2734375, 0.09166666666666666], [0.0, 0.0], [0.0, 0.0], [0.0, 0.0]], "R-Knee": [[-0.0296875, -0.008333333333333333], [-0.0296875, -0.016666666666666666], [-0.03125, -0.011111111111111112], [-0.025, 0.022222222222222223], [-0.065625, 0.011111111111111112], [-0.15625, 0.07222222222222222], [-0.2359375, 0.04722222222222222], [0.0, 0.0], [0.0, 0.0], [0.0, 0.0]], "R-Ank": [[-0.03125, 0.07222222222222222], [-0.03125, 0.05277777777777778], [-0.03125, 0.07222222222222222], [-0.0296875, 0.075], [-0.0171875, 0.05555555555555555], [-0.103125, 0.058333333333333334], [-0.1859375, 0.025], [0.0, 0.0], [0.0, 0.0], [0.0, 0.0]], "L-Hip": [[0.0046875, -0.06111111111111111], [0.0046875, -0.09722222222222222], [0.0046875, -0.06666666666666667], [-0.0015625, -0.008333333333333333], [-0.0890625, -0.05], [-0.2109375, 0.041666666666666664], [-0.2671875, 0.05555555555555555], [0.0, 0.0], [0.0, 0.0], [0.0, 0.0]], "L-Knee": [[0.0046875, -0.008333333333333333], [0.0046875, -0.03333333333333333], [0.00625, -0.013888888888888888], [0.0296875, 0.025], [-0.0515625, -0.03333333333333333], [-0.16875, 0.027777777777777776], [-0.2390625, 0.016666666666666666], [0.0, 0.0], [0.0, 0.0], [0.0, 0.0]], "L-Ank": [[0.0078125, 0.07222222222222222], [0.00625, 0.03611111111111111], [0.00625, 0.05277777777777778], [0.040625, 0.06944444444444445], [0.00625, -0.002777777777777778], [-0.1171875, -0.008333333333333333], [-0.203125, 0.002777777777777778], [0.0, 0.0], [0.0, 0.0], [0.0, 0.0]]}