{"Head": [[-0.0140625, -0.14722222222222223], [-0.0171875, -0.15833333333333333], [-0.01875, -0.16666666666666666], [-0.021875, -0.10833333333333334], [-0.1328125, 0.041666666666666664], [-0.171875, 0.002777777777777778], [-0.140625, -0.125], [0.0, 0.0], [0.0, 0.0], [0.0, 0.0]], "R-Sho": [[-0.0421875, -0.11944444444444445], [-0.03125, -0.12222222222222222], [-0.03125, -0.12222222222222222], [-0.04375, -0.07777777777777778], [-0.1328125, 0.08333333333333333], [-0.1609375, 0.044444444444444446], [-0.1296875, -0.08055555555555556], [0.0, 0.0], [0.0, 0.0], [0.0, 0.0]], "R-Elb": [[-0.04375, -0.075], [-0.0421875, -0.07777777777777778], [-0.04375, -0.07777777777777778], [-0.05625, -0.016666666666666666], [-0.1328125, 0.125], [-0.146875, 0.06666666666666667], [-0.128125, -0.03333333333333333], [0.0, 0.0], [0.0, 0.0], [0.0, 0.0]], "R-Wr": [[-0.0546875, -0.03333333333333333], [-0.04375, -0.03333333333333333], [-0.04375, -0.03611111111111111], [-0.05625, 0.030555555555555555], [-0.1578125, 0.125], [-0.1265625, 0.08611111111111111], [-0.1171875, 0.03611111111111111], [0.0, 0.0], [0.0, 0.0], [0.0, 0.0]], "L-Sho": [[0.003125, -0.11944444444444445], [0.00625, -0.12777777777777777], [0.00625, -0.12222222222222222], [0.0046875, -0.06944444444444445], [-0.1078125, 0.05555555555555555], [-0.1453125, 0.0], [-0.1671875, -0.08888888888888889], [0.0, 0.0], [0.0, 0.0], [0.0, 0.0]], "L-Elb": [[0.015625, -0.07777777777777778], [0.015625, -0.07777777777777778], [0.0078125, -0.075], [0.00625, -0.03333333333333333], [-0.0875, 0.05277777777777778], [-0.1234375, 0.008333333333333333], [-0.1890625, -0.05555555555555555], [0.0, 0.0], [0.0, 0.0], [0.0, 0.0]], "L-Wr": [[0.0171875, -0.03333333333333333], [0.015625, -0.03611111111111111], [0.00625, -0.03333333333333333], [0.0171875, -0.011111111111111112], [-0.0671875, 0.05277777777777778], [-0.1078125, 0.019444444444444445], [-0.190625, -0.013888888888888888], [0.0, 0.0], [0.0, 0.0], [0.0, 0.0]], "R-Hip": [[-0.03125, -0.030555555555555555], [-0.0296875, -0.03333333333333333], [-0.0296875, -0.03333333333333333], [-0.0375, 0.005555555555555556], [-0.1015625, 0.11388888888888889], [-0.1109375, 0.06666666666666667], [-0.153125, 0.005555555555555556], [0.0, 0.0], [0.0, 0.0], [0.0, 0.0]], "R-Knee": [[-0.03125, 0.05], [-0.03125, 0.030555555555555555], [-0.03125, 0.03333333333333333], [-0.0453125, 0.06111111111111111], [-0.08125, 0.1388888888888889], [-0.1359375, 0.13055555555555556], [-0.1296875, 0.03333333333333333], [0.0, 0.0], [0.0, 0.0], [0.0, 0.0]], "R-Ank": [[-0.03125, 0.11944444444444445], [-0.0421875, 0.11666666666666667], [-0.0328125, 0.11666666666666667], [-0.034375, 0.10833333333333334], [-0.0625, 0.15555555555555556], [-0.0921875, 0.125], [-0.1296875, 0.09722222222222222], [0.0, 0.0], [0.0, 0.0], [0.0, 0.0]], "L-Hip": [[-0.00625, -0.030555555555555555], [0.0, -0.03333333333333333], [-0.00625, -0.03333333333333333], [-0.009375, 0.0], [-0.0875, 0.08888888888888889], [-0.096875, 0.05], [-0.175, -0.005555555555555556], [0.0, 0.0], [0.0, 0.0], [0.0, 0.0]], "L-Knee": [[0.003125, 0.05], [0.0046875, 0.030555555555555555], [0.0046875, 0.03333333333333333], [0.0171875, 0.05555555555555555], [-0.0703125, 0.1], [-0.1140625, 0.1], [-0.190625, 0.06111111111111111], [0.0, 0.0], [0.0, 0.0], [0.0, 0.0]], "L-Ank": [[-0.00625, 0.11666666666666667], [0.0046875, 0.1], [0.0046875, 0.11666666666666667], [0.040625, 0.11944444444444445], [-0.0375, 0.10833333333333334], [-0.0734375, 0.1], [-0.20625, 0.125], [0.0, 0.0], [0.0, 0.0], [0.0, 0.0]]}