{"Head": [[0.028125, -0.17222222222222222], [0.0265625, -0.1638888888888889], [-0.0078125, -0.09722222222222222], [-0.1390625, -0.03888888888888889], [-0.234375, 0.06111111111111111], [-0.265625, 0.04722222222222222], [-0.2453125, -0.013888888888888888], [0.0, 0.0], [0.0, 0.0], [0.0, 0.0]], "R-Sho": [[0.015625, -0.14444444444444443], [0.0171875, -0.14444444444444443], [-0.0140625, -0.07777777777777778], [-0.1234375, 0.002777777777777778], [-0.2125, 0.06111111111111111], [-0.24375, 0.05277777777777778], [-0.240625, 0.005555555555555556], [0.0, 0.0], [0.0, 0.0], [0.0, 0.0]], "R-Elb": [[0.0046875, -0.1], [0.00625, -0.1], [-0.015625, -0.044444444444444446], [-0.1390625, 0.022222222222222223], [-0.221875, 0.08055555555555556], [-0.2515625, 0.06666666666666667], [-0.23125, 0.04722222222222222], [0.0, 0.0], [0.0, 0.0], [0.0, 0.0]], "R-Wr": [[0.0046875, -0.075], [0.0046875, -0.075], [-0.021875, -0.008333333333333333], [-0.1515625, 0.04722222222222222], [-0.2234375, 0.10277777777777777], [-0.2625, 0.08333333333333333], [-0.24375, 0.07222222222222222], [0.0, 0.0], [0.0, 0.0], [0.0, 0.0]], "L-Sho": [[0.0421875, -0.14444444444444443], [0.0421875, -0.14444444444444443], [0.0125, -0.08611111111111111], [-0.1125, -0.05277777777777778], [-0.2125, 0.03333333333333333], [-0.246875, 0.025], [-0.2484375, -0.008333333333333333], [0.0, 0.0], [0.0, 0.0], [0.0, 0.0]], "L-Elb": [[0.0421875, -0.11666666666666667], [0.0421875, -0.1], [0.0234375, -0.05], [-0.0953125, -0.07222222222222222], [-0.1984375, 0.03333333333333333], [-0.2421875, 0.013888888888888888], [-0.2671875, -0.022222222222222223], [0.0, 0.0], [0.0, 0.0], [0.0, 0.0]], "L-Wr": [[0.0421875, -0.07777777777777778], [0.0421875, -0.075], [0.034375, -0.019444444444444445], [-0.071875, -0.07222222222222222], [-0.18125, 0.025], [-0.2296875, 0.0], [-0.28125, 0.0], [0.0, 0.0], [0.0, 0.0], [0.0, 0.0]], "R-Hip": [[0.0171875, -0.075], [0.0171875, -0.075], [0.003125, -0.030555555555555555], [-0.071875, -0.008333333333333333], [-0.196875, 0.06944444444444445], [-0.2421875, 0.05277777777777778], [-0.2671875, 0.011111111111111112], [0.0, 0.0], [0.0, 0.0], [0.0, 0.0]], "R-Knee": [[0.0046875, -0.011111111111111112], [0.0046875, -0.011111111111111112], [-0.00625, 0.011111111111111112], [-0.0484375, 0.027777777777777776], [-0.1921875, 0.09444444444444444], [-0.253125, 0.08055555555555556], [-0.2640625, 0.041666666666666664], [0.0, 0.0], [0.0, 0.0], [0.0, 0.0]], "R-Ank": [[-0.00625, 0.05277777777777778], [-0.00625, 0.05277777777777778], [0.0046875, 0.05555555555555555], [-0.0140625, 0.041666666666666664], [-0.1671875, 0.09166666666666666], [-0.2125, 0.08888888888888889], [-0.265625, 0.08055555555555556], [0.0, 0.0], [0.0, 0.0], [0.0, 0.0]], "L-Hip": [[0.0296875, -0.075], [0.0296875, -0.075], [0.0171875, -0.03333333333333333], [-0.071875, -0.03888888888888889], [-0.190625, 0.05277777777777778], [-0.2421875, 0.05], [-0.284375, 0.013888888888888888], [0.0, 0.0], [0.0, 0.0], [0.0, 0.0]], "L-Knee": [[0.0421875, -0.011111111111111112], [0.0421875, -0.011111111111111112], [0.040625, 0.011111111111111112], [-0.0375, -0.008333333333333333], [-0.171875, 0.041666666666666664], [-0.2296875, 0.027777777777777776], [-0.3015625, 0.030555555555555555], [0.0, 0.0], [0.0, 0.0], [0.0, 0.0]], "L-Ank": [[0.0515625, 0.05277777777777778], [0.053125, 0.05277777777777778], [0.0546875, 0.05277777777777778], [-0.0140625, 0.002777777777777778], [-0.146875, 0.05], [-0.2078125, 0.030555555555555555], [-0.315625, 0.06388888888888888], [0.0, 0.0], [0.0, 0.0], [0.0, 0.0]]}