{"Head": [[-0.0265625, -0.19166666666666668], [-0.0359375, -0.21388888888888888], [-0.04375, -0.20833333333333334], [-0.0296875, -0.1638888888888889], [-0.096875, -0.09444444444444444], [-0.24375, -0.030555555555555555], [-0.3296875, 0.04722222222222222], [-0.3234375, 0.019444444444444445], [0.0, 0.0], [0.0, 0.0]], "R-Sho": [[-0.04375, -0.1638888888888889], [-0.05625, -0.18611111111111112], [-0.05625, -0.16666666666666666], [-0.04375, -0.11944444444444445], [-0.09375, -0.06388888888888888], [-0.2171875, 0.005555555555555556], [-0.315625, 0.08055555555555556], [-0.3234375, 0.019444444444444445], [0.0, 0.0], [0.0, 0.0]], "R-Elb": [[-0.0546875, -0.12222222222222222], [-0.05625, -0.125], [-0.0671875, -0.12222222222222222], [-0.0671875, -0.07777777777777778], [-0.121875, -0.05555555555555555], [-0.225, 0.06388888888888888], [-0.29375, 0.1], [-0.34375, 0.016666666666666666], [0.0, 0.0], [0.0, 0.0]], "R-Wr": [[-0.05625, -0.09722222222222222], [-0.065625, -0.09722222222222222], [-0.06875, -0.07777777777777778], [-0.0671875, -0.1], [-0.1578125, -0.03888888888888889], [-0.2546875, 0.08888888888888889], [-0.2609375, 0.1], [-0.359375, 0.0], [0.0, 0.0], [0.0, 0.0]], "L-Sho": [[-0.0078125, -0.16666666666666666], [-0.01875, -0.16666666666666666], [-0.0203125, -0.1638888888888889], [-0.015625, -0.12222222222222222], [-0.0734375, -0.09166666666666666], [-0.20625, -0.05], [-0.30625, 0.022222222222222223], [-0.321875, 0.03888888888888889], [0.0, 0.0], [0.0, 0.0]], "L-Elb": [[-0.00625, -0.12222222222222222], [-0.0078125, -0.12222222222222222], [-0.01875, -0.11944444444444445], [0.0046875, -0.08055555555555556], [-0.0828125, -0.12777777777777777], [-0.1796875, -0.05277777777777778], [-0.2828125, 0.025], [-0.31875, 0.06388888888888888], [0.0, 0.0], [0.0, 0.0]], "L-Wr": [[0.003125, -0.08055555555555556], [-0.0078125, -0.08055555555555556], [-0.0171875, -0.075], [0.021875, -0.058333333333333334], [-0.1265625, -0.1361111111111111], [-0.15625, -0.05555555555555555], [-0.2625, 0.025], [-0.3203125, 0.08611111111111111], [0.0, 0.0], [0.0, 0.0]], "R-Hip": [[-0.0421875, -0.08055555555555556], [-0.04375, -0.08055555555555556], [-0.0546875, -0.07777777777777778], [-0.0328125, -0.05277777777777778], [-0.0578125, -0.013888888888888888], [-0.184375, 0.019444444444444445], [-0.2890625, 0.07222222222222222], [-0.3453125, 0.044444444444444446], [0.0, 0.0], [0.0, 0.0]], "R-Knee": [[-0.04375, -0.03333333333333333], [-0.04375, -0.013888888888888888], [-0.0546875, -0.011111111111111112], [-0.0421875, -0.013888888888888888], [-0.0578125, 0.03611111111111111], [-0.159375, 0.05], [-0.2484375, 0.08611111111111111], [-0.3671875, 0.03888888888888889], [0.0, 0.0], [0.0, 0.0]], "R-Ank": [[-0.0421875, 0.05], [-0.0421875, 0.05277777777777778], [-0.04375, 0.05277777777777778], [-0.03125, 0.05555555555555555], [-0.0578125, 0.08055555555555556], [-0.109375, 0.05], [-0.20625, 0.05277777777777778], [-0.384375, 0.05], [0.0, 0.0], [0.0, 0.0]], "L-Hip": [[-0.01875, -0.09444444444444444], [-0.0203125, -0.07777777777777778], [-0.03125, -0.07777777777777778], [-0.0171875, -0.05555555555555555], [-0.040625, -0.025], [-0.1578125, -0.011111111111111112], [-0.2765625, 0.044444444444444446], [-0.3421875, 0.06666666666666667], [0.0, 0.0], [0.0, 0.0]], "L-Knee": [[-0.00625, -0.03333333333333333], [-0.01875, -0.013888888888888888], [-0.01875, -0.013888888888888888], [0.00625, -0.03888888888888889], [-0.01875, -0.005555555555555556], [-0.121875, -0.027777777777777776], [-0.25, 0.05277777777777778], [-0.353125, 0.08611111111111111], [0.0, 0.0], [0.0, 0.0]], "L-Ank": [[0.0046875, 0.030555555555555555], [-0.0078125, 0.05277777777777778], [-0.0078125, 0.05277777777777778], [0.0078125, 0.03333333333333333], [0.0078125, 0.03333333333333333], [-0.0890625, 0.03333333333333333], [-0.209375, 0.06666666666666667], [-0.3796875, 0.1], [0.0, 0.0], [0.0, 0.0]]}