{"Head": [[0.0296875, -0.14444444444444443], [0.028125, -0.14166666666666666], [0.0296875, -0.13055555555555556], [0.03125, -0.14722222222222223], [0.0296875, -0.14444444444444443], [0.0296875, -0.14444444444444443], [0.0625, -0.10277777777777777], [0.2, -0.03333333333333333], [0.2734375, -0.05555555555555555], [0.0, 0.0]], "R-Sho": [[0.0171875, -0.12222222222222222], [0.0171875, -0.12222222222222222], [0.0171875, -0.11944444444444445], [0.015625, -0.12222222222222222], [0.0171875, -0.12222222222222222], [0.0171875, -0.12222222222222222], [0.05, -0.09722222222222222], [0.1765625, -0.011111111111111112], [0.2625, -0.05555555555555555], [0.0, 0.0]], "R-Elb": [[0.0046875, -0.1], [0.0046875, -0.1], [0.0046875, -0.1], [0.0046875, -0.1], [0.00625, -0.1], [0.0046875, -0.1], [0.0296875, -0.075], [0.2, 0.011111111111111112], [0.2625, -0.03611111111111111], [0.0, 0.0]], "R-Wr": [[-0.00625, -0.07777777777777778], [-0.00625, -0.075], [-0.00625, -0.075], [-0.00625, -0.075], [-0.0046875, -0.075], [-0.00625, -0.07777777777777778], [0.0296875, -0.03888888888888889], [0.2125, 0.030555555555555555], [0.253125, 0.005555555555555556], [0.0, 0.0]], "L-Sho": [[0.0421875, -0.12222222222222222], [0.0421875, -0.12222222222222222], [0.0421875, -0.12222222222222222], [0.0421875, -0.12222222222222222], [0.0421875, -0.12222222222222222], [0.0421875, -0.12222222222222222], [0.075, -0.07777777777777778], [0.2, -0.030555555555555555], [0.2625, -0.05555555555555555], [0.0, 0.0]], "L-Elb": [[0.053125, -0.1], [0.053125, -0.1], [0.053125, -0.1], [0.053125, -0.1], [0.053125, -0.1], [0.053125, -0.1], [0.0890625, -0.06388888888888888], [0.2125, -0.002777777777777778], [0.2625, -0.011111111111111112], [0.0, 0.0]], "L-Wr": [[0.0546875, -0.07777777777777778], [0.0546875, -0.075], [0.0234375, -0.07777777777777778], [0.0546875, -0.075], [0.0546875, -0.07777777777777778], [0.053125, -0.07777777777777778], [0.0875, -0.03611111111111111], [0.234375, 0.025], [0.275, 0.022222222222222223], [0.0, 0.0]], "R-Hip": [[0.0171875, -0.07777777777777778], [0.0171875, -0.07777777777777778], [0.0171875, -0.07777777777777778], [0.0171875, -0.07777777777777778], [0.0171875, -0.07777777777777778], [0.0171875, -0.07777777777777778], [0.0390625, -0.04722222222222222], [0.165625, 0.0], [0.2375, -0.013888888888888888], [0.0, 0.0]], "R-Knee": [[0.00625, -0.03611111111111111], [0.00625, -0.03611111111111111], [0.00625, -0.03611111111111111], [0.00625, -0.03611111111111111], [0.00625, -0.03611111111111111], [0.00625, -0.03611111111111111], [0.01875, -0.019444444444444445], [0.1421875, 0.0], [0.228125, 0.044444444444444446], [0.0, 0.0]], "R-Ank": [[0.0046875, 0.008333333333333333], [0.0046875, 0.008333333333333333], [0.0046875, 0.008333333333333333], [0.0046875, 0.008333333333333333], [0.0046875, 0.008333333333333333], [0.0046875, 0.008333333333333333], [-0.0171875, 0.002777777777777778], [0.0953125, 0.0], [0.1765625, 0.05], [0.0, 0.0]], "L-Hip": [[0.040625, -0.07777777777777778], [0.040625, -0.07777777777777778], [0.040625, -0.07777777777777778], [0.0421875, -0.09722222222222222], [0.040625, -0.07777777777777778], [0.040625, -0.07777777777777778], [0.0546875, -0.044444444444444446], [0.171875, 0.013888888888888888], [0.24375, 0.002777777777777778], [0.0, 0.0]], "L-Knee": [[0.053125, -0.05277777777777778], [0.053125, -0.03611111111111111], [0.053125, -0.05277777777777778], [0.053125, -0.05277777777777778], [0.053125, -0.05277777777777778], [0.0515625, -0.05277777777777778], [0.0609375, -0.008333333333333333], [0.171875, 0.03888888888888889], [0.2578125, 0.030555555555555555], [0.0, 0.0]], "L-Ank": [[0.0546875, 0.011111111111111112], [0.0546875, 0.011111111111111112], [0.0546875, 0.011111111111111112], [0.0546875, 0.011111111111111112], [0.0546875, 0.008333333333333333], [0.0546875, 0.008333333333333333], [0.0359375, 0.013888888888888888], [0.109375, 0.027777777777777776], [0.20625, 0.05], [0.0, 0.0]]}