{"Head": [[0.0046875, -0.18611111111111112], [0.003125, -0.18611111111111112], [0.003125, -0.1638888888888889], [-0.00625, -0.1638888888888889], [0.0171875, -0.10277777777777777], [0.0421875, -0.12222222222222222], [0.065625, -0.12222222222222222], [0.08125, -0.11666666666666667], [0.0, 0.0], [0.0, 0.0]], "R-Sho": [[-0.0078125, -0.1638888888888889], [-0.0171875, -0.1638888888888889], [-0.01875, -0.14166666666666666], [-0.01875, -0.14166666666666666], [0.003125, -0.09722222222222222], [0.0296875, -0.1], [0.065625, -0.09722222222222222], [0.0796875, -0.09444444444444444], [0.0, 0.0], [0.0, 0.0]], "R-Elb": [[-0.0203125, -0.1388888888888889], [-0.0203125, -0.125], [-0.03125, -0.10277777777777777], [-0.0296875, -0.1527777777777778], [-0.01875, -0.07777777777777778], [0.0046875, -0.1], [0.053125, -0.05555555555555555], [0.0765625, -0.05555555555555555], [0.0, 0.0], [0.0, 0.0]], "R-Wr": [[-0.0296875, -0.1], [-0.03125, -0.09722222222222222], [-0.04375, -0.07777777777777778], [-0.0421875, -0.1638888888888889], [-0.03125, -0.07777777777777778], [-0.01875, -0.11944444444444445], [0.0421875, -0.03333333333333333], [0.06875, -0.03333333333333333], [0.0, 0.0], [0.0, 0.0]], "L-Sho": [[0.01875, -0.1638888888888889], [0.0171875, -0.1638888888888889], [0.0171875, -0.14166666666666666], [0.0078125, -0.14166666666666666], [0.0296875, -0.08055555555555556], [0.065625, -0.09722222222222222], [0.090625, -0.09722222222222222], [0.1015625, -0.09722222222222222], [0.0, 0.0], [0.0, 0.0]], "L-Elb": [[0.0296875, -0.1388888888888889], [0.0296875, -0.125], [0.0296875, -0.11944444444444445], [0.0296875, -0.14166666666666666], [0.040625, -0.05555555555555555], [0.0796875, -0.05555555555555555], [0.1015625, -0.05555555555555555], [0.1046875, -0.075], [0.0, 0.0], [0.0, 0.0]], "L-Wr": [[0.03125, -0.1], [0.0390625, -0.1], [0.0421875, -0.08055555555555556], [0.0625, -0.15555555555555556], [0.0546875, -0.030555555555555555], [0.0921875, -0.03333333333333333], [0.103125, -0.030555555555555555], [0.1015625, -0.058333333333333334], [0.0, 0.0], [0.0, 0.0]], "R-Hip": [[-0.0078125, -0.1], [-0.0078125, -0.1], [-0.0078125, -0.07777777777777778], [-0.0078125, -0.07777777777777778], [-0.00625, -0.03333333333333333], [0.0390625, -0.030555555555555555], [0.065625, -0.03333333333333333], [0.0796875, -0.03333333333333333], [0.0, 0.0], [0.0, 0.0]], "R-Knee": [[-0.0203125, -0.05555555555555555], [-0.0296875, -0.058333333333333334], [-0.0203125, -0.05277777777777778], [-0.03125, -0.05555555555555555], [-0.0203125, -0.008333333333333333], [0.0171875, 0.011111111111111112], [0.0546875, 0.008333333333333333], [0.09375, 0.05277777777777778], [0.0, 0.0], [0.0, 0.0]], "R-Ank": [[-0.0421875, -0.011111111111111112], [-0.0421875, -0.008333333333333333], [-0.03125, -0.011111111111111112], [-0.04375, -0.008333333333333333], [-0.05625, 0.03333333333333333], [-0.00625, 0.030555555555555555], [0.0546875, 0.03611111111111111], [0.078125, 0.030555555555555555], [0.0, 0.0], [0.0, 0.0]], "L-Hip": [[0.015625, -0.1], [0.015625, -0.1], [0.00625, -0.07777777777777778], [0.00625, -0.07777777777777778], [0.0171875, -0.03333333333333333], [0.0546875, -0.013888888888888888], [0.0796875, -0.030555555555555555], [0.090625, -0.03333333333333333], [0.0, 0.0], [0.0, 0.0]], "L-Knee": [[0.0296875, -0.058333333333333334], [0.0296875, -0.058333333333333334], [0.028125, -0.058333333333333334], [0.0296875, -0.03611111111111111], [0.03125, -0.013888888888888888], [0.0671875, 0.030555555555555555], [0.0796875, 0.008333333333333333], [0.090625, 0.005555555555555556], [0.0, 0.0], [0.0, 0.0]], "L-Ank": [[0.03125, -0.011111111111111112], [0.0296875, -0.008333333333333333], [0.0296875, -0.008333333333333333], [0.0421875, 0.008333333333333333], [0.0296875, 0.03333333333333333], [0.0421875, 0.05], [0.090625, 0.05], [0.090625, 0.05277777777777778], [0.0, 0.0], [0.0, 0.0]]}