{"Head": [[-0.00625, -0.11944444444444445], [-0.00625, -0.11666666666666667], [-0.00625, -0.1], [0.0171875, -0.03888888888888889], [0.1796875, -0.008333333333333333], [0.321875, 0.14444444444444443], [0.0, 0.0], [0.0, 0.0], [0.0, 0.0], [0.0, 0.0]], "R-Sho": [[-0.021875, -0.08055555555555556], [-0.0203125, -0.07777777777777778], [-0.01875, -0.07777777777777778], [-0.0046875, -0.013888888888888888], [0.1640625, -0.011111111111111112], [0.3015625, 0.13055555555555556], [0.0, 0.0], [0.0, 0.0], [0.0, 0.0], [0.0, 0.0]], "R-Elb": [[-0.03125, -0.03611111111111111], [-0.03125, -0.03333333333333333], [-0.03125, -0.03333333333333333], [-0.0078125, 0.008333333333333333], [0.153125, 0.016666666666666666], [0.2859375, 0.11944444444444445], [0.0, 0.0], [0.0, 0.0], [0.0, 0.0], [0.0, 0.0]], "R-Wr": [[-0.03125, -0.008333333333333333], [-0.03125, 0.008333333333333333], [-0.03125, 0.008333333333333333], [0.015625, 0.013888888888888888], [0.1421875, 0.030555555555555555], [0.2703125, 0.11666666666666667], [0.0, 0.0], [0.0, 0.0], [0.0, 0.0], [0.0, 0.0]], "L-Sho": [[0.0140625, -0.08333333333333333], [0.00625, -0.07777777777777778], [0.00625, -0.07777777777777778], [0.0296875, -0.013888888888888888], [0.190625, 0.030555555555555555], [0.3046875, 0.1638888888888889], [0.0, 0.0], [0.0, 0.0], [0.0, 0.0], [0.0, 0.0]], "L-Elb": [[0.0171875, -0.03888888888888889], [0.0171875, -0.03333333333333333], [0.0171875, -0.03333333333333333], [0.0296875, 0.011111111111111112], [0.20625, 0.05277777777777778], [0.2859375, 0.17222222222222222], [0.0, 0.0], [0.0, 0.0], [0.0, 0.0], [0.0, 0.0]], "L-Wr": [[0.0171875, -0.011111111111111112], [0.0171875, -0.008333333333333333], [0.015625, -0.011111111111111112], [0.028125, 0.05], [0.23125, 0.08888888888888889], [0.26875, 0.16944444444444445], [0.0, 0.0], [0.0, 0.0], [0.0, 0.0], [0.0, 0.0]], "R-Hip": [[-0.01875, 0.008333333333333333], [-0.01875, 0.008333333333333333], [-0.01875, 0.008333333333333333], [0.0046875, 0.03333333333333333], [0.146875, 0.04722222222222222], [0.265625, 0.15], [0.0, 0.0], [0.0, 0.0], [0.0, 0.0], [0.0, 0.0]], "R-Knee": [[-0.021875, 0.075], [-0.0203125, 0.07222222222222222], [-0.0296875, 0.07222222222222222], [-0.0078125, 0.075], [0.1140625, 0.09722222222222222], [0.2296875, 0.16666666666666666], [0.0, 0.0], [0.0, 0.0], [0.0, 0.0], [0.0, 0.0]], "R-Ank": [[-0.0296875, 0.1388888888888889], [-0.03125, 0.1388888888888889], [-0.03125, 0.1388888888888889], [-0.0328125, 0.14722222222222223], [0.084375, 0.12777777777777777], [0.19375, 0.12222222222222222], [0.0, 0.0], [0.0, 0.0], [0.0, 0.0], [0.0, 0.0]], "L-Hip": [[0.0046875, 0.008333333333333333], [0.0046875, 0.008333333333333333], [0.0046875, 0.008333333333333333], [0.021875, 0.05], [0.1359375, 0.041666666666666664], [0.25, 0.10277777777777777], [0.0, 0.0], [0.0, 0.0], [0.0, 0.0], [0.0, 0.0]], "L-Knee": [[0.00625, 0.075], [0.00625, 0.075], [0.00625, 0.075], [0.0171875, 0.09166666666666666], [0.1109375, 0.008333333333333333], [0.228125, 0.1], [0.0, 0.0], [0.0, 0.0], [0.0, 0.0], [0.0, 0.0]], "L-Ank": [[0.015625, 0.14166666666666666], [0.015625, 0.14166666666666666], [0.0171875, 0.14166666666666666], [0.0125, 0.15], [0.0859375, -0.058333333333333334], [0.2046875, 0.08055555555555556], [0.0, 0.0], [0.0, 0.0], [0.0, 0.0], [0.0, 0.0]]}