{"Head": [[0.0125, -0.08888888888888889], [0.00625, -0.08055555555555556], [0.0046875, -0.07777777777777778], [0.0234375, -0.013888888888888888], [0.146875, 0.05], [0.20625, 0.09444444444444444], [0.225, 0.013888888888888888], [0.0, 0.0], [0.0, 0.0], [0.0, 0.0]], "R-Sho": [[-0.00625, -0.075], [-0.00625, -0.05555555555555555], [-0.0078125, -0.05555555555555555], [0.0125, -0.025], [0.128125, 0.03888888888888889], [0.1875, 0.08611111111111111], [0.2125, 0.030555555555555555], [0.0, 0.0], [0.0, 0.0], [0.0, 0.0]], "R-Elb": [[-0.01875, -0.03333333333333333], [-0.0171875, -0.016666666666666666], [-0.01875, -0.013888888888888888], [-0.0078125, -0.008333333333333333], [0.13125, 0.0], [0.178125, 0.11944444444444445], [0.2046875, 0.10833333333333334], [0.0, 0.0], [0.0, 0.0], [0.0, 0.0]], "R-Wr": [[-0.0296875, 0.008333333333333333], [-0.0203125, 0.011111111111111112], [-0.03125, 0.008333333333333333], [-0.01875, 0.03888888888888889], [0.153125, -0.013888888888888888], [0.196875, 0.14722222222222223], [0.20625, 0.14722222222222223], [0.0, 0.0], [0.0, 0.0], [0.0, 0.0]], "L-Sho": [[0.0296875, -0.07777777777777778], [0.028125, -0.058333333333333334], [0.01875, -0.05555555555555555], [0.0296875, 0.030555555555555555], [0.14375, 0.08888888888888889], [0.190625, 0.075], [0.2078125, 0.041666666666666664], [0.0, 0.0], [0.0, 0.0], [0.0, 0.0]], "L-Elb": [[0.040625, -0.03611111111111111], [0.0390625, -0.03333333333333333], [0.0296875, -0.016666666666666666], [0.0171875, 0.07777777777777778], [0.1484375, 0.12777777777777777], [0.18125, 0.11666666666666667], [0.2015625, 0.08055555555555556], [0.0, 0.0], [0.0, 0.0], [0.0, 0.0]], "L-Wr": [[0.0421875, -0.011111111111111112], [0.0421875, 0.008333333333333333], [0.040625, 0.008333333333333333], [-0.0046875, 0.09444444444444444], [0.1796875, 0.14166666666666666], [0.2015625, 0.15], [0.20625, 0.14444444444444443], [0.0, 0.0], [0.0, 0.0], [0.0, 0.0]], "R-Hip": [[0.0046875, -0.011111111111111112], [0.0046875, 0.008333333333333333], [-0.00625, 0.008333333333333333], [-0.009375, 0.03333333333333333], [0.0921875, 0.07777777777777778], [0.14375, 0.06944444444444445], [0.1640625, 0.05555555555555555], [0.0, 0.0], [0.0, 0.0], [0.0, 0.0]], "R-Knee": [[-0.0078125, 0.03333333333333333], [-0.0171875, 0.05], [-0.0171875, 0.03333333333333333], [-0.015625, 0.06388888888888888], [0.0640625, 0.07777777777777778], [0.1578125, 0.1388888888888889], [0.18125, 0.08888888888888889], [0.0, 0.0], [0.0, 0.0], [0.0, 0.0]], "R-Ank": [[-0.01875, 0.09722222222222222], [-0.01875, 0.09722222222222222], [-0.0203125, 0.09722222222222222], [-0.0328125, 0.11944444444444445], [0.0359375, 0.08611111111111111], [0.115625, 0.14444444444444443], [0.2, 0.1388888888888889], [0.0, 0.0], [0.0, 0.0], [0.0, 0.0]], "L-Hip": [[0.028125, -0.011111111111111112], [0.028125, 0.005555555555555556], [0.0171875, 0.008333333333333333], [0.009375, 0.044444444444444446], [0.0984375, 0.10833333333333334], [0.1515625, 0.09166666666666666], [0.1734375, 0.075], [0.0, 0.0], [0.0, 0.0], [0.0, 0.0]], "L-Knee": [[0.040625, 0.030555555555555555], [0.0421875, 0.03333333333333333], [0.0296875, 0.030555555555555555], [0.003125, 0.08611111111111111], [0.078125, 0.13055555555555556], [0.13125, 0.1111111111111111], [0.1625, 0.13055555555555556], [0.0, 0.0], [0.0, 0.0], [0.0, 0.0]], "L-Ank": [[0.0421875, 0.09722222222222222], [0.04375, 0.09722222222222222], [0.0296875, 0.07777777777777778], [-0.009375, 0.14166666666666666], [0.046875, 0.1361111111111111], [0.0859375, 0.09722222222222222], [0.115625, 0.1527777777777778], [0.0, 0.0], [0.0, 0.0], [0.0, 0.0]]}