{"Head": [[-0.00625, -0.10277777777777777], [-0.003125, -0.10833333333333334], [-0.00625, -0.09722222222222222], [-0.00625, -0.10277777777777777], [-0.0078125, -0.09722222222222222], [-0.06875, -0.011111111111111112], [-0.165625, 0.06666666666666667], [-0.215625, 0.11388888888888889], [0.0, 0.0], [0.0, 0.0]], "R-Sho": [[-0.01875, -0.09722222222222222], [-0.01875, -0.07777777777777778], [-0.01875, -0.075], [-0.01875, -0.07777777777777778], [-0.01875, -0.075], [-0.071875, 0.016666666666666666], [-0.1609375, 0.09444444444444444], [-0.2, 0.13333333333333333], [0.0, 0.0], [0.0, 0.0]], "R-Elb": [[-0.021875, -0.05555555555555555], [-0.025, -0.04722222222222222], [-0.0203125, -0.03611111111111111], [-0.0296875, -0.05277777777777778], [-0.03125, -0.03333333333333333], [-0.075, 0.03888888888888889], [-0.1640625, 0.12222222222222222], [-0.1875, 0.1361111111111111], [0.0, 0.0], [0.0, 0.0]], "R-Wr": [[-0.03125, -0.03333333333333333], [-0.03125, -0.011111111111111112], [-0.03125, -0.013888888888888888], [-0.03125, -0.013888888888888888], [-0.03125, -0.011111111111111112], [-0.075, 0.058333333333333334], [-0.1765625, 0.1361111111111111], [-0.175, 0.14444444444444443], [0.0, 0.0], [0.0, 0.0]], "L-Sho": [[0.0046875, -0.09722222222222222], [0.0078125, -0.075], [0.00625, -0.075], [0.00625, -0.07777777777777778], [0.0046875, -0.058333333333333334], [-0.0546875, 0.002777777777777778], [-0.15625, 0.06666666666666667], [-0.2, 0.08888888888888889], [0.0, 0.0], [0.0, 0.0]], "L-Elb": [[0.00625, -0.05555555555555555], [0.0125, -0.04722222222222222], [0.0171875, -0.03333333333333333], [0.0171875, -0.03888888888888889], [0.00625, -0.03333333333333333], [-0.040625, 0.005555555555555556], [-0.134375, 0.06111111111111111], [-0.2140625, 0.09444444444444444], [0.0, 0.0], [0.0, 0.0]], "L-Wr": [[0.0171875, -0.03333333333333333], [0.0171875, -0.022222222222222223], [0.0171875, -0.011111111111111112], [0.0171875, -0.013888888888888888], [0.0171875, -0.011111111111111112], [-0.03125, 0.019444444444444445], [-0.13125, 0.025], [-0.2390625, 0.12777777777777777], [0.0, 0.0], [0.0, 0.0]], "R-Hip": [[-0.01875, -0.013888888888888888], [-0.0171875, -0.016666666666666666], [-0.0171875, -0.008333333333333333], [-0.01875, -0.011111111111111112], [-0.01875, 0.005555555555555556], [-0.046875, 0.06388888888888888], [-0.11875, 0.11944444444444445], [-0.1875, 0.10277777777777777], [0.0, 0.0], [0.0, 0.0]], "R-Knee": [[-0.01875, 0.03611111111111111], [-0.01875, 0.03333333333333333], [-0.01875, 0.05277777777777778], [-0.01875, 0.05], [-0.0203125, 0.05277777777777778], [-0.05, 0.09444444444444444], [-0.084375, 0.125], [-0.159375, 0.07777777777777778], [0.0, 0.0], [0.0, 0.0]], "R-Ank": [[-0.01875, 0.09444444444444444], [-0.01875, 0.07777777777777778], [-0.0203125, 0.09722222222222222], [-0.0203125, 0.09444444444444444], [-0.0203125, 0.09444444444444444], [-0.0265625, 0.12222222222222222], [-0.05, 0.125], [-0.146875, 0.025], [0.0, 0.0], [0.0, 0.0]], "L-Hip": [[-0.0046875, -0.013888888888888888], [-0.00625, -0.016666666666666666], [0.0046875, -0.008333333333333333], [0.0046875, -0.011111111111111112], [0.003125, 0.005555555555555556], [-0.0359375, 0.05555555555555555], [-0.1140625, 0.08055555555555556], [-0.190625, 0.07777777777777778], [0.0, 0.0], [0.0, 0.0]], "L-Knee": [[0.0046875, 0.03333333333333333], [0.0046875, 0.030555555555555555], [0.0171875, 0.05], [0.0171875, 0.05], [0.00625, 0.03333333333333333], [-0.0046875, 0.08055555555555556], [-0.0875, 0.06944444444444445], [-0.1859375, 0.03888888888888889], [0.0, 0.0], [0.0, 0.0]], "L-Ank": [[0.00625, 0.09444444444444444], [-0.5015625, -0.5027777777777778], [0.0171875, 0.09444444444444444], [0.0171875, 0.07777777777777778], [0.0171875, 0.09166666666666666], [0.0265625, 0.10277777777777777], [-0.0578125, 0.058333333333333334], [-0.18125, 0.011111111111111112], [0.0, 0.0], [0.0, 0.0]]}