{"Head": [[0.0125, -0.12222222222222222], [0.015625, -0.12222222222222222], [0.0171875, -0.11944444444444445], [0.0171875, -0.11944444444444445], [0.0171875, -0.1], [0.0171875, -0.1], [0.00625, -0.05555555555555555], [-0.1125, -0.05277777777777778], [-0.2421875, 0.07777777777777778], [0.0, 0.0]], "R-Sho": [[0.003125, -0.09722222222222222], [0.0046875, -0.1], [0.0046875, -0.09722222222222222], [0.0046875, -0.09722222222222222], [0.00625, -0.07777777777777778], [0.0046875, -0.07777777777777778], [0.0046875, -0.030555555555555555], [-0.1234375, -0.030555555555555555], [-0.2328125, 0.1111111111111111], [0.0, 0.0]], "R-Elb": [[-0.00625, -0.05555555555555555], [-0.00625, -0.05555555555555555], [-0.0171875, -0.058333333333333334], [-0.00625, -0.05555555555555555], [-0.00625, -0.05277777777777778], [-0.0078125, -0.03611111111111111], [-0.0234375, -0.008333333333333333], [-0.1515625, -0.008333333333333333], [-0.215625, 0.13055555555555556], [0.0, 0.0]], "R-Wr": [[0.0046875, -0.03333333333333333], [-0.00625, -0.03333333333333333], [-0.0296875, -0.03611111111111111], [-0.01875, -0.030555555555555555], [-0.01875, -0.011111111111111112], [-0.01875, 0.005555555555555556], [-0.05, 0.016666666666666666], [-0.1703125, -0.06666666666666667], [-0.1890625, 0.12777777777777777], [0.0, 0.0]], "L-Sho": [[0.0296875, -0.1], [0.0296875, -0.1], [0.03125, -0.09722222222222222], [0.040625, -0.09722222222222222], [0.040625, -0.07777777777777778], [0.03125, -0.07777777777777778], [0.0296875, -0.03611111111111111], [-0.1015625, -0.05], [-0.2265625, 0.06388888888888888], [0.0, 0.0]], "L-Elb": [[0.040625, -0.05555555555555555], [0.0421875, -0.058333333333333334], [0.0421875, -0.05555555555555555], [0.053125, -0.05555555555555555], [0.0421875, -0.05277777777777778], [0.0421875, -0.03333333333333333], [0.04375, -0.002777777777777778], [-0.0796875, -0.06111111111111111], [-0.2109375, 0.058333333333333334], [0.0, 0.0]], "L-Wr": [[0.028125, -0.03333333333333333], [0.0296875, -0.03333333333333333], [0.0421875, -0.030555555555555555], [0.053125, -0.013888888888888888], [0.053125, -0.011111111111111112], [0.053125, 0.005555555555555556], [0.0421875, 0.03333333333333333], [-0.0671875, -0.08888888888888889], [-0.1890625, 0.06944444444444445], [0.0, 0.0]], "R-Hip": [[0.0046875, -0.013888888888888888], [0.00625, -0.030555555555555555], [0.00625, -0.013888888888888888], [0.015625, -0.013888888888888888], [0.015625, -0.013888888888888888], [0.00625, -0.011111111111111112], [0.0171875, 0.030555555555555555], [-0.0953125, 0.025], [-0.196875, 0.10277777777777777], [0.0, 0.0]], "R-Knee": [[-0.00625, 0.013888888888888888], [-0.00625, 0.030555555555555555], [-0.00625, 0.030555555555555555], [-0.00625, 0.030555555555555555], [-0.00625, 0.013888888888888888], [-0.00625, 0.03333333333333333], [0.00625, 0.05555555555555555], [-0.0484375, 0.05555555555555555], [-0.1703125, 0.06388888888888888], [0.0, 0.0]], "R-Ank": [[-0.0078125, 0.09444444444444444], [-0.0078125, 0.09444444444444444], [-0.01875, 0.09444444444444444], [-0.009375, 0.09444444444444444], [-0.0078125, 0.07777777777777778], [-0.01875, 0.09722222222222222], [0.0171875, 0.09722222222222222], [-0.0078125, 0.08055555555555556], [-0.128125, 0.06666666666666667], [0.0, 0.0]], "L-Hip": [[0.0296875, -0.030555555555555555], [0.0296875, -0.030555555555555555], [0.0296875, -0.016666666666666666], [0.03125, -0.013888888888888888], [0.03125, -0.016666666666666666], [0.0296875, -0.011111111111111112], [0.0296875, 0.027777777777777776], [-0.084375, -0.011111111111111112], [-0.19375, 0.08611111111111111], [0.0, 0.0]], "L-Knee": [[0.0421875, 0.008333333333333333], [0.0421875, 0.027777777777777776], [0.04375, 0.011111111111111112], [0.0421875, 0.030555555555555555], [0.053125, 0.011111111111111112], [0.053125, 0.030555555555555555], [0.04375, 0.05277777777777778], [-0.040625, -0.005555555555555556], [-0.15625, 0.1], [0.0, 0.0]], "L-Ank": [[0.0421875, 0.09444444444444444], [0.0421875, 0.09444444444444444], [0.053125, 0.09444444444444444], [0.0546875, 0.09444444444444444], [0.0546875, 0.09444444444444444], [0.0546875, 0.09444444444444444], [0.0546875, 0.09444444444444444], [0.0109375, -0.011111111111111112], [-0.1234375, 0.11666666666666667], [0.0, 0.0]]}