{"Head": [[0.0234375, -0.1638888888888889], [0.01875, -0.18333333333333332], [0.01875, -0.18333333333333332], [0.01875, -0.18333333333333332], [0.0234375, -0.15833333333333333], [-0.0109375, -0.10277777777777777], [-0.1109375, -0.05555555555555555], [-0.1921875, -0.013888888888888888], [-0.225, 0.022222222222222223], [0.0, 0.0]], "R-Sho": [[0.00625, -0.14444444444444443], [0.00625, -0.14444444444444443], [0.00625, -0.14444444444444443], [0.00625, -0.14444444444444443], [0.00625, -0.14444444444444443], [-0.0140625, -0.058333333333333334], [-0.1109375, -0.025], [-0.190625, 0.025], [-0.221875, 0.044444444444444446], [0.0, 0.0]], "R-Elb": [[0.0046875, -0.11944444444444445], [0.0046875, -0.11944444444444445], [0.0046875, -0.11944444444444445], [0.0046875, -0.11944444444444445], [0.0046875, -0.11666666666666667], [-0.025, -0.025], [-0.125, 0.008333333333333333], [-0.1875, 0.06388888888888888], [-0.23125, 0.04722222222222222], [0.0, 0.0]], "R-Wr": [[0.00625, -0.09722222222222222], [0.0046875, -0.09444444444444444], [0.0046875, -0.09722222222222222], [0.0046875, -0.09444444444444444], [0.0046875, -0.08055555555555556], [-0.025, 0.0], [-0.1359375, 0.041666666666666664], [-0.2109375, 0.06944444444444445], [-0.240625, 0.06666666666666667], [0.0, 0.0]], "L-Sho": [[0.03125, -0.14444444444444443], [0.03125, -0.14444444444444443], [0.03125, -0.14444444444444443], [0.03125, -0.14444444444444443], [0.0296875, -0.14444444444444443], [0.0140625, -0.07222222222222222], [-0.096875, -0.05], [-0.1796875, 0.002777777777777778], [-0.2078125, 0.025], [0.0, 0.0]], "L-Elb": [[0.0421875, -0.11944444444444445], [0.0421875, -0.11944444444444445], [0.0421875, -0.11944444444444445], [0.0421875, -0.11944444444444445], [0.040625, -0.11944444444444445], [0.025, -0.041666666666666664], [-0.078125, -0.03888888888888889], [-0.1640625, 0.002777777777777778], [-0.190625, 0.022222222222222223], [0.0, 0.0]], "L-Wr": [[0.0421875, -0.08055555555555556], [0.0421875, -0.08055555555555556], [0.0421875, -0.08055555555555556], [0.0421875, -0.08055555555555556], [0.040625, -0.07777777777777778], [0.0125, -0.013888888888888888], [-0.0921875, -0.011111111111111112], [-0.15, 0.027777777777777776], [-0.21875, -0.002777777777777778], [0.0, 0.0]], "R-Hip": [[0.0171875, -0.07777777777777778], [0.0171875, -0.07777777777777778], [0.0171875, -0.08055555555555556], [0.0171875, -0.08055555555555556], [0.015625, -0.08055555555555556], [0.0, -0.022222222222222223], [-0.0796875, 0.019444444444444445], [-0.1734375, 0.03888888888888889], [-0.2125, 0.041666666666666664], [0.0, 0.0]], "R-Knee": [[0.00625, -0.030555555555555555], [0.00625, -0.030555555555555555], [0.00625, -0.030555555555555555], [0.00625, -0.030555555555555555], [0.00625, -0.030555555555555555], [-0.0109375, 0.005555555555555556], [-0.0421875, 0.044444444444444446], [-0.1765625, 0.07222222222222222], [-0.2171875, 0.075], [0.0, 0.0]], "R-Ank": [[0.0046875, 0.030555555555555555], [0.0046875, 0.030555555555555555], [0.0046875, 0.030555555555555555], [0.0046875, 0.030555555555555555], [0.0046875, 0.030555555555555555], [-0.0078125, 0.030555555555555555], [-0.0171875, 0.05277777777777778], [-0.1515625, 0.08055555555555556], [-0.1984375, 0.09166666666666666], [0.0, 0.0]], "L-Hip": [[0.03125, -0.07777777777777778], [0.0296875, -0.07777777777777778], [0.0296875, -0.08055555555555556], [0.0359375, -0.06666666666666667], [0.0296875, -0.08055555555555556], [0.009375, -0.022222222222222223], [-0.065625, -0.002777777777777778], [-0.1609375, 0.041666666666666664], [-0.20625, 0.022222222222222223], [0.0, 0.0]], "L-Knee": [[0.040625, -0.03333333333333333], [0.040625, -0.03333333333333333], [0.040625, -0.03333333333333333], [0.040625, -0.03333333333333333], [0.040625, -0.03333333333333333], [0.0296875, -0.008333333333333333], [-0.0421875, 0.005555555555555556], [-0.1390625, 0.05555555555555555], [-0.1921875, 0.03333333333333333], [0.0, 0.0]], "L-Ank": [[0.0421875, 0.030555555555555555], [0.0421875, 0.030555555555555555], [0.0421875, 0.030555555555555555], [0.0421875, 0.030555555555555555], [0.0421875, 0.030555555555555555], [0.053125, 0.030555555555555555], [-0.0171875, 0.013888888888888888], [-0.1125, 0.06388888888888888], [-0.178125, 0.06388888888888888], [0.0, 0.0]]}