{"Head": [[0.0, -0.19444444444444445], [0.0, -0.19722222222222222], [-0.0015625, -0.16944444444444445], [0.0, -0.18333333333333332], [0.003125, -0.16666666666666666], [0.0171875, -0.07777777777777778], [0.13125, -0.030555555555555555], [0.25, 0.05], [0.3359375, 0.06666666666666667], [0.371875, 0.09444444444444444]], "R-Sho": [[-0.01875, -0.1638888888888889], [-0.01875, -0.1638888888888889], [-0.01875, -0.14166666666666666], [-0.0203125, -0.16111111111111112], [-0.0234375, -0.12777777777777777], [0.0015625, -0.041666666666666664], [0.1109375, -0.019444444444444445], [0.2265625, 0.03333333333333333], [0.328125, 0.09166666666666666], [0.3546875, 0.1]], "R-Elb": [[-0.03125, -0.11666666666666667], [-0.03125, -0.10277777777777777], [-0.03125, -0.08055555555555556], [-0.0296875, -0.1], [-0.034375, -0.07222222222222222], [-0.015625, -0.008333333333333333], [0.09375, -0.05277777777777778], [0.246875, -0.019444444444444445], [0.3375, 0.1361111111111111], [0.346875, 0.1361111111111111]], "R-Wr": [[-0.03125, -0.058333333333333334], [-0.03125, -0.058333333333333334], [-0.0359375, -0.016666666666666666], [-0.03125, -0.05555555555555555], [-0.0515625, -0.019444444444444445], [-0.03125, 0.05277777777777778], [0.1328125, -0.06111111111111111], [0.278125, -0.058333333333333334], [0.365625, 0.12777777777777777], [0.3828125, 0.14166666666666666]], "L-Sho": [[0.021875, -0.15833333333333333], [0.021875, -0.16111111111111112], [0.0203125, -0.1388888888888889], [0.025, -0.14444444444444443], [0.0234375, -0.11666666666666667], [0.034375, -0.030555555555555555], [0.134375, 0.019444444444444445], [0.2359375, 0.10277777777777777], [0.3140625, 0.08611111111111111], [0.353125, 0.08888888888888889]], "L-Elb": [[0.028125, -0.11666666666666667], [0.01875, -0.10277777777777777], [0.01875, -0.09722222222222222], [0.01875, -0.1], [0.0265625, -0.08333333333333333], [0.03125, 0.005555555555555556], [0.165625, 0.025], [0.2078125, 0.13055555555555556], [0.2953125, 0.11388888888888889], [0.3328125, 0.11666666666666667]], "L-Wr": [[0.0296875, -0.058333333333333334], [0.0296875, -0.05555555555555555], [0.0296875, -0.05555555555555555], [0.0296875, -0.05555555555555555], [0.0296875, -0.03611111111111111], [0.025, 0.05277777777777778], [0.1703125, -0.03888888888888889], [0.2640625, 0.11666666666666667], [0.325, 0.10833333333333334], [0.3640625, 0.12222222222222222]], "R-Hip": [[-0.01875, -0.058333333333333334], [-0.01875, -0.058333333333333334], [-0.01875, -0.05555555555555555], [-0.01875, -0.075], [-0.01875, -0.05555555555555555], [0.0046875, 0.027777777777777776], [0.0703125, 0.027777777777777776], [0.1859375, 0.08333333333333333], [0.2828125, 0.12777777777777777], [0.321875, 0.12777777777777777]], "R-Knee": [[-0.01875, 0.027777777777777776], [-0.0203125, 0.011111111111111112], [-0.01875, 0.03333333333333333], [-0.021875, 0.008333333333333333], [-0.0296875, 0.008333333333333333], [-0.021875, 0.07777777777777778], [0.0328125, 0.041666666666666664], [0.1296875, 0.06666666666666667], [0.2390625, 0.125], [0.2765625, 0.13333333333333333]], "R-Ank": [[-0.0296875, 0.09722222222222222], [-0.0296875, 0.09722222222222222], [-0.0296875, 0.09722222222222222], [-0.03125, 0.09722222222222222], [-0.03125, 0.09444444444444444], [-0.04375, 0.10555555555555556], [-0.003125, 0.05277777777777778], [0.075, 0.04722222222222222], [0.2140625, 0.058333333333333334], [0.259375, 0.05277777777777778]], "L-Hip": [[0.00625, -0.05277777777777778], [0.0109375, -0.05], [0.0140625, -0.03888888888888889], [0.0046875, -0.06111111111111111], [0.0125, -0.03888888888888889], [0.0171875, 0.044444444444444446], [0.090625, 0.05277777777777778], [0.1890625, 0.13055555555555556], [0.2734375, 0.11666666666666667], [0.3265625, 0.13055555555555556]], "L-Knee": [[0.0171875, 0.030555555555555555], [0.0171875, 0.027777777777777776], [0.0171875, 0.030555555555555555], [0.0171875, 0.011111111111111112], [0.0171875, 0.011111111111111112], [0.009375, 0.09166666666666666], [0.0515625, 0.09722222222222222], [0.1359375, 0.13055555555555556], [0.2359375, 0.11944444444444445], [0.278125, 0.1388888888888889]], "L-Ank": [[0.0171875, 0.09722222222222222], [0.0171875, 0.09722222222222222], [0.0171875, 0.09722222222222222], [0.0171875, 0.09722222222222222], [0.0171875, 0.09444444444444444], [0.0, 0.13055555555555556], [0.00625, 0.10833333333333334], [0.078125, 0.11388888888888889], [0.1984375, 0.06388888888888888], [0.259375, 0.05277777777777778]]}