{"Head": [[0.0125, -0.13333333333333333], [0.00625, -0.14444444444444443], [0.0046875, -0.14166666666666666], [0.00625, -0.12222222222222222], [0.078125, -0.1], [0.278125, 0.044444444444444446], [0.3109375, 0.022222222222222223], [0.0, 0.0], [0.0, 0.0], [0.0, 0.0]], "R-Sho": [[-0.00625, -0.1], [-0.00625, -0.11944444444444445], [-0.0078125, -0.11944444444444445], [-0.00625, -0.1], [0.065625, -0.07777777777777778], [0.2796875, 0.08333333333333333], [0.2921875, 0.05555555555555555], [0.0, 0.0], [0.0, 0.0], [0.0, 0.0]], "R-Elb": [[-0.0171875, -0.075], [-0.0078125, -0.07777777777777778], [-0.0203125, -0.07777777777777778], [-0.0171875, -0.058333333333333334], [0.04375, -0.08055555555555556], [0.290625, 0.09166666666666666], [0.2828125, 0.08333333333333333], [0.0, 0.0], [0.0, 0.0], [0.0, 0.0]], "R-Wr": [[-0.009375, -0.03611111111111111], [-0.01875, -0.03611111111111111], [-0.03125, -0.05277777777777778], [-0.01875, -0.03333333333333333], [0.03125, -0.1], [0.2984375, 0.06666666666666667], [0.303125, 0.09722222222222222], [0.0, 0.0], [0.0, 0.0], [0.0, 0.0]], "L-Sho": [[0.028125, -0.10555555555555556], [0.0296875, -0.12222222222222222], [0.01875, -0.11944444444444445], [0.028125, -0.1], [0.090625, -0.075], [0.2671875, 0.06666666666666667], [0.2875, 0.019444444444444445], [0.0, 0.0], [0.0, 0.0], [0.0, 0.0]], "L-Elb": [[0.040625, -0.07222222222222222], [0.040625, -0.07777777777777778], [0.0296875, -0.07777777777777778], [0.040625, -0.075], [0.115625, -0.05277777777777778], [0.259375, 0.06666666666666667], [0.275, 0.0], [0.0, 0.0], [0.0, 0.0], [0.0, 0.0]], "L-Wr": [[0.0296875, -0.03333333333333333], [0.040625, -0.05277777777777778], [0.0296875, -0.05555555555555555], [0.0421875, -0.03333333333333333], [0.1015625, -0.07777777777777778], [0.24375, 0.05555555555555555], [0.30625, 0.0], [0.0, 0.0], [0.0, 0.0], [0.0, 0.0]], "R-Hip": [[0.003125, -0.03333333333333333], [0.0046875, -0.05277777777777778], [-0.00625, -0.05555555555555555], [0.0046875, -0.03333333333333333], [0.0515625, -0.013888888888888888], [0.2578125, 0.09166666666666666], [0.2703125, 0.06944444444444445], [0.0, 0.0], [0.0, 0.0], [0.0, 0.0]], "R-Knee": [[-0.0078125, -0.008333333333333333], [-0.00625, 0.008333333333333333], [-0.009375, -0.011111111111111112], [-0.0078125, 0.011111111111111112], [0.00625, 0.005555555555555556], [0.2546875, 0.06944444444444445], [0.2921875, 0.09722222222222222], [0.0, 0.0], [0.0, 0.0], [0.0, 0.0]], "R-Ank": [[-0.0171875, 0.05277777777777778], [-0.0078125, 0.075], [-0.01875, 0.05555555555555555], [-0.01875, 0.07222222222222222], [-0.0265625, 0.041666666666666664], [0.225, 0.07222222222222222], [0.2515625, 0.1111111111111111], [0.0, 0.0], [0.0, 0.0], [0.0, 0.0]], "L-Hip": [[0.0234375, -0.030555555555555555], [0.028125, -0.05555555555555555], [0.0171875, -0.05555555555555555], [0.028125, -0.03611111111111111], [0.0640625, 0.013888888888888888], [0.2546875, 0.08611111111111111], [0.26875, 0.04722222222222222], [0.0, 0.0], [0.0, 0.0], [0.0, 0.0]], "L-Knee": [[0.040625, 0.008333333333333333], [0.040625, 0.008333333333333333], [0.0296875, -0.011111111111111112], [0.040625, 0.008333333333333333], [0.0421875, 0.05277777777777778], [0.2296875, 0.025], [0.2765625, 0.016666666666666666], [0.0, 0.0], [0.0, 0.0], [0.0, 0.0]], "L-Ank": [[0.053125, 0.07222222222222222], [0.0421875, 0.07222222222222222], [0.0390625, 0.05555555555555555], [0.053125, 0.07222222222222222], [0.00625, 0.09444444444444444], [0.19375, -0.005555555555555556], [0.253125, 0.027777777777777776], [0.0, 0.0], [0.0, 0.0], [0.0, 0.0]]}