{"Head": [[-0.0046875, -0.25277777777777777], [-0.009375, -0.25555555555555554], [-0.0078125, -0.25], [-0.0109375, -0.23333333333333334], [-0.05625, -0.12222222222222222], [-0.084375, -0.15], [-0.1453125, -0.12777777777777777], [-0.159375, -0.09444444444444444], [-0.140625, -0.16111111111111112], [-0.1640625, -0.16111111111111112]], "R-Sho": [[-0.0296875, -0.23055555555555557], [-0.0296875, -0.22777777777777777], [-0.03125, -0.20833333333333334], [-0.03125, -0.20555555555555555], [-0.06875, -0.1], [-0.1046875, -0.1111111111111111], [-0.1484375, -0.08333333333333333], [-0.1671875, -0.075], [-0.1578125, -0.13055555555555556], [-0.165625, -0.125]], "R-Elb": [[-0.0328125, -0.18611111111111112], [-0.0328125, -0.18333333333333332], [-0.0328125, -0.16666666666666666], [-0.04375, -0.1638888888888889], [-0.05625, -0.07777777777777778], [-0.11875, -0.05555555555555555], [-0.153125, -0.04722222222222222], [-0.1703125, -0.05555555555555555], [-0.16875, -0.1], [-0.175, -0.09722222222222222]], "R-Wr": [[-0.03125, -0.16111111111111112], [-0.0328125, -0.14444444444444443], [-0.0328125, -0.14444444444444443], [-0.04375, -0.14166666666666666], [-0.046875, -0.058333333333333334], [-0.128125, -0.013888888888888888], [-0.15625, -0.016666666666666666], [-0.1703125, -0.030555555555555555], [-0.1765625, -0.058333333333333334], [-0.178125, -0.058333333333333334]], "L-Sho": [[0.0140625, -0.21666666666666667], [0.00625, -0.22777777777777777], [0.0046875, -0.20833333333333334], [0.0046875, -0.20555555555555555], [-0.0328125, -0.13055555555555556], [-0.0765625, -0.1111111111111111], [-0.125, -0.10277777777777777], [-0.14375, -0.07777777777777778], [-0.1375, -0.12222222222222222], [-0.1296875, -0.12777777777777777]], "L-Elb": [[0.0171875, -0.18611111111111112], [0.015625, -0.18333333333333332], [0.00625, -0.1638888888888889], [0.0171875, -0.1638888888888889], [-0.0171875, -0.09722222222222222], [-0.0640625, -0.06944444444444445], [-0.1140625, -0.07777777777777778], [-0.1375, -0.06111111111111111], [-0.13125, -0.08611111111111111], [-0.128125, -0.09722222222222222]], "L-Wr": [[0.00625, -0.14444444444444443], [0.015625, -0.14166666666666666], [0.00625, -0.12222222222222222], [0.0078125, -0.1638888888888889], [-0.021875, -0.075], [-0.0515625, -0.011111111111111112], [-0.0921875, -0.06111111111111111], [-0.1359375, -0.044444444444444446], [-0.13125, -0.05], [-0.1171875, -0.05555555555555555]], "R-Hip": [[-0.0203125, -0.14166666666666666], [-0.0203125, -0.14166666666666666], [-0.0203125, -0.12222222222222222], [-0.0296875, -0.12222222222222222], [-0.046875, -0.05555555555555555], [-0.1015625, -0.044444444444444446], [-0.13125, -0.022222222222222223], [-0.1546875, -0.016666666666666666], [-0.165625, -0.013888888888888888], [-0.1640625, -0.05555555555555555]], "R-Knee": [[-0.034375, -0.07777777777777778], [-0.0328125, -0.07777777777777778], [-0.0328125, -0.075], [-0.0328125, -0.07777777777777778], [-0.0578125, -0.019444444444444445], [-0.1125, 0.013888888888888888], [-0.1453125, 0.013888888888888888], [-0.1671875, 0.016666666666666666], [-0.178125, 0.03333333333333333], [-0.16875, 0.027777777777777776]], "R-Ank": [[-0.04375, 0.008333333333333333], [-0.04375, 0.008333333333333333], [-0.04375, 0.008333333333333333], [-0.0421875, -0.011111111111111112], [-0.046875, 0.005555555555555556], [-0.084375, 0.013888888888888888], [-0.1109375, 0.025], [-0.134375, 0.025], [-0.1359375, 0.03333333333333333], [-0.121875, 0.03888888888888889]], "L-Hip": [[0.003125, -0.14166666666666666], [-0.0046875, -0.14166666666666666], [-0.0046875, -0.12222222222222222], [-0.00625, -0.12222222222222222], [-0.025, -0.05555555555555555], [-0.0765625, -0.044444444444444446], [-0.1109375, -0.025], [-0.1484375, -0.019444444444444445], [-0.146875, -0.016666666666666666], [-0.1421875, -0.058333333333333334]], "L-Knee": [[0.00625, -0.07777777777777778], [0.0046875, -0.075], [0.0046875, -0.075], [0.0078125, -0.075], [0.003125, -0.019444444444444445], [-0.065625, -0.002777777777777778], [-0.1015625, -0.002777777777777778], [-0.1671875, 0.016666666666666666], [-0.14375, 0.016666666666666666], [-0.146875, 0.027777777777777776]], "L-Ank": [[0.0171875, -0.008333333333333333], [0.0078125, -0.008333333333333333], [0.00625, -0.008333333333333333], [0.01875, -0.011111111111111112], [0.034375, 0.013888888888888888], [-0.046875, 0.027777777777777776], [-0.0875, 0.011111111111111112], [-0.1234375, 0.016666666666666666], [-0.121875, 0.041666666666666664], [-0.140625, 0.011111111111111112]]}