{"Head": [[-0.015625, -0.19166666666666668], [-0.01875, -0.20555555555555555], [-0.01875, -0.18611111111111112], [-0.0421875, -0.14444444444444443], [-0.0171875, -0.12777777777777777], [-0.08125, -0.14444444444444443], [-0.140625, -0.04722222222222222], [0.0, 0.0], [0.0, 0.0], [0.0, 0.0]], "R-Sho": [[-0.0328125, -0.1638888888888889], [-0.0328125, -0.1638888888888889], [-0.0328125, -0.14722222222222223], [-0.0453125, -0.11944444444444445], [-0.03125, -0.1], [-0.0796875, -0.11666666666666667], [-0.1265625, -0.016666666666666666], [0.0, 0.0], [0.0, 0.0], [0.0, 0.0]], "R-Elb": [[-0.04375, -0.11944444444444445], [-0.04375, -0.11944444444444445], [-0.04375, -0.10277777777777777], [-0.05625, -0.075], [-0.0484375, -0.06944444444444445], [-0.0921875, -0.06111111111111111], [-0.1359375, 0.03333333333333333], [0.0, 0.0], [0.0, 0.0], [0.0, 0.0]], "R-Wr": [[-0.04375, -0.07777777777777778], [-0.0421875, -0.09722222222222222], [-0.04375, -0.075], [-0.06875, -0.03333333333333333], [-0.0671875, -0.03611111111111111], [-0.1046875, -0.03333333333333333], [-0.1609375, 0.06388888888888888], [0.0, 0.0], [0.0, 0.0], [0.0, 0.0]], "L-Sho": [[-0.0046875, -0.1638888888888889], [-0.00625, -0.1638888888888889], [0.0, -0.1527777777777778], [-0.0140625, -0.11944444444444445], [-0.00625, -0.1], [-0.05625, -0.14166666666666666], [-0.1125, -0.027777777777777776], [0.0, 0.0], [0.0, 0.0], [0.0, 0.0]], "L-Elb": [[0.00625, -0.11944444444444445], [0.0046875, -0.11944444444444445], [0.0046875, -0.10277777777777777], [0.003125, -0.08055555555555556], [0.0046875, -0.07222222222222222], [-0.03125, -0.1], [-0.1046875, 0.03333333333333333], [0.0, 0.0], [0.0, 0.0], [0.0, 0.0]], "L-Wr": [[0.00625, -0.07777777777777778], [-0.00625, -0.08055555555555556], [0.00625, -0.075], [0.00625, -0.05555555555555555], [0.003125, -0.03333333333333333], [-0.0328125, -0.05555555555555555], [-0.11875, 0.08055555555555556], [0.0, 0.0], [0.0, 0.0], [0.0, 0.0]], "R-Hip": [[-0.03125, -0.058333333333333334], [-0.03125, -0.075], [-0.03125, -0.075], [-0.0328125, -0.05277777777777778], [-0.03125, -0.03333333333333333], [-0.046875, -0.022222222222222223], [-0.09375, 0.011111111111111112], [0.0, 0.0], [0.0, 0.0], [0.0, 0.0]], "R-Knee": [[-0.04375, -0.008333333333333333], [-0.0421875, -0.008333333333333333], [-0.0421875, 0.005555555555555556], [-0.0453125, 0.008333333333333333], [-0.0328125, 0.008333333333333333], [-0.04375, 0.027777777777777776], [-0.1046875, 0.03611111111111111], [0.0, 0.0], [0.0, 0.0], [0.0, 0.0]], "R-Ank": [[-0.04375, 0.07222222222222222], [-0.04375, 0.075], [-0.04375, 0.075], [-0.05625, 0.07222222222222222], [-0.0421875, 0.05555555555555555], [-0.0390625, 0.08055555555555556], [-0.09375, 0.08055555555555556], [0.0, 0.0], [0.0, 0.0], [0.0, 0.0]], "L-Hip": [[-0.0078125, -0.075], [-0.0125, -0.075], [-0.00625, -0.05555555555555555], [-0.009375, -0.05], [-0.009375, -0.030555555555555555], [-0.0328125, -0.03333333333333333], [-0.0828125, -0.011111111111111112], [0.0, 0.0], [0.0, 0.0], [0.0, 0.0]], "L-Knee": [[-0.00625, -0.011111111111111112], [-0.0046875, -0.011111111111111112], [0.0046875, -0.008333333333333333], [0.0046875, -0.011111111111111112], [0.0171875, 0.008333333333333333], [-0.015625, 0.008333333333333333], [-0.05625, 0.044444444444444446], [0.0, 0.0], [0.0, 0.0], [0.0, 0.0]], "L-Ank": [[0.0046875, 0.07222222222222222], [0.0046875, 0.05555555555555555], [0.0046875, 0.07222222222222222], [0.0046875, 0.07222222222222222], [0.040625, 0.07222222222222222], [-0.0015625, 0.07777777777777778], [-0.0203125, 0.08333333333333333], [0.0, 0.0], [0.0, 0.0], [0.0, 0.0]]}