{"Head": [[-0.0328125, -0.14166666666666666], [-0.028125, -0.14444444444444443], [-0.0328125, -0.1638888888888889], [-0.03125, -0.14444444444444443], [-0.03125, -0.14166666666666666], [-0.0328125, -0.14166666666666666], [-0.0640625, 0.002777777777777778], [-0.1734375, 0.06666666666666667], [-0.215625, 0.10833333333333334], [0.0, 0.0]], "R-Sho": [[-0.053125, -0.10277777777777777], [-0.05, -0.1], [-0.0515625, -0.09444444444444444], [-0.05, -0.07777777777777778], [-0.05, -0.09444444444444444], [-0.0546875, -0.1], [-0.08125, 0.03888888888888889], [-0.178125, 0.1], [-0.2078125, 0.14166666666666666], [0.0, 0.0]], "R-Elb": [[-0.05625, -0.05555555555555555], [-0.05625, -0.05555555555555555], [-0.05625, -0.058333333333333334], [-0.05625, -0.058333333333333334], [-0.05625, -0.05555555555555555], [-0.0578125, -0.05555555555555555], [-0.109375, 0.03888888888888889], [-0.1734375, 0.15833333333333333], [-0.1859375, 0.1638888888888889], [0.0, 0.0]], "R-Wr": [[-0.06875, -0.03333333333333333], [-0.06875, -0.005555555555555556], [-0.065625, 0.0], [-0.05625, -0.03611111111111111], [-0.078125, -0.03333333333333333], [-0.0578125, -0.013888888888888888], [-0.13125, 0.030555555555555555], [-0.1953125, 0.1638888888888889], [-0.1625, 0.16666666666666666], [0.0, 0.0]], "L-Sho": [[-0.01875, -0.10277777777777777], [-0.00625, -0.10555555555555556], [-0.0078125, -0.10277777777777777], [-0.0171875, -0.11666666666666667], [-0.003125, -0.1], [-0.01875, -0.1], [-0.053125, 0.027777777777777776], [-0.1484375, 0.09166666666666666], [-0.19375, 0.09722222222222222], [0.0, 0.0]], "L-Elb": [[-0.00625, -0.058333333333333334], [-0.00625, -0.058333333333333334], [-0.00625, -0.058333333333333334], [-0.00625, -0.058333333333333334], [-0.00625, -0.058333333333333334], [-0.0078125, -0.05555555555555555], [-0.0375, 0.06111111111111111], [-0.13125, 0.075], [-0.1734375, 0.08611111111111111], [0.0, 0.0]], "L-Wr": [[-0.0078125, -0.03333333333333333], [-0.0078125, -0.03333333333333333], [-0.0078125, -0.03333333333333333], [-0.0078125, -0.03333333333333333], [-0.0078125, -0.03333333333333333], [-0.00625, -0.011111111111111112], [-0.0171875, 0.07222222222222222], [-0.1171875, 0.075], [-0.153125, 0.08888888888888889], [0.0, 0.0]], "R-Hip": [[-0.046875, -0.008333333333333333], [-0.04375, -0.005555555555555556], [-0.0453125, -0.011111111111111112], [-0.04375, -0.011111111111111112], [-0.04375, -0.011111111111111112], [-0.04375, -0.011111111111111112], [-0.0609375, 0.1], [-0.14375, 0.1527777777777778], [-0.1671875, 0.13055555555555556], [0.0, 0.0]], "R-Knee": [[-0.05625, 0.05277777777777778], [-0.05625, 0.05277777777777778], [-0.05625, 0.05555555555555555], [-0.0546875, 0.05555555555555555], [-0.0796875, 0.07222222222222222], [-0.05625, 0.05555555555555555], [-0.0421875, 0.1388888888888889], [-0.1078125, 0.175], [-0.134375, 0.1527777777777778], [0.0, 0.0]], "R-Ank": [[-0.0671875, 0.1388888888888889], [-0.0671875, 0.1388888888888889], [-0.0671875, 0.1388888888888889], [-0.0671875, 0.1388888888888889], [-0.08125, 0.16111111111111112], [-0.04375, 0.14166666666666666], [-0.0203125, 0.20555555555555555], [-0.0703125, 0.18333333333333332], [-0.08125, 0.16111111111111112], [0.0, 0.0]], "L-Hip": [[-0.021875, -0.013888888888888888], [-0.01875, -0.013888888888888888], [-0.0203125, -0.011111111111111112], [-0.0203125, -0.011111111111111112], [-0.01875, 0.0], [-0.01875, 0.0], [-0.040625, 0.09166666666666666], [-0.1265625, 0.1111111111111111], [-0.1484375, 0.11388888888888889], [0.0, 0.0]], "L-Knee": [[-0.0078125, 0.05277777777777778], [-0.0078125, 0.05277777777777778], [-0.00625, 0.05555555555555555], [-0.0078125, 0.07222222222222222], [-0.009375, 0.058333333333333334], [-0.0078125, 0.06944444444444445], [-0.0109375, 0.11944444444444445], [-0.096875, 0.125], [-0.1234375, 0.12222222222222222], [0.0, 0.0]], "L-Ank": [[0.003125, 0.1388888888888889], [-0.00625, 0.1361111111111111], [0.003125, 0.1388888888888889], [0.003125, 0.1388888888888889], [-0.00625, 0.1388888888888889], [-0.00625, 0.1388888888888889], [0.0234375, 0.1638888888888889], [-0.0671875, 0.14166666666666666], [-0.06875, 0.16111111111111112], [0.0, 0.0]]}