{"Head": [[-0.009375, -0.21388888888888888], [-0.03125, -0.1638888888888889], [-0.003125, -0.12222222222222222], [-0.2046875, -0.05], [0.0, 0.0], [0.0, 0.0], [0.0, 0.0], [0.0, 0.0], [0.0, 0.0], [0.0, 0.0]], "R-Sho": [[-0.0296875, -0.16944444444444445], [-0.0453125, -0.14166666666666666], [-0.0203125, -0.08611111111111111], [-0.19375, -0.008333333333333333], [0.0, 0.0], [0.0, 0.0], [0.0, 0.0], [0.0, 0.0], [0.0, 0.0], [0.0, 0.0]], "R-Elb": [[-0.040625, -0.11944444444444445], [-0.05625, -0.08055555555555556], [-0.0359375, -0.041666666666666664], [-0.209375, 0.019444444444444445], [0.0, 0.0], [0.0, 0.0], [0.0, 0.0], [0.0, 0.0], [0.0, 0.0], [0.0, 0.0]], "R-Wr": [[-0.04375, -0.07777777777777778], [-0.06875, -0.05277777777777778], [-0.0421875, 0.0], [-0.25625, 0.05555555555555555], [0.0, 0.0], [0.0, 0.0], [0.0, 0.0], [0.0, 0.0], [0.0, 0.0], [0.0, 0.0]], "L-Sho": [[0.0109375, -0.17222222222222222], [-0.0078125, -0.14444444444444443], [0.00625, -0.08611111111111111], [-0.178125, -0.058333333333333334], [0.0, 0.0], [0.0, 0.0], [0.0, 0.0], [0.0, 0.0], [0.0, 0.0], [0.0, 0.0]], "L-Elb": [[0.0171875, -0.12222222222222222], [0.0046875, -0.10277777777777777], [0.0171875, -0.03333333333333333], [-0.1421875, -0.08055555555555556], [0.0, 0.0], [0.0, 0.0], [0.0, 0.0], [0.0, 0.0], [0.0, 0.0], [0.0, 0.0]], "L-Wr": [[0.0171875, -0.07777777777777778], [0.0078125, -0.058333333333333334], [-0.00625, -0.013888888888888888], [-0.115625, -0.11666666666666667], [0.0, 0.0], [0.0, 0.0], [0.0, 0.0], [0.0, 0.0], [0.0, 0.0], [0.0, 0.0]], "R-Hip": [[-0.0203125, -0.07777777777777778], [-0.0328125, -0.05555555555555555], [-0.015625, -0.022222222222222223], [-0.1296875, 0.005555555555555556], [0.0, 0.0], [0.0, 0.0], [0.0, 0.0], [0.0, 0.0], [0.0, 0.0], [0.0, 0.0]], "R-Knee": [[-0.03125, 0.008333333333333333], [-0.04375, 0.008333333333333333], [-0.03125, 0.016666666666666666], [-0.0734375, 0.019444444444444445], [0.0, 0.0], [0.0, 0.0], [0.0, 0.0], [0.0, 0.0], [0.0, 0.0], [0.0, 0.0]], "R-Ank": [[-0.0328125, 0.09444444444444444], [-0.04375, 0.09166666666666666], [-0.0359375, 0.06944444444444445], [-0.025, 0.030555555555555555], [0.0, 0.0], [0.0, 0.0], [0.0, 0.0], [0.0, 0.0], [0.0, 0.0], [0.0, 0.0]], "L-Hip": [[0.003125, -0.07777777777777778], [-0.0078125, -0.05555555555555555], [0.0109375, -0.005555555555555556], [-0.1171875, -0.04722222222222222], [0.0, 0.0], [0.0, 0.0], [0.0, 0.0], [0.0, 0.0], [0.0, 0.0], [0.0, 0.0]], "L-Knee": [[0.00625, -0.008333333333333333], [-0.00625, 0.008333333333333333], [0.03125, 0.025], [-0.075, -0.06388888888888888], [0.0, 0.0], [0.0, 0.0], [0.0, 0.0], [0.0, 0.0], [0.0, 0.0], [0.0, 0.0]], "L-Ank": [[0.0078125, 0.075], [0.0046875, 0.07777777777777778], [0.0484375, 0.10277777777777777], [-0.0390625, -0.08888888888888889], [0.0, 0.0], [0.0, 0.0], [0.0, 0.0], [0.0, 0.0], [0.0, 0.0], [0.0, 0.0]]}