{"Head": [[-0.0421875, -0.17777777777777778], [-0.0421875, -0.18611111111111112], [-0.0421875, -0.18611111111111112], [-0.1203125, -0.04722222222222222], [-0.2484375, 0.06944444444444445], [-0.284375, 0.09166666666666666], [0.0, 0.0], [0.0, 0.0], [0.0, 0.0], [0.0, 0.0]], "R-Sho": [[-0.05625, -0.1527777777777778], [-0.0546875, -0.14444444444444443], [-0.05625, -0.14166666666666666], [-0.121875, -0.005555555555555556], [-0.228125, 0.09444444444444444], [-0.271875, 0.08333333333333333], [0.0, 0.0], [0.0, 0.0], [0.0, 0.0], [0.0, 0.0]], "R-Elb": [[-0.06875, -0.11944444444444445], [-0.05625, -0.1], [-0.0671875, -0.09722222222222222], [-0.1359375, 0.013888888888888888], [-0.2390625, 0.1111111111111111], [-0.2734375, 0.12222222222222222], [0.0, 0.0], [0.0, 0.0], [0.0, 0.0], [0.0, 0.0]], "R-Wr": [[-0.0671875, -0.075], [-0.0578125, -0.05555555555555555], [-0.06875, -0.05555555555555555], [-0.1625, 0.005555555555555556], [-0.25625, 0.1361111111111111], [-0.2515625, 0.1361111111111111], [0.0, 0.0], [0.0, 0.0], [0.0, 0.0], [0.0, 0.0]], "L-Sho": [[-0.0296875, -0.16111111111111112], [-0.01875, -0.14444444444444443], [-0.0203125, -0.14166666666666666], [-0.0953125, -0.03333333333333333], [-0.2140625, 0.06388888888888888], [-0.2625, 0.06666666666666667], [0.0, 0.0], [0.0, 0.0], [0.0, 0.0], [0.0, 0.0]], "L-Elb": [[-0.01875, -0.10277777777777777], [-0.0171875, -0.1], [-0.0171875, -0.09722222222222222], [-0.0796875, -0.030555555555555555], [-0.228125, 0.03611111111111111], [-0.253125, 0.09166666666666666], [0.0, 0.0], [0.0, 0.0], [0.0, 0.0], [0.0, 0.0]], "L-Wr": [[-0.01875, -0.07777777777777778], [-0.01875, -0.05555555555555555], [-0.01875, -0.05555555555555555], [-0.05625, -0.030555555555555555], [-0.2671875, 0.013888888888888888], [-0.234375, 0.09722222222222222], [0.0, 0.0], [0.0, 0.0], [0.0, 0.0], [0.0, 0.0]], "R-Hip": [[-0.0546875, -0.058333333333333334], [-0.04375, -0.05277777777777778], [-0.0546875, -0.05555555555555555], [-0.0796875, 0.022222222222222223], [-0.1828125, 0.10833333333333334], [-0.24375, 0.06944444444444445], [0.0, 0.0], [0.0, 0.0], [0.0, 0.0], [0.0, 0.0]], "R-Knee": [[-0.05625, 0.008333333333333333], [-0.0546875, 0.011111111111111112], [-0.0546875, 0.011111111111111112], [-0.0859375, 0.06388888888888888], [-0.16875, 0.12777777777777777], [-0.2546875, 0.10833333333333334], [0.0, 0.0], [0.0, 0.0], [0.0, 0.0], [0.0, 0.0]], "R-Ank": [[-0.065625, 0.075], [-0.065625, 0.08888888888888889], [-0.065625, 0.09722222222222222], [-0.084375, 0.11944444444444445], [-0.1375, 0.10833333333333334], [-0.2328125, 0.125], [0.0, 0.0], [0.0, 0.0], [0.0, 0.0], [0.0, 0.0]], "L-Hip": [[-0.03125, -0.058333333333333334], [-0.0296875, -0.05555555555555555], [-0.0359375, -0.03333333333333333], [-0.0625, 0.027777777777777776], [-0.18125, 0.08333333333333333], [-0.234375, 0.05277777777777778], [0.0, 0.0], [0.0, 0.0], [0.0, 0.0], [0.0, 0.0]], "L-Knee": [[-0.01875, 0.008333333333333333], [-0.01875, 0.011111111111111112], [-0.0203125, 0.011111111111111112], [-0.028125, 0.05555555555555555], [-0.171875, 0.04722222222222222], [-0.221875, 0.10555555555555556], [0.0, 0.0], [0.0, 0.0], [0.0, 0.0], [0.0, 0.0]], "L-Ank": [[-0.0078125, 0.09444444444444444], [-0.0078125, 0.09444444444444444], [-0.009375, 0.09444444444444444], [0.009375, 0.125], [-0.15625, 0.03333333333333333], [-0.196875, 0.1111111111111111], [0.0, 0.0], [0.0, 0.0], [0.0, 0.0], [0.0, 0.0]]}