{"Head": [[-0.0125, -0.18055555555555555], [-0.0046875, -0.1527777777777778], [-0.0046875, -0.1527777777777778], [-0.040625, -0.08055555555555556], [-0.1546875, 0.044444444444444446], [-0.2140625, 0.09444444444444444], [0.0, 0.0], [0.0, 0.0], [0.0, 0.0], [0.0, 0.0]], "R-Sho": [[-0.021875, -0.14444444444444443], [-0.028125, -0.12777777777777777], [-0.028125, -0.12222222222222222], [-0.04375, -0.05555555555555555], [-0.1671875, 0.08055555555555556], [-0.203125, 0.13055555555555556], [0.0, 0.0], [0.0, 0.0], [0.0, 0.0], [0.0, 0.0]], "R-Elb": [[-0.04375, -0.12222222222222222], [-0.0421875, -0.08055555555555556], [-0.0328125, -0.07777777777777778], [-0.0546875, -0.013888888888888888], [-0.1765625, 0.1111111111111111], [-0.1828125, 0.1527777777777778], [0.0, 0.0], [0.0, 0.0], [0.0, 0.0], [0.0, 0.0]], "R-Wr": [[-0.078125, -0.12777777777777777], [-0.071875, -0.03888888888888889], [-0.03125, -0.05277777777777778], [-0.06875, 0.030555555555555555], [-0.1953125, 0.1527777777777778], [-0.1546875, 0.1638888888888889], [0.0, 0.0], [0.0, 0.0], [0.0, 0.0], [0.0, 0.0]], "L-Sho": [[0.00625, -0.15], [0.021875, -0.125], [0.0078125, -0.12222222222222222], [0.0, -0.06111111111111111], [-0.134375, 0.06666666666666667], [-0.190625, 0.08611111111111111], [0.0, 0.0], [0.0, 0.0], [0.0, 0.0], [0.0, 0.0]], "L-Elb": [[0.04375, -0.14444444444444443], [0.034375, -0.06944444444444445], [0.0171875, -0.07777777777777778], [0.015625, -0.013888888888888888], [-0.1140625, 0.07222222222222222], [-0.1734375, 0.08333333333333333], [0.0, 0.0], [0.0, 0.0], [0.0, 0.0], [0.0, 0.0]], "L-Wr": [[0.075, -0.16944444444444445], [0.0421875, -0.016666666666666666], [0.0171875, -0.03333333333333333], [0.028125, 0.030555555555555555], [-0.090625, 0.07777777777777778], [-0.15, 0.08333333333333333], [0.0, 0.0], [0.0, 0.0], [0.0, 0.0], [0.0, 0.0]], "R-Hip": [[-0.025, -0.041666666666666664], [-0.021875, -0.025], [-0.0203125, -0.03333333333333333], [-0.0421875, 0.03333333333333333], [-0.1484375, 0.11388888888888889], [-0.1578125, 0.12222222222222222], [0.0, 0.0], [0.0, 0.0], [0.0, 0.0], [0.0, 0.0]], "R-Knee": [[-0.03125, 0.030555555555555555], [-0.03125, 0.03333333333333333], [-0.03125, 0.03333333333333333], [-0.05, 0.07777777777777778], [-0.125, 0.13333333333333333], [-0.134375, 0.10833333333333334], [0.0, 0.0], [0.0, 0.0], [0.0, 0.0], [0.0, 0.0]], "R-Ank": [[-0.04375, 0.11666666666666667], [-0.04375, 0.11666666666666667], [-0.04375, 0.11944444444444445], [-0.0453125, 0.14444444444444443], [-0.1, 0.15555555555555556], [-0.090625, 0.1388888888888889], [0.0, 0.0], [0.0, 0.0], [0.0, 0.0], [0.0, 0.0]], "L-Hip": [[0.00625, -0.03611111111111111], [0.0, -0.03333333333333333], [0.0046875, -0.030555555555555555], [-0.0078125, 0.030555555555555555], [-0.134375, 0.1], [-0.1546875, 0.10277777777777777], [0.0, 0.0], [0.0, 0.0], [0.0, 0.0], [0.0, 0.0]], "L-Knee": [[0.0171875, 0.030555555555555555], [0.00625, 0.030555555555555555], [0.0078125, 0.05277777777777778], [0.015625, 0.06666666666666667], [-0.1, 0.10555555555555556], [-0.13125, 0.08611111111111111], [0.0, 0.0], [0.0, 0.0], [0.0, 0.0], [0.0, 0.0]], "L-Ank": [[0.0171875, 0.11666666666666667], [0.0171875, 0.11666666666666667], [0.0171875, 0.11944444444444445], [0.0359375, 0.13333333333333333], [-0.0734375, 0.12222222222222222], [-0.09375, 0.11666666666666667], [0.0, 0.0], [0.0, 0.0], [0.0, 0.0], [0.0, 0.0]]}