{"Head": [[-0.01875, -0.11944444444444445], [-0.0171875, -0.10277777777777777], [-0.0171875, -0.11666666666666667], [-0.0171875, -0.1], [-0.01875, -0.10277777777777777], [-0.0171875, -0.07777777777777778], [-0.0078125, -0.05555555555555555], [-0.0046875, -0.03333333333333333], [0.0546875, 0.011111111111111112], [0.15625, 0.06944444444444445]], "R-Sho": [[-0.0296875, -0.07777777777777778], [-0.0296875, -0.07777777777777778], [-0.0296875, -0.07777777777777778], [-0.0203125, -0.07777777777777778], [-0.0203125, -0.07777777777777778], [-0.0296875, -0.05555555555555555], [-0.01875, -0.03333333333333333], [-0.0265625, 0.005555555555555556], [0.0375, 0.03333333333333333], [0.1375, 0.04722222222222222]], "R-Elb": [[-0.03125, -0.03611111111111111], [-0.03125, -0.03611111111111111], [-0.03125, -0.03611111111111111], [-0.03125, -0.03333333333333333], [-0.03125, -0.03611111111111111], [-0.03125, -0.016666666666666666], [-0.0296875, -0.011111111111111112], [-0.0375, 0.025], [0.028125, 0.06111111111111111], [0.1546875, 0.022222222222222223]], "R-Wr": [[-0.03125, -0.011111111111111112], [-0.03125, -0.011111111111111112], [-0.03125, -0.011111111111111112], [-0.03125, -0.011111111111111112], [-0.03125, -0.011111111111111112], [-0.0421875, 0.008333333333333333], [-0.021875, 0.011111111111111112], [-0.034375, 0.05555555555555555], [0.0515625, 0.075], [0.16875, -0.019444444444444445]], "L-Sho": [[-0.0046875, -0.07777777777777778], [-0.0046875, -0.07777777777777778], [0.003125, -0.07777777777777778], [0.003125, -0.07777777777777778], [0.0046875, -0.07777777777777778], [0.003125, -0.05555555555555555], [-0.0046875, -0.03333333333333333], [0.0171875, -0.013888888888888888], [0.0671875, 0.03888888888888889], [0.14375, 0.08333333333333333]], "L-Elb": [[0.0046875, -0.03611111111111111], [0.0046875, -0.03611111111111111], [0.00625, -0.03611111111111111], [0.0046875, -0.03611111111111111], [0.00625, -0.03611111111111111], [0.00625, -0.013888888888888888], [0.0046875, -0.011111111111111112], [0.01875, 0.008333333333333333], [0.0734375, 0.075], [0.140625, 0.125]], "L-Wr": [[0.00625, -0.011111111111111112], [0.00625, -0.011111111111111112], [0.00625, -0.011111111111111112], [0.00625, -0.008333333333333333], [0.00625, -0.011111111111111112], [0.00625, 0.008333333333333333], [0.0203125, 0.044444444444444446], [0.028125, 0.030555555555555555], [0.065625, 0.09166666666666666], [0.165625, 0.13333333333333333]], "R-Hip": [[-0.01875, 0.008333333333333333], [-0.0203125, 0.005555555555555556], [-0.01875, 0.008333333333333333], [-0.01875, 0.008333333333333333], [-0.01875, 0.008333333333333333], [-0.0203125, 0.011111111111111112], [-0.01875, 0.011111111111111112], [-0.0078125, 0.030555555555555555], [0.028125, 0.06944444444444445], [0.1046875, 0.06666666666666667]], "R-Knee": [[-0.0296875, 0.05555555555555555], [-0.021875, 0.05555555555555555], [-0.0296875, 0.05555555555555555], [-0.0296875, 0.05555555555555555], [-0.0296875, 0.05555555555555555], [-0.03125, 0.05555555555555555], [-0.0203125, 0.05277777777777778], [-0.0296875, 0.075], [0.0015625, 0.09444444444444444], [0.090625, 0.10833333333333334]], "R-Ank": [[-0.03125, 0.11666666666666667], [-0.03125, 0.11388888888888889], [-0.03125, 0.11666666666666667], [-0.03125, 0.11666666666666667], [-0.0296875, 0.11666666666666667], [-0.03125, 0.11388888888888889], [-0.03125, 0.1], [-0.03125, 0.11944444444444445], [-0.025, 0.125], [0.05, 0.10277777777777777]], "L-Hip": [[-0.00625, 0.008333333333333333], [-0.00625, 0.005555555555555556], [-0.00625, 0.008333333333333333], [-0.00625, 0.008333333333333333], [-0.00625, 0.008333333333333333], [-0.00625, 0.011111111111111112], [-0.00625, 0.011111111111111112], [0.0046875, 0.03333333333333333], [0.0359375, 0.08888888888888889], [0.109375, 0.09444444444444444]], "L-Knee": [[0.003125, 0.05555555555555555], [0.003125, 0.05555555555555555], [0.0046875, 0.06944444444444445], [0.0046875, 0.06944444444444445], [0.0046875, 0.05277777777777778], [0.0046875, 0.05277777777777778], [0.0046875, 0.05277777777777778], [0.0171875, 0.07222222222222222], [0.0453125, 0.11666666666666667], [0.09375, 0.1388888888888889]], "L-Ank": [[0.0046875, 0.11666666666666667], [0.0046875, 0.11666666666666667], [0.0046875, 0.11666666666666667], [0.0046875, 0.11666666666666667], [0.0046875, 0.11666666666666667], [0.0046875, 0.09722222222222222], [0.00625, 0.09722222222222222], [0.00625, 0.11666666666666667], [0.0171875, 0.13333333333333333], [0.0421875, 0.14444444444444443]]}