{"Head": [[0.025, -0.17777777777777778], [0.028125, -0.18888888888888888], [0.028125, -0.18888888888888888], [0.028125, -0.18611111111111112], [0.01875, -0.1638888888888889], [-0.065625, -0.04722222222222222], [-0.196875, 0.03611111111111111], [-0.2359375, -0.044444444444444446], [0.0, 0.0], [0.0, 0.0]], "R-Sho": [[0.015625, -0.1638888888888889], [0.015625, -0.1638888888888889], [0.0171875, -0.1638888888888889], [0.015625, -0.16111111111111112], [0.00625, -0.14166666666666666], [-0.0796875, -0.016666666666666666], [-0.184375, 0.07222222222222222], [-0.2265625, -0.03333333333333333], [0.0, 0.0], [0.0, 0.0]], "R-Elb": [[0.00625, -0.12222222222222222], [0.00625, -0.12222222222222222], [0.00625, -0.12222222222222222], [0.00625, -0.11944444444444445], [-0.00625, -0.1], [-0.0890625, -0.008333333333333333], [-0.2, 0.08333333333333333], [-0.225, -0.011111111111111112], [0.0, 0.0], [0.0, 0.0]], "R-Wr": [[0.00625, -0.1], [0.0046875, -0.1], [0.0046875, -0.10277777777777777], [0.0046875, -0.09722222222222222], [0.0046875, -0.09444444444444444], [-0.1078125, -0.03611111111111111], [-0.215625, 0.08888888888888889], [-0.215625, 0.005555555555555556], [0.0, 0.0], [0.0, 0.0]], "L-Sho": [[0.0421875, -0.1638888888888889], [0.0421875, -0.1638888888888889], [0.0421875, -0.1638888888888889], [0.0453125, -0.14444444444444443], [0.0296875, -0.14166666666666666], [-0.046875, -0.04722222222222222], [-0.1796875, 0.030555555555555555], [-0.2265625, -0.03333333333333333], [0.0, 0.0], [0.0, 0.0]], "L-Elb": [[0.04375, -0.12222222222222222], [0.04375, -0.12222222222222222], [0.04375, -0.12222222222222222], [0.0421875, -0.12222222222222222], [0.0390625, -0.11666666666666667], [-0.028125, -0.05555555555555555], [-0.196875, 0.008333333333333333], [-0.2140625, -0.013888888888888888], [0.0, 0.0], [0.0, 0.0]], "L-Wr": [[0.0515625, -0.1], [0.053125, -0.1], [0.053125, -0.1], [0.04375, -0.1], [0.0421875, -0.07222222222222222], [-0.015625, -0.04722222222222222], [-0.225, -0.005555555555555556], [-0.2296875, 0.013888888888888888], [0.0, 0.0], [0.0, 0.0]], "R-Hip": [[0.0171875, -0.08055555555555556], [0.0171875, -0.09722222222222222], [0.0171875, -0.09722222222222222], [0.0171875, -0.09722222222222222], [0.015625, -0.07777777777777778], [-0.0390625, -0.011111111111111112], [-0.18125, 0.06111111111111111], [-0.215625, 0.008333333333333333], [0.0, 0.0], [0.0, 0.0]], "R-Knee": [[0.015625, -0.03333333333333333], [0.015625, -0.03611111111111111], [0.015625, -0.03611111111111111], [0.0171875, -0.03611111111111111], [0.00625, -0.013888888888888888], [-0.015625, 0.03333333333333333], [-0.184375, 0.09444444444444444], [-0.246875, 0.03333333333333333], [0.0, 0.0], [0.0, 0.0]], "R-Ank": [[0.0046875, 0.030555555555555555], [0.0046875, 0.027777777777777776], [0.0046875, 0.027777777777777776], [0.0046875, 0.013888888888888888], [0.00625, 0.030555555555555555], [0.0234375, 0.06111111111111111], [-0.15, 0.08333333333333333], [-0.2484375, 0.07777777777777778], [0.0, 0.0], [0.0, 0.0]], "L-Hip": [[0.0375, -0.075], [0.0375, -0.08611111111111111], [0.0375, -0.08611111111111111], [0.0375, -0.09166666666666666], [0.0296875, -0.07777777777777778], [-0.025, -0.013888888888888888], [-0.1765625, 0.041666666666666664], [-0.2, 0.03333333333333333], [0.0, 0.0], [0.0, 0.0]], "L-Knee": [[0.0421875, -0.03333333333333333], [0.0421875, -0.03611111111111111], [0.0421875, -0.03611111111111111], [0.0421875, -0.03333333333333333], [0.0421875, -0.03333333333333333], [0.0, -0.008333333333333333], [-0.1484375, 0.05277777777777778], [-0.2125, 0.08055555555555556], [0.0, 0.0], [0.0, 0.0]], "L-Ank": [[0.053125, 0.030555555555555555], [0.053125, 0.030555555555555555], [0.053125, 0.027777777777777776], [0.053125, 0.027777777777777776], [0.0421875, 0.030555555555555555], [0.0296875, -0.008333333333333333], [-0.1109375, 0.06666666666666667], [-0.1875, 0.09166666666666666], [0.0, 0.0], [0.0, 0.0]]}