{"Head": [[-0.0296875, -0.11944444444444445], [-0.021875, -0.12222222222222222], [-0.01875, -0.11944444444444445], [-0.009375, -0.11944444444444445], [-0.00625, -0.10277777777777777], [0.034375, -0.030555555555555555], [0.1640625, 0.06111111111111111], [0.2421875, 0.10277777777777777], [0.0, 0.0], [0.0, 0.0]], "R-Sho": [[-0.0328125, -0.09444444444444444], [-0.03125, -0.09722222222222222], [-0.03125, -0.07777777777777778], [-0.021875, -0.08055555555555556], [-0.01875, -0.07777777777777778], [0.0171875, -0.002777777777777778], [0.1484375, 0.06666666666666667], [0.225, 0.10833333333333334], [0.0, 0.0], [0.0, 0.0]], "R-Elb": [[-0.04375, -0.05555555555555555], [-0.0421875, -0.05555555555555555], [-0.0328125, -0.03611111111111111], [-0.03125, -0.05277777777777778], [-0.0203125, -0.03611111111111111], [0.00625, 0.041666666666666664], [0.1359375, 0.044444444444444446], [0.2390625, 0.14722222222222223], [0.0, 0.0], [0.0, 0.0]], "R-Wr": [[-0.04375, -0.030555555555555555], [-0.04375, -0.016666666666666666], [-0.04375, -0.008333333333333333], [-0.03125, -0.011111111111111112], [-0.03125, -0.011111111111111112], [0.00625, 0.07222222222222222], [0.1234375, -0.008333333333333333], [0.259375, 0.16111111111111112], [0.0, 0.0], [0.0, 0.0]], "L-Sho": [[-0.0171875, -0.09722222222222222], [-0.0078125, -0.09722222222222222], [-0.0046875, -0.07777777777777778], [0.0046875, -0.08055555555555556], [0.00625, -0.07777777777777778], [0.040625, 0.0], [0.1640625, 0.08888888888888889], [0.21875, 0.1], [0.0, 0.0], [0.0, 0.0]], "L-Elb": [[-0.0078125, -0.05555555555555555], [-0.00625, -0.05555555555555555], [0.0046875, -0.03611111111111111], [0.00625, -0.03888888888888889], [0.0171875, -0.03611111111111111], [0.0546875, 0.03333333333333333], [0.1828125, 0.10277777777777777], [0.2328125, 0.14722222222222223], [0.0, 0.0], [0.0, 0.0]], "L-Wr": [[-0.00625, -0.013888888888888888], [-0.00625, -0.013888888888888888], [0.00625, -0.011111111111111112], [0.015625, -0.011111111111111112], [0.0171875, -0.011111111111111112], [0.059375, 0.06388888888888888], [0.215625, 0.08611111111111111], [0.2546875, 0.1638888888888889], [0.0, 0.0], [0.0, 0.0]], "R-Hip": [[-0.03125, -0.013888888888888888], [-0.03125, -0.013888888888888888], [-0.021875, -0.008333333333333333], [-0.0203125, -0.008333333333333333], [-0.01875, 0.005555555555555556], [0.0171875, 0.06111111111111111], [0.1296875, 0.09722222222222222], [0.203125, 0.10555555555555556], [0.0, 0.0], [0.0, 0.0]], "R-Knee": [[-0.0421875, 0.05], [-0.0421875, 0.05], [-0.03125, 0.05555555555555555], [-0.0296875, 0.05555555555555555], [-0.0203125, 0.05277777777777778], [-0.0046875, 0.1], [0.10625, 0.07222222222222222], [0.21875, 0.13055555555555556], [0.0, 0.0], [0.0, 0.0]], "R-Ank": [[-0.04375, 0.09444444444444444], [-0.04375, 0.09444444444444444], [-0.03125, 0.11388888888888889], [-0.03125, 0.11666666666666667], [-0.0296875, 0.11666666666666667], [-0.034375, 0.125], [0.078125, 0.03611111111111111], [0.2078125, 0.16111111111111112], [0.0, 0.0], [0.0, 0.0]], "L-Hip": [[-0.01875, -0.013888888888888888], [-0.01875, -0.013888888888888888], [-0.00625, -0.008333333333333333], [-0.00625, -0.008333333333333333], [0.0046875, 0.005555555555555556], [0.034375, 0.05555555555555555], [0.140625, 0.13333333333333333], [0.19375, 0.1111111111111111], [0.0, 0.0], [0.0, 0.0]], "L-Knee": [[-0.0078125, 0.03333333333333333], [-0.0078125, 0.05], [-0.00625, 0.05277777777777778], [0.0046875, 0.05277777777777778], [0.00625, 0.05277777777777778], [0.040625, 0.08333333333333333], [0.1015625, 0.1361111111111111], [0.1671875, 0.15833333333333333], [0.0, 0.0], [0.0, 0.0]], "L-Ank": [[-0.00625, 0.09444444444444444], [-0.00625, 0.09444444444444444], [0.0046875, 0.1], [0.00625, 0.11388888888888889], [0.0171875, 0.11666666666666667], [0.021875, 0.13333333333333333], [0.0640625, 0.14444444444444443], [0.1234375, 0.12222222222222222], [0.0, 0.0], [0.0, 0.0]]}