{"Head": [[-0.0125, -0.20833333333333334], [-0.0078125, -0.20833333333333334], [-0.0078125, -0.18888888888888888], [-0.01875, -0.18888888888888888], [-0.0359375, -0.11388888888888889], [-0.1359375, -0.10833333333333334], [-0.2359375, -0.041666666666666664], [-0.325, 0.03611111111111111], [-0.35625, 0.03611111111111111], [-0.33125, 0.022222222222222223]], "R-Sho": [[-0.0203125, -0.16666666666666666], [-0.0203125, -0.16666666666666666], [-0.0296875, -0.1638888888888889], [-0.03125, -0.1638888888888889], [-0.0546875, -0.08333333333333333], [-0.140625, -0.06666666666666667], [-0.23125, 0.0], [-0.3109375, 0.058333333333333334], [-0.33125, 0.05555555555555555], [-0.3421875, 0.041666666666666664]], "R-Elb": [[-0.03125, -0.12222222222222222], [-0.03125, -0.12222222222222222], [-0.03125, -0.11944444444444445], [-0.040625, -0.11944444444444445], [-0.053125, -0.05277777777777778], [-0.1640625, -0.05], [-0.25, 0.03611111111111111], [-0.2953125, 0.07222222222222222], [-0.315625, 0.07222222222222222], [-0.346875, 0.058333333333333334]], "R-Wr": [[-0.0421875, -0.08055555555555556], [-0.03125, -0.1], [-0.0421875, -0.08055555555555556], [-0.0453125, -0.07777777777777778], [-0.0453125, -0.008333333333333333], [-0.184375, -0.030555555555555555], [-0.28125, 0.03333333333333333], [-0.2765625, 0.075], [-0.2828125, 0.06944444444444445], [-0.35625, 0.07777777777777778]], "L-Sho": [[0.0140625, -0.16666666666666666], [0.0171875, -0.1638888888888889], [0.0171875, -0.16666666666666666], [0.003125, -0.16111111111111112], [-0.01875, -0.09722222222222222], [-0.1125, -0.11388888888888889], [-0.21875, -0.03611111111111111], [-0.3109375, 0.005555555555555556], [-0.3390625, 0.011111111111111112], [-0.3171875, 0.013888888888888888]], "L-Elb": [[0.0171875, -0.12222222222222222], [0.0171875, -0.12222222222222222], [0.0171875, -0.11944444444444445], [0.0171875, -0.12222222222222222], [-0.0078125, -0.05555555555555555], [-0.1, -0.1388888888888889], [-0.2171875, -0.075], [-0.290625, 0.027777777777777776], [-0.31875, 0.005555555555555556], [-0.3078125, 0.022222222222222223]], "L-Wr": [[0.0171875, -0.08055555555555556], [0.0171875, -0.09722222222222222], [0.0171875, -0.07777777777777778], [0.0171875, -0.1], [-0.00625, -0.03333333333333333], [-0.0828125, -0.16944444444444445], [-0.2, -0.10833333333333334], [-0.30625, 0.08888888888888889], [-0.3, -0.002777777777777778], [-0.2984375, 0.041666666666666664]], "R-Hip": [[-0.01875, -0.07777777777777778], [-0.01875, -0.08055555555555556], [-0.01875, -0.07777777777777778], [-0.01875, -0.07777777777777778], [-0.0328125, -0.019444444444444445], [-0.1015625, -0.022222222222222223], [-0.1890625, 0.03611111111111111], [-0.265625, 0.06388888888888888], [-0.3078125, 0.05], [-0.325, 0.044444444444444446]], "R-Knee": [[-0.03125, -0.011111111111111112], [-0.03125, -0.013888888888888888], [-0.03125, -0.011111111111111112], [-0.0296875, -0.013888888888888888], [-0.040625, 0.022222222222222223], [-0.078125, 0.027777777777777776], [-0.1453125, 0.044444444444444446], [-0.24375, 0.07222222222222222], [-0.2703125, 0.03333333333333333], [-0.3328125, 0.06111111111111111]], "R-Ank": [[-0.03125, 0.05555555555555555], [-0.0328125, 0.05277777777777778], [-0.03125, 0.05277777777777778], [-0.03125, 0.05277777777777778], [-0.03125, 0.06944444444444445], [-0.034375, 0.06944444444444445], [-0.0890625, 0.030555555555555555], [-0.1921875, 0.06111111111111111], [-0.2484375, 0.013888888888888888], [-0.3390625, 0.08333333333333333]], "L-Hip": [[0.003125, -0.08055555555555556], [0.003125, -0.07222222222222222], [0.0046875, -0.07777777777777778], [0.0046875, -0.075], [-0.021875, -0.016666666666666666], [-0.084375, -0.05], [-0.1796875, -0.008333333333333333], [-0.2609375, 0.041666666666666664], [-0.3125, 0.013888888888888888], [-0.3140625, 0.04722222222222222]], "L-Knee": [[0.00625, -0.013888888888888888], [0.00625, -0.030555555555555555], [0.015625, -0.013888888888888888], [0.0078125, -0.030555555555555555], [-0.009375, 0.008333333333333333], [-0.0546875, -0.022222222222222223], [-0.1453125, -0.022222222222222223], [-0.2375, 0.041666666666666664], [-0.2828125, -0.002777777777777778], [-0.3125, 0.06111111111111111]], "L-Ank": [[0.015625, 0.05277777777777778], [0.0171875, 0.05], [0.015625, 0.05277777777777778], [0.0171875, 0.05277777777777778], [0.0046875, 0.058333333333333334], [-0.0171875, -0.005555555555555556], [-0.0953125, -0.03888888888888889], [-0.2015625, 0.027777777777777776], [-0.2609375, -0.019444444444444445], [-0.309375, 0.06944444444444445]]}