{"Head": [[0.01875, -0.11944444444444445], [0.015625, -0.07777777777777778], [0.015625, -0.07777777777777778], [0.015625, -0.07777777777777778], [0.0171875, -0.07777777777777778], [0.0171875, -0.07777777777777778], [0.015625, -0.075], [-0.0078125, -0.058333333333333334], [-0.175, 0.025], [-0.2, -0.075]], "R-Sho": [[0.0046875, -0.1], [-0.00625, -0.05555555555555555], [-0.00625, -0.05555555555555555], [-0.00625, -0.05555555555555555], [-0.00625, -0.05555555555555555], [-0.00625, -0.05555555555555555], [-0.00625, -0.05277777777777778], [-0.0203125, -0.03611111111111111], [-0.171875, 0.044444444444444446], [-0.2125, -0.05277777777777778]], "R-Elb": [[-0.0078125, -0.05555555555555555], [-0.0078125, -0.013888888888888888], [-0.009375, -0.011111111111111112], [-0.0171875, -0.013888888888888888], [-0.009375, -0.013888888888888888], [-0.009375, -0.013888888888888888], [-0.0171875, -0.011111111111111112], [-0.03125, -0.008333333333333333], [-0.1703125, 0.08333333333333333], [-0.2140625, -0.013888888888888888]], "R-Wr": [[-0.01875, -0.013888888888888888], [-0.0203125, 0.011111111111111112], [-0.0296875, 0.030555555555555555], [-0.021875, 0.027777777777777776], [-0.021875, 0.011111111111111112], [-0.0296875, 0.011111111111111112], [-0.0203125, 0.011111111111111112], [-0.03125, 0.027777777777777776], [-0.1578125, 0.125], [-0.2171875, 0.016666666666666666]], "L-Sho": [[0.0296875, -0.1], [0.028125, -0.05555555555555555], [0.028125, -0.05555555555555555], [0.028125, -0.05555555555555555], [0.0296875, -0.05555555555555555], [0.0296875, -0.05555555555555555], [0.0296875, -0.05277777777777778], [0.0078125, -0.03888888888888889], [-0.153125, 0.030555555555555555], [-0.1859375, -0.05277777777777778]], "L-Elb": [[0.0421875, -0.05555555555555555], [0.040625, -0.013888888888888888], [0.040625, -0.013888888888888888], [0.040625, -0.013888888888888888], [0.040625, -0.013888888888888888], [0.040625, -0.016666666666666666], [0.040625, -0.013888888888888888], [0.0171875, -0.011111111111111112], [-0.1375, 0.04722222222222222], [-0.16875, -0.03611111111111111]], "L-Wr": [[0.053125, -0.013888888888888888], [0.053125, 0.011111111111111112], [0.0546875, 0.027777777777777776], [0.053125, 0.027777777777777776], [0.053125, 0.011111111111111112], [0.053125, 0.011111111111111112], [0.053125, 0.011111111111111112], [0.028125, 0.011111111111111112], [-0.125, 0.07222222222222222], [-0.1625, 0.0]], "R-Hip": [[0.0046875, -0.03333333333333333], [0.003125, 0.008333333333333333], [0.003125, 0.008333333333333333], [0.003125, 0.008333333333333333], [0.0046875, 0.008333333333333333], [0.0046875, 0.008333333333333333], [0.0046875, 0.008333333333333333], [-0.01875, 0.011111111111111112], [-0.1453125, 0.08611111111111111], [-0.1890625, 0.013888888888888888]], "R-Knee": [[-0.0078125, 0.011111111111111112], [-0.01875, 0.03333333333333333], [-0.01875, 0.03333333333333333], [-0.01875, 0.03611111111111111], [-0.01875, 0.03333333333333333], [-0.01875, 0.03333333333333333], [-0.01875, 0.03333333333333333], [-0.01875, 0.05], [-0.153125, 0.11944444444444445], [-0.2078125, 0.06944444444444445]], "R-Ank": [[-0.01875, 0.09166666666666666], [-0.0203125, 0.09722222222222222], [-0.0296875, 0.09722222222222222], [-0.0296875, 0.09722222222222222], [-0.021875, 0.09444444444444444], [-0.0203125, 0.09722222222222222], [-0.01875, 0.09722222222222222], [-0.01875, 0.09722222222222222], [-0.103125, 0.11666666666666667], [-0.2125, 0.13333333333333333]], "L-Hip": [[0.028125, -0.030555555555555555], [0.01875, 0.008333333333333333], [0.01875, 0.008333333333333333], [0.01875, 0.008333333333333333], [0.01875, 0.008333333333333333], [0.01875, 0.008333333333333333], [0.01875, 0.008333333333333333], [0.0046875, 0.008333333333333333], [-0.1328125, 0.07777777777777778], [-0.1671875, 0.030555555555555555]], "L-Knee": [[0.040625, 0.027777777777777776], [0.040625, 0.030555555555555555], [0.0390625, 0.030555555555555555], [0.040625, 0.030555555555555555], [0.040625, 0.030555555555555555], [0.040625, 0.030555555555555555], [0.040625, 0.030555555555555555], [0.01875, 0.03333333333333333], [-0.10625, 0.07777777777777778], [-0.171875, 0.06666666666666667]], "L-Ank": [[0.04375, 0.09444444444444444], [0.04375, 0.09722222222222222], [0.0421875, 0.09722222222222222], [0.04375, 0.09722222222222222], [0.04375, 0.09444444444444444], [0.04375, 0.09444444444444444], [0.04375, 0.09444444444444444], [0.040625, 0.09722222222222222], [-0.0734375, 0.09722222222222222], [-0.153125, 0.11944444444444445]]}