{"Head": [[0.040625, -0.16944444444444445], [0.03125, -0.16666666666666666], [0.0171875, -0.16666666666666666], [0.00625, -0.16111111111111112], [0.00625, -0.14722222222222223], [0.03125, -0.07777777777777778], [0.13125, 0.025], [0.175, 0.041666666666666664], [0.2015625, -0.011111111111111112], [0.159375, -0.09444444444444444]], "R-Sho": [[0.01875, -0.14166666666666666], [0.0171875, -0.14166666666666666], [0.0046875, -0.125], [-0.0078125, -0.11944444444444445], [-0.0078125, -0.12222222222222222], [0.0171875, -0.05555555555555555], [0.1109375, 0.025], [0.1609375, 0.06111111111111111], [0.1890625, -0.011111111111111112], [0.175, -0.07777777777777778]], "R-Elb": [[0.0171875, -0.09722222222222222], [0.015625, -0.09722222222222222], [0.003125, -0.07777777777777778], [-0.01875, -0.075], [-0.0296875, -0.11944444444444445], [0.00625, -0.013888888888888888], [0.0921875, 0.0], [0.1640625, 0.09166666666666666], [0.1890625, 0.03611111111111111], [0.1859375, -0.03333333333333333]], "R-Wr": [[0.0171875, -0.05555555555555555], [0.0171875, -0.075], [0.0046875, -0.05555555555555555], [-0.01875, -0.03611111111111111], [-0.0453125, -0.1], [0.00625, 0.008333333333333333], [0.1078125, 0.005555555555555556], [0.178125, 0.1111111111111111], [0.2015625, 0.075], [0.1875, 0.008333333333333333]], "L-Sho": [[0.053125, -0.14166666666666666], [0.053125, -0.14166666666666666], [0.040625, -0.1388888888888889], [0.028125, -0.11944444444444445], [0.01875, -0.12222222222222222], [0.04375, -0.03611111111111111], [0.1375, 0.05555555555555555], [0.15625, 0.03611111111111111], [0.1640625, -0.011111111111111112], [0.140625, -0.07777777777777778]], "L-Elb": [[0.0640625, -0.09722222222222222], [0.0546875, -0.09722222222222222], [0.0421875, -0.07777777777777778], [0.0296875, -0.07777777777777778], [0.03125, -0.11944444444444445], [0.0546875, -0.011111111111111112], [0.1421875, 0.09444444444444444], [0.153125, 0.06111111111111111], [0.1515625, 0.011111111111111112], [0.128125, -0.03333333333333333]], "L-Wr": [[0.065625, -0.05555555555555555], [0.0546875, -0.05555555555555555], [0.0421875, -0.05277777777777778], [0.0390625, -0.03333333333333333], [0.0640625, -0.09722222222222222], [0.053125, 0.011111111111111112], [0.146875, 0.12222222222222222], [0.165625, 0.09166666666666666], [0.1546875, 0.041666666666666664], [0.1265625, 0.008333333333333333]], "R-Hip": [[0.0296875, -0.05277777777777778], [0.028125, -0.05277777777777778], [0.015625, -0.03611111111111111], [-0.00625, -0.03333333333333333], [-0.00625, -0.03611111111111111], [0.0171875, 0.011111111111111112], [0.0828125, 0.06666666666666667], [0.1203125, 0.09722222222222222], [0.165625, 0.05555555555555555], [0.165625, 0.008333333333333333]], "R-Knee": [[0.028125, 0.013888888888888888], [0.01875, 0.027777777777777776], [0.00625, 0.030555555555555555], [-0.0078125, 0.030555555555555555], [-0.0078125, 0.011111111111111112], [0.0046875, 0.05555555555555555], [0.0453125, 0.06111111111111111], [0.1546875, 0.12222222222222222], [0.2, 0.09444444444444444], [0.1875, 0.075]], "R-Ank": [[0.0171875, 0.09444444444444444], [0.0171875, 0.09444444444444444], [0.0046875, 0.09722222222222222], [-0.0078125, 0.09722222222222222], [-0.009375, 0.075], [-0.0078125, 0.11388888888888889], [0.0125, 0.08888888888888889], [0.1078125, 0.14722222222222223], [0.2, 0.14166666666666666], [0.2, 0.1388888888888889]], "L-Hip": [[0.053125, -0.05277777777777778], [0.04375, -0.05277777777777778], [0.0296875, -0.03611111111111111], [0.01875, -0.03333333333333333], [0.0171875, -0.03611111111111111], [0.0296875, 0.030555555555555555], [0.09375, 0.1], [0.1234375, 0.10277777777777777], [0.1515625, 0.05277777777777778], [0.15, 0.005555555555555556]], "L-Knee": [[0.0546875, 0.013888888888888888], [0.053125, 0.011111111111111112], [0.0421875, 0.030555555555555555], [0.0296875, 0.030555555555555555], [0.028125, 0.011111111111111112], [0.01875, 0.075], [0.0640625, 0.12222222222222222], [0.1546875, 0.125], [0.153125, 0.14444444444444443], [0.1265625, 0.05277777777777778]], "L-Ank": [[0.05625, 0.09444444444444444], [0.0546875, 0.09166666666666666], [0.0421875, 0.09444444444444444], [0.0296875, 0.09722222222222222], [0.0296875, 0.075], [0.00625, 0.11388888888888889], [0.0296875, 0.13055555555555556], [0.1078125, 0.12777777777777777], [0.1109375, 0.14444444444444443], [0.1265625, 0.1388888888888889]]}