{"Head": [[0.090625, -0.18055555555555555], [0.0796875, -0.18333333333333332], [0.0671875, -0.16666666666666666], [0.053125, -0.16666666666666666], [0.0171875, -0.1638888888888889], [0.015625, -0.14166666666666666], [0.00625, -0.1388888888888889], [0.0109375, -0.06388888888888888], [0.090625, 0.030555555555555555], [0.0, 0.0]], "R-Sho": [[0.0671875, -0.14444444444444443], [0.0671875, -0.14444444444444443], [0.0546875, -0.14166666666666666], [0.03125, -0.14166666666666666], [0.0046875, -0.14166666666666666], [-0.0078125, -0.11666666666666667], [-0.0078125, -0.1], [-0.0078125, -0.03611111111111111], [0.0671875, 0.03333333333333333], [0.0, 0.0]], "R-Elb": [[0.065625, -0.10277777777777777], [0.065625, -0.1], [0.053125, -0.09722222222222222], [0.0296875, -0.09722222222222222], [-0.00625, -0.09722222222222222], [-0.0203125, -0.07777777777777778], [-0.0296875, -0.09722222222222222], [-0.01875, 0.005555555555555556], [0.04375, 0.03333333333333333], [0.0, 0.0]], "R-Wr": [[0.0671875, -0.07777777777777778], [0.065625, -0.07777777777777778], [0.0546875, -0.075], [0.0296875, -0.058333333333333334], [0.0046875, -0.05555555555555555], [-0.0296875, -0.03611111111111111], [-0.05, -0.11388888888888889], [-0.0140625, 0.030555555555555555], [0.0296875, 0.011111111111111112], [0.0, 0.0]], "L-Sho": [[0.1015625, -0.14722222222222223], [0.0921875, -0.14444444444444443], [0.0796875, -0.14166666666666666], [0.065625, -0.14166666666666666], [0.03125, -0.14166666666666666], [0.028125, -0.11666666666666667], [0.0125, -0.10833333333333334], [0.028125, -0.03611111111111111], [0.0921875, 0.05277777777777778], [0.0, 0.0]], "L-Elb": [[0.103125, -0.11944444444444445], [0.103125, -0.11666666666666667], [0.090625, -0.1], [0.0671875, -0.1], [0.0421875, -0.09722222222222222], [0.0328125, -0.07777777777777778], [0.04375, -0.1], [0.040625, -0.011111111111111112], [0.1015625, 0.09444444444444444], [0.0, 0.0]], "L-Wr": [[0.103125, -0.07777777777777778], [0.103125, -0.07777777777777778], [0.0890625, -0.058333333333333334], [0.0671875, -0.058333333333333334], [0.0421875, -0.05555555555555555], [0.0296875, -0.05555555555555555], [0.065625, -0.12777777777777777], [0.0421875, 0.030555555555555555], [0.1015625, 0.11944444444444445], [0.0, 0.0]], "R-Hip": [[0.078125, -0.075], [0.078125, -0.075], [0.05625, -0.05555555555555555], [0.0421875, -0.05555555555555555], [0.00625, -0.05555555555555555], [-0.00625, -0.03333333333333333], [-0.009375, -0.011111111111111112], [-0.00625, 0.030555555555555555], [0.065625, 0.1], [0.0, 0.0]], "R-Knee": [[0.0671875, -0.011111111111111112], [0.0671875, -0.011111111111111112], [0.053125, -0.008333333333333333], [0.03125, 0.008333333333333333], [0.0046875, 0.008333333333333333], [-0.0171875, 0.027777777777777776], [-0.0171875, 0.05277777777777778], [-0.0171875, 0.07777777777777778], [0.0421875, 0.11666666666666667], [0.0, 0.0]], "R-Ank": [[0.065625, 0.05277777777777778], [0.065625, 0.05277777777777778], [0.0515625, 0.05277777777777778], [0.0296875, 0.05555555555555555], [-0.00625, 0.075], [-0.01875, 0.07777777777777778], [-0.0203125, 0.11388888888888889], [-0.0375, 0.11944444444444445], [0.0109375, 0.10277777777777777], [0.0, 0.0]], "L-Hip": [[0.0921875, -0.075], [0.090625, -0.075], [0.078125, -0.05555555555555555], [0.0640625, -0.05555555555555555], [0.0296875, -0.05555555555555555], [0.0171875, -0.03333333333333333], [0.0171875, -0.013888888888888888], [0.021875, 0.041666666666666664], [0.078125, 0.11666666666666667], [0.0, 0.0]], "L-Knee": [[0.103125, -0.013888888888888888], [0.09375, -0.013888888888888888], [0.0796875, -0.011111111111111112], [0.06875, -0.011111111111111112], [0.0421875, -0.011111111111111112], [0.0296875, 0.008333333333333333], [0.028125, 0.05555555555555555], [0.0296875, 0.07222222222222222], [0.0671875, 0.14444444444444443], [0.0, 0.0]], "L-Ank": [[0.103125, 0.05], [0.103125, 0.05], [0.090625, 0.05277777777777778], [0.0671875, 0.05277777777777778], [0.0421875, 0.07222222222222222], [0.0296875, 0.07777777777777778], [0.0171875, 0.09722222222222222], [0.0203125, 0.11944444444444445], [0.00625, 0.1638888888888889], [0.0, 0.0]]}