{"Head": [[-0.025, -0.18055555555555555], [-0.03125, -0.1638888888888889], [-0.03125, -0.1638888888888889], [-0.03125, -0.12222222222222222], [-0.178125, -0.025], [-0.2625, 0.06388888888888888], [0.0, 0.0], [0.0, 0.0], [0.0, 0.0], [0.0, 0.0]], "R-Sho": [[-0.04375, -0.14722222222222223], [-0.04375, -0.12222222222222222], [-0.04375, -0.12222222222222222], [-0.0546875, -0.05555555555555555], [-0.18125, 0.027777777777777776], [-0.24375, 0.09722222222222222], [0.0, 0.0], [0.0, 0.0], [0.0, 0.0], [0.0, 0.0]], "R-Elb": [[-0.0546875, -0.1], [-0.0546875, -0.07777777777777778], [-0.0546875, -0.09444444444444444], [-0.04375, -0.011111111111111112], [-0.1828125, 0.07222222222222222], [-0.2296875, 0.10277777777777777], [0.0, 0.0], [0.0, 0.0], [0.0, 0.0], [0.0, 0.0]], "R-Wr": [[-0.05625, -0.075], [-0.05625, -0.05555555555555555], [-0.05625, -0.05555555555555555], [-0.04375, 0.008333333333333333], [-0.178125, 0.10833333333333334], [-0.209375, 0.10277777777777777], [0.0, 0.0], [0.0, 0.0], [0.0, 0.0], [0.0, 0.0]], "L-Sho": [[-0.003125, -0.14722222222222223], [-0.0078125, -0.12222222222222222], [-0.0078125, -0.12222222222222222], [-0.01875, -0.1], [-0.15625, -0.011111111111111112], [-0.2484375, 0.041666666666666664], [0.0, 0.0], [0.0, 0.0], [0.0, 0.0], [0.0, 0.0]], "L-Elb": [[-0.00625, -0.1], [-0.00625, -0.07777777777777778], [-0.00625, -0.08055555555555556], [-0.00625, -0.075], [-0.134375, -0.03611111111111111], [-0.228125, 0.03888888888888889], [0.0, 0.0], [0.0, 0.0], [0.0, 0.0], [0.0, 0.0]], "L-Wr": [[0.003125, -0.058333333333333334], [0.0046875, -0.05555555555555555], [0.0046875, -0.05277777777777778], [-0.00625, -0.03611111111111111], [-0.115625, -0.05555555555555555], [-0.20625, 0.03888888888888889], [0.0, 0.0], [0.0, 0.0], [0.0, 0.0], [0.0, 0.0]], "R-Hip": [[-0.0421875, -0.05555555555555555], [-0.0421875, -0.05277777777777778], [-0.0421875, -0.05555555555555555], [-0.034375, -0.025], [-0.13125, 0.05277777777777778], [-0.21875, 0.08333333333333333], [0.0, 0.0], [0.0, 0.0], [0.0, 0.0], [0.0, 0.0]], "R-Knee": [[-0.04375, 0.011111111111111112], [-0.04375, 0.008333333333333333], [-0.053125, 0.008333333333333333], [-0.0375, 0.025], [-0.1234375, 0.08055555555555556], [-0.225, 0.1111111111111111], [0.0, 0.0], [0.0, 0.0], [0.0, 0.0], [0.0, 0.0]], "R-Ank": [[-0.053125, 0.07777777777777778], [-0.0546875, 0.075], [-0.0546875, 0.075], [-0.021875, 0.08333333333333333], [-0.0953125, 0.075], [-0.175, 0.10555555555555556], [0.0, 0.0], [0.0, 0.0], [0.0, 0.0], [0.0, 0.0]], "L-Hip": [[-0.01875, -0.05555555555555555], [-0.01875, -0.05277777777777778], [-0.01875, -0.05555555555555555], [-0.015625, -0.022222222222222223], [-0.134375, 0.025], [-0.21875, 0.058333333333333334], [0.0, 0.0], [0.0, 0.0], [0.0, 0.0], [0.0, 0.0]], "L-Knee": [[-0.0078125, 0.008333333333333333], [-0.0078125, 0.011111111111111112], [-0.00625, 0.011111111111111112], [-0.0046875, 0.008333333333333333], [-0.103125, 0.016666666666666666], [-0.203125, 0.05], [0.0, 0.0], [0.0, 0.0], [0.0, 0.0], [0.0, 0.0]], "L-Ank": [[-0.00625, 0.07777777777777778], [-0.00625, 0.075], [-0.00625, 0.075], [0.0046875, 0.07222222222222222], [-0.0734375, -0.013888888888888888], [-0.1703125, 0.05], [0.0, 0.0], [0.0, 0.0], [0.0, 0.0], [0.0, 0.0]]}