{"Head": [[-0.034375, -0.07777777777777778], [-0.04375, -0.1], [-0.04375, -0.1], [-0.04375, -0.08055555555555556], [-0.04375, -0.08055555555555556], [-0.046875, -0.008333333333333333], [-0.0921875, 0.016666666666666666], [-0.14375, 0.008333333333333333], [-0.20625, 0.05555555555555555], [-0.25625, 0.15833333333333333]], "R-Sho": [[-0.05625, -0.05555555555555555], [-0.0578125, -0.05555555555555555], [-0.0578125, -0.05555555555555555], [-0.05625, -0.05277777777777778], [-0.065625, -0.05555555555555555], [-0.0609375, 0.013888888888888888], [-0.1109375, 0.06111111111111111], [-0.1484375, 0.05], [-0.1984375, 0.10833333333333334], [-0.25, 0.14166666666666666]], "R-Elb": [[-0.0671875, -0.011111111111111112], [-0.06875, -0.011111111111111112], [-0.0671875, -0.011111111111111112], [-0.0671875, -0.011111111111111112], [-0.06875, -0.011111111111111112], [-0.084375, 0.044444444444444446], [-0.146875, 0.030555555555555555], [-0.178125, 0.008333333333333333], [-0.2125, 0.16111111111111112], [-0.2484375, 0.17777777777777778]], "R-Wr": [[-0.06875, 0.030555555555555555], [-0.078125, 0.030555555555555555], [-0.078125, 0.030555555555555555], [-0.06875, 0.030555555555555555], [-0.06875, 0.030555555555555555], [-0.1, 0.06666666666666667], [-0.1671875, 0.005555555555555556], [-0.2078125, -0.03333333333333333], [-0.24375, 0.16111111111111112], [-0.275, 0.19444444444444445]], "L-Sho": [[-0.0203125, -0.05555555555555555], [-0.0203125, -0.05555555555555555], [-0.0203125, -0.05555555555555555], [-0.0203125, -0.03333333333333333], [-0.03125, -0.03611111111111111], [-0.03125, 0.008333333333333333], [-0.06875, 0.03333333333333333], [-0.121875, 0.005555555555555556], [-0.1703125, 0.041666666666666664], [-0.234375, 0.13055555555555556]], "L-Elb": [[-0.0171875, -0.011111111111111112], [-0.0171875, -0.011111111111111112], [-0.01875, -0.008333333333333333], [-0.01875, 0.008333333333333333], [-0.01875, -0.011111111111111112], [-0.0203125, 0.05], [-0.0703125, -0.019444444444444445], [-0.1296875, -0.041666666666666664], [-0.165625, 0.09444444444444444], [-0.2265625, 0.16111111111111112]], "L-Wr": [[-0.0078125, 0.030555555555555555], [-0.0078125, 0.030555555555555555], [-0.009375, 0.03333333333333333], [-0.0078125, 0.05], [-0.00625, 0.03333333333333333], [-0.01875, 0.075], [-0.0859375, -0.04722222222222222], [-0.14375, -0.10555555555555556], [-0.178125, 0.12222222222222222], [-0.24375, 0.19166666666666668]], "R-Hip": [[-0.0546875, 0.030555555555555555], [-0.0546875, 0.030555555555555555], [-0.0546875, 0.030555555555555555], [-0.0546875, 0.03888888888888889], [-0.05625, 0.03333333333333333], [-0.05625, 0.08888888888888889], [-0.075, 0.1], [-0.1234375, 0.1111111111111111], [-0.1578125, 0.14444444444444443], [-0.2109375, 0.17222222222222222]], "R-Knee": [[-0.0546875, 0.09722222222222222], [-0.0546875, 0.09722222222222222], [-0.0546875, 0.09722222222222222], [-0.0765625, 0.11388888888888889], [-0.0875, 0.10555555555555556], [-0.0765625, 0.13055555555555556], [-0.0703125, 0.15833333333333333], [-0.1234375, 0.1527777777777778], [-0.1375, 0.19166666666666668], [-0.1859375, 0.19166666666666668]], "R-Ank": [[-0.0421875, 0.18333333333333332], [-0.04375, 0.18055555555555555], [-0.04375, 0.18333333333333332], [-0.0765625, 0.19166666666666668], [-0.0984375, 0.16944444444444445], [-0.090625, 0.17222222222222222], [-0.0765625, 0.19444444444444445], [-0.13125, 0.20555555555555555], [-0.121875, 0.2388888888888889], [-0.1578125, 0.18888888888888888]], "L-Hip": [[-0.03125, 0.030555555555555555], [-0.03125, 0.030555555555555555], [-0.03125, 0.030555555555555555], [-0.03125, 0.058333333333333334], [-0.025, 0.044444444444444446], [-0.0296875, 0.09444444444444444], [-0.0453125, 0.08888888888888889], [-0.1078125, 0.08611111111111111], [-0.140625, 0.1388888888888889], [-0.20625, 0.14444444444444443]], "L-Knee": [[-0.01875, 0.09722222222222222], [-0.01875, 0.09722222222222222], [-0.01875, 0.09722222222222222], [-0.01875, 0.1], [-0.01875, 0.09722222222222222], [-0.01875, 0.11666666666666667], [-0.021875, 0.11666666666666667], [-0.084375, 0.14444444444444443], [-0.103125, 0.17777777777777778], [-0.1796875, 0.1638888888888889]], "L-Ank": [[-0.00625, 0.1638888888888889], [-0.01875, 0.1638888888888889], [-0.0171875, 0.1638888888888889], [-0.0078125, 0.18055555555555555], [-0.0078125, 0.16111111111111112], [-0.00625, 0.18055555555555555], [-0.00625, 0.16111111111111112], [-0.06875, 0.21388888888888888], [-0.0875, 0.2111111111111111], [-0.1421875, 0.15833333333333333]]}