{"Head": [[-0.009375, -0.16944444444444445], [-0.0109375, -0.15], [-0.009375, -0.15833333333333333], [-0.0109375, -0.1527777777777778], [-0.01875, -0.1638888888888889], [-0.01875, -0.16111111111111112], [-0.03125, -0.07777777777777778], [-0.0984375, -0.05277777777777778], [-0.190625, -0.030555555555555555], [-0.271875, 0.06388888888888888]], "R-Sho": [[-0.028125, -0.13333333333333333], [-0.0328125, -0.12777777777777777], [-0.03125, -0.1388888888888889], [-0.0328125, -0.11944444444444445], [-0.034375, -0.10277777777777777], [-0.0328125, -0.11944444444444445], [-0.04375, -0.05555555555555555], [-0.1046875, -0.013888888888888888], [-0.2, 0.008333333333333333], [-0.28125, 0.1]], "R-Elb": [[-0.0421875, -0.07777777777777778], [-0.0421875, -0.07777777777777778], [-0.0421875, -0.07777777777777778], [-0.0421875, -0.07777777777777778], [-0.04375, -0.07222222222222222], [-0.04375, -0.075], [-0.04375, -0.011111111111111112], [-0.1046875, 0.011111111111111112], [-0.2265625, 0.05277777777777778], [-0.2671875, 0.12777777777777777]], "R-Wr": [[-0.04375, -0.005555555555555556], [-0.0421875, -0.03611111111111111], [-0.0421875, -0.03611111111111111], [-0.04375, -0.03333333333333333], [-0.04375, -0.03333333333333333], [-0.04375, -0.03333333333333333], [-0.0421875, 0.011111111111111112], [-0.0796875, 0.03333333333333333], [-0.2484375, 0.07777777777777778], [-0.2578125, 0.15555555555555556]], "L-Sho": [[0.0109375, -0.11944444444444445], [0.0046875, -0.14166666666666666], [0.0046875, -0.1388888888888889], [0.0046875, -0.12222222222222222], [0.0046875, -0.11944444444444445], [0.003125, -0.11944444444444445], [-0.0171875, -0.05555555555555555], [-0.0796875, -0.03333333333333333], [-0.1546875, -0.013888888888888888], [-0.2515625, 0.06944444444444445]], "L-Elb": [[0.0171875, -0.07777777777777778], [0.015625, -0.08055555555555556], [0.015625, -0.07777777777777778], [0.00625, -0.07777777777777778], [0.0078125, -0.075], [0.00625, -0.058333333333333334], [-0.0171875, -0.011111111111111112], [-0.0484375, 0.0], [-0.1296875, -0.011111111111111112], [-0.2234375, 0.08611111111111111]], "L-Wr": [[0.0171875, -0.03333333333333333], [0.015625, -0.03611111111111111], [0.0171875, -0.03333333333333333], [0.0171875, -0.03333333333333333], [0.0171875, -0.030555555555555555], [0.015625, -0.013888888888888888], [-0.021875, 0.022222222222222223], [-0.0484375, 0.03333333333333333], [-0.10625, 0.005555555555555556], [-0.1875, 0.04722222222222222]], "R-Hip": [[-0.0296875, -0.03333333333333333], [-0.0296875, -0.03333333333333333], [-0.0296875, -0.03611111111111111], [-0.03125, -0.03333333333333333], [-0.03125, -0.030555555555555555], [-0.03125, -0.03333333333333333], [-0.0328125, 0.011111111111111112], [-0.0625, 0.041666666666666664], [-0.140625, 0.06111111111111111], [-0.2203125, 0.12777777777777777]], "R-Knee": [[-0.03125, 0.05277777777777778], [-0.03125, 0.05277777777777778], [-0.03125, 0.05], [-0.0328125, 0.05], [-0.0328125, 0.05277777777777778], [-0.0328125, 0.05], [-0.04375, 0.05277777777777778], [-0.0671875, 0.08055555555555556], [-0.0921875, 0.09444444444444444], [-0.1734375, 0.125]], "R-Ank": [[-0.03125, 0.1388888888888889], [-0.03125, 0.1361111111111111], [-0.0421875, 0.12222222222222222], [-0.0328125, 0.11944444444444445], [-0.0328125, 0.1361111111111111], [-0.040625, 0.11944444444444445], [-0.03125, 0.11666666666666667], [-0.0453125, 0.125], [-0.05625, 0.11944444444444445], [-0.121875, 0.12222222222222222]], "L-Hip": [[0.0, -0.016666666666666666], [-0.00625, -0.03333333333333333], [-0.0046875, -0.03611111111111111], [-0.00625, -0.03333333333333333], [-0.00625, -0.030555555555555555], [-0.00625, -0.030555555555555555], [-0.01875, 0.011111111111111112], [-0.046875, 0.027777777777777776], [-0.1375, 0.030555555555555555], [-0.221875, 0.10277777777777777]], "L-Knee": [[0.0046875, 0.05277777777777778], [0.0046875, 0.05277777777777778], [0.00625, 0.05], [0.00625, 0.05], [0.0046875, 0.05277777777777778], [0.0046875, 0.05277777777777778], [0.0046875, 0.030555555555555555], [-0.01875, 0.06388888888888888], [-0.09375, 0.016666666666666666], [-0.1765625, 0.08333333333333333]], "L-Ank": [[0.0046875, 0.1388888888888889], [0.00625, 0.1361111111111111], [0.00625, 0.12222222222222222], [0.00625, 0.11944444444444445], [0.00625, 0.1388888888888889], [0.00625, 0.12222222222222222], [0.0171875, 0.09722222222222222], [0.0125, 0.09166666666666666], [-0.0640625, 0.030555555555555555], [-0.1453125, 0.044444444444444446]]}