{"Head": [[-0.019230769230769232, -0.11944444444444445], [-0.019230769230769232, -0.12222222222222222], [-0.019230769230769232, -0.12222222222222222], [-0.019230769230769232, -0.11944444444444445], [-0.008012820512820512, -0.058333333333333334], [0.0673076923076923, -0.05555555555555555], [0.16666666666666666, -0.03333333333333333], [0.28044871794871795, 0.05277777777777778], [0.33974358974358976, 0.04722222222222222], [0.28846153846153844, 0.019444444444444445]], "R-Sho": [[-0.030448717948717948, -0.09722222222222222], [-0.020833333333333332, -0.1], [-0.03205128205128205, -0.1], [-0.03205128205128205, -0.09722222222222222], [-0.020833333333333332, -0.05277777777777778], [0.04326923076923077, -0.03333333333333333], [0.15064102564102563, 0.005555555555555556], [0.2708333333333333, 0.075], [0.3189102564102564, 0.04722222222222222], [0.25961538461538464, 0.027777777777777776]], "R-Elb": [[-0.03205128205128205, -0.075], [-0.030448717948717948, -0.07222222222222222], [-0.03365384615384615, -0.075], [-0.03205128205128205, -0.058333333333333334], [-0.03205128205128205, -0.016666666666666666], [0.019230769230769232, 0.011111111111111112], [0.1266025641025641, -0.005555555555555556], [0.2419871794871795, 0.07222222222222222], [0.3189102564102564, 0.04722222222222222], [0.24358974358974358, 0.03888888888888889]], "R-Wr": [[-0.030448717948717948, -0.05277777777777778], [-0.019230769230769232, -0.03888888888888889], [-0.03205128205128205, -0.05277777777777778], [-0.030448717948717948, -0.05555555555555555], [-0.04326923076923077, 0.011111111111111112], [0.017628205128205128, 0.05], [0.11378205128205128, -0.03333333333333333], [0.23397435897435898, 0.030555555555555555], [0.30288461538461536, 0.04722222222222222], [0.2387820512820513, 0.022222222222222223]], "L-Sho": [[-0.008012820512820512, -0.1], [-0.00641025641025641, -0.1], [-0.00641025641025641, -0.10277777777777777], [-0.00641025641025641, -0.1], [0.004807692307692308, -0.05277777777777778], [0.08012820512820513, -0.011111111111111112], [0.16987179487179488, 0.019444444444444445], [0.28044871794871795, 0.09444444444444444], [0.3269230769230769, 0.06388888888888888], [0.26282051282051283, 0.06944444444444445]], "L-Elb": [[-0.004807692307692308, -0.07777777777777778], [0.004807692307692308, -0.07777777777777778], [0.004807692307692308, -0.07777777777777778], [0.008012820512820512, -0.07777777777777778], [0.016025641025641024, -0.03333333333333333], [0.09294871794871795, 0.011111111111111112], [0.1794871794871795, 0.05], [0.27884615384615385, 0.11666666666666667], [0.3269230769230769, 0.07777777777777778], [0.2532051282051282, 0.08055555555555556]], "L-Wr": [[-0.00641025641025641, -0.05555555555555555], [-0.00641025641025641, -0.05555555555555555], [-0.004807692307692308, -0.05555555555555555], [0.003205128205128205, -0.07777777777777778], [0.004807692307692308, -0.030555555555555555], [0.07852564102564102, 0.05277777777777778], [0.1971153846153846, 0.06944444444444445], [0.2483974358974359, 0.12777777777777777], [0.3108974358974359, 0.09444444444444444], [0.23557692307692307, 0.08055555555555556]], "R-Hip": [[-0.019230769230769232, -0.03611111111111111], [-0.019230769230769232, -0.03611111111111111], [-0.030448717948717948, -0.03611111111111111], [-0.020833333333333332, -0.03333333333333333], [-0.020833333333333332, 0.008333333333333333], [0.03365384615384615, 0.016666666666666666], [0.10096153846153846, 0.044444444444444446], [0.21634615384615385, 0.08888888888888889], [0.27403846153846156, 0.06944444444444445], [0.20993589743589744, 0.03333333333333333]], "R-Knee": [[-0.030448717948717948, 0.011111111111111112], [-0.020833333333333332, 0.011111111111111112], [-0.03205128205128205, 0.011111111111111112], [-0.03365384615384615, 0.011111111111111112], [-0.04326923076923077, 0.03333333333333333], [-0.01282051282051282, 0.03888888888888889], [0.0641025641025641, 0.03611111111111111], [0.19391025641025642, 0.08611111111111111], [0.24358974358974358, 0.06111111111111111], [0.1762820512820513, 0.019444444444444445]], "R-Ank": [[-0.03205128205128205, 0.075], [-0.03205128205128205, 0.07222222222222222], [-0.03205128205128205, 0.075], [-0.04487179487179487, 0.075], [-0.057692307692307696, 0.075], [-0.049679487179487176, 0.05555555555555555], [0.017628205128205128, 0.03333333333333333], [0.15865384615384615, 0.08611111111111111], [0.19230769230769232, 0.03888888888888889], [0.125, 0.008333333333333333]], "L-Hip": [[-0.008012820512820512, -0.03611111111111111], [-0.008012820512820512, -0.03611111111111111], [-0.00641025641025641, -0.03611111111111111], [-0.00641025641025641, -0.03333333333333333], [-0.00641025641025641, 0.008333333333333333], [0.05128205128205128, 0.030555555555555555], [0.11538461538461539, 0.08055555555555556], [0.21634615384615385, 0.12222222222222222], [0.28044871794871795, 0.11388888888888889], [0.20512820512820512, 0.016666666666666666]], "L-Knee": [[-0.00641025641025641, 0.008333333333333333], [-0.004807692307692308, 0.011111111111111112], [-0.004807692307692308, 0.011111111111111112], [0.004807692307692308, 0.011111111111111112], [0.004807692307692308, 0.030555555555555555], [0.027243589743589744, 0.075], [0.07051282051282051, 0.10555555555555556], [0.1907051282051282, 0.12222222222222222], [0.22596153846153846, 0.08888888888888889], [0.17467948717948717, 0.016666666666666666]], "L-Ank": [[0.004807692307692308, 0.05555555555555555], [0.004807692307692308, 0.05555555555555555], [0.004807692307692308, 0.07222222222222222], [0.004807692307692308, 0.07222222222222222], [-0.008012820512820512, 0.075], [-0.020833333333333332, 0.11388888888888889], [0.016025641025641024, 0.12222222222222222], [0.16506410256410256, 0.12222222222222222], [0.1891025641025641, 0.08611111111111111], [0.1266025641025641, 0.002777777777777778]]}