{"Head": [[-0.0078125, -0.025], [-0.009375, -0.025], [-0.00625, -0.014583333333333334], [-0.025, -0.004166666666666667], [-0.053125, 0.0020833333333333333], [-0.09375, 0.004166666666666667], [-0.1203125, 0.01875], [-0.1390625, 0.027083333333333334], [-0.14375, 0.05], [-0.165625, 0.06666666666666667]], "R-Sho": [[-0.0234375, -0.014583333333333334], [-0.0234375, -0.004166666666666667], [-0.0203125, 0.00625], [-0.03125, 0.014583333333333334], [-0.046875, 0.01875], [-0.0859375, 0.01875], [-0.1140625, 0.03333333333333333], [-0.1359375, 0.041666666666666664], [-0.14375, 0.07291666666666667], [-0.165625, 0.07916666666666666]], "R-Elb": [[-0.028125, -0.00625], [-0.028125, 0.0020833333333333333], [-0.0203125, 0.00625], [-0.0375, 0.022916666666666665], [-0.05625, 0.035416666666666666], [-0.1, 0.022916666666666665], [-0.1328125, 0.03125], [-0.1453125, 0.058333333333333334], [-0.1578125, 0.07916666666666666], [-0.171875, 0.08541666666666667]], "R-Wr": [[-0.0296875, 0.00625], [-0.034375, 0.00625], [-0.0296875, 0.025], [-0.046875, 0.029166666666666667], [-0.059375, 0.04583333333333333], [-0.1109375, 0.020833333333333332], [-0.1578125, 0.027083333333333334], [-0.1515625, 0.0625], [-0.1765625, 0.08125], [-0.18125, 0.0875]], "L-Sho": [[-0.0015625, -0.014583333333333334], [-0.00625, -0.0125], [-0.0078125, -0.0020833333333333333], [-0.015625, 0.0125], [-0.0390625, 0.004166666666666667], [-0.078125, 0.0020833333333333333], [-0.10625, 0.00625], [-0.121875, 0.027083333333333334], [-0.128125, 0.04583333333333333], [-0.153125, 0.06041666666666667]], "L-Elb": [[0.0046875, -0.010416666666666666], [0.003125, -0.0020833333333333333], [0.0, 0.004166666666666667], [-0.0046875, 0.025], [-0.046875, 0.0125], [-0.08125, -0.016666666666666666], [-0.1, -0.025], [-0.1109375, 0.016666666666666666], [-0.1296875, 0.022916666666666665], [-0.153125, 0.04375]], "L-Wr": [[0.0078125, 0.0], [0.0125, 0.00625], [0.0046875, 0.0125], [-0.0234375, 0.025], [-0.05, 0.01875], [-0.090625, -0.020833333333333332], [-0.0984375, -0.05], [-0.0984375, 0.0], [-0.1375, -0.0020833333333333333], [-0.159375, 0.029166666666666667]], "R-Hip": [[-0.01875, 0.0125], [-0.01875, 0.014583333333333334], [-0.0078125, 0.020833333333333332], [-0.025, 0.0375], [-0.0390625, 0.029166666666666667], [-0.06875, 0.025], [-0.1046875, 0.03125], [-0.115625, 0.052083333333333336], [-0.1171875, 0.0625], [-0.1484375, 0.07291666666666667]], "R-Knee": [[-0.015625, 0.029166666666666667], [-0.01875, 0.03333333333333333], [-0.01875, 0.04375], [-0.0171875, 0.05625], [-0.0359375, 0.03958333333333333], [-0.040625, 0.05416666666666667], [-0.090625, 0.0375], [-0.0953125, 0.05416666666666667], [-0.096875, 0.06458333333333334], [-0.125, 0.07708333333333334]], "R-Ank": [[-0.01875, 0.05416666666666667], [-0.01875, 0.05], [-0.0171875, 0.06041666666666667], [-0.0140625, 0.06458333333333334], [-0.021875, 0.06041666666666667], [-0.021875, 0.06875], [-0.0390625, 0.04583333333333333], [-0.0578125, 0.04375], [-0.0671875, 0.06458333333333334], [-0.1, 0.08125]], "L-Hip": [[-0.0015625, 0.008333333333333333], [-0.0078125, 0.014583333333333334], [0.003125, 0.020833333333333332], [-0.0125, 0.03333333333333333], [-0.03125, 0.025], [-0.0609375, 0.0125], [-0.096875, 0.01875], [-0.1109375, 0.029166666666666667], [-0.1140625, 0.03333333333333333], [-0.1421875, 0.05416666666666667]], "L-Knee": [[0.003125, 0.027083333333333334], [-0.003125, 0.03333333333333333], [0.00625, 0.03958333333333333], [0.0, 0.04375], [-0.021875, 0.03333333333333333], [-0.0453125, 0.020833333333333332], [-0.075, 0.022916666666666665], [-0.090625, 0.03125], [-0.090625, 0.035416666666666666], [-0.1265625, 0.05625]], "L-Ank": [[0.0046875, 0.058333333333333334], [0.003125, 0.05416666666666667], [0.0125, 0.06666666666666667], [0.0125, 0.0625], [-0.0015625, 0.04583333333333333], [-0.0078125, 0.03958333333333333], [-0.0375, 0.027083333333333334], [-0.053125, 0.020833333333333332], [-0.0671875, 0.03333333333333333], [-0.1046875, 0.0625]]}