{"Head": [[-0.09140625, -0.09722222222222222], [-0.05390625, -0.03333333333333333], [-0.00703125, -0.0125], [0.00625, 0.011111111111111112], [0.0171875, -0.11944444444444445], [0.0171875, -0.11944444444444445], [-0.00703125, -0.09861111111111111], [-0.04375, -0.1], [-0.1015625, -0.08055555555555556], [-0.11484375, -0.04722222222222222]], "R-Sho": [[-0.3234375, 0.09861111111111111], [-0.26171875, 0.1625], [-0.26328125, 0.11944444444444445], [-0.22578125, 0.09583333333333334], [0.00546875, -0.09861111111111111], [-0.00625, -0.07777777777777778], [-0.01953125, -0.0763888888888889], [-0.05546875, -0.05555555555555555], [-0.09765625, -0.0375], [-0.11015625, -0.009722222222222222]], "R-Elb": [[-0.115625, 0.4013888888888889], [-0.04296875, 0.4444444444444444], [-0.50078125, -0.5013888888888889], [0.0421875, 0.4027777777777778], [-0.00703125, -0.05694444444444444], [-0.00703125, -0.03333333333333333], [-0.03046875, -0.03333333333333333], [-0.05390625, -0.025], [-0.11171875, -0.019444444444444445], [-0.13515625, 0.008333333333333333]], "R-Wr": [[-0.05546875, 0.09583333333333334], [-0.00703125, 0.14166666666666666], [0.0421875, 0.11944444444444445], [-0.50078125, -0.5013888888888889], [-0.00625, -0.03194444444444444], [0.00625, -0.011111111111111112], [-0.01875, -0.009722222222222222], [-0.0578125, 0.005555555555555556], [-0.13359375, -0.0125], [-0.17578125, 0.016666666666666666]], "L-Sho": [[-0.1890625, 0.09861111111111111], [-0.17734375, 0.1638888888888889], [-0.0671875, 0.14305555555555555], [-0.01875, 0.11805555555555555], [0.04140625, -0.1], [0.0296875, -0.09861111111111111], [0.00625, -0.07777777777777778], [-0.03125, -0.07777777777777778], [-0.0796875, -0.1111111111111111], [-0.0984375, -0.04722222222222222]], "L-Elb": [[-0.50078125, -0.5013888888888889], [-0.50078125, -0.5013888888888889], [-0.50078125, -0.5013888888888889], [-0.50078125, -0.5013888888888889], [0.0546875, -0.075], [0.0421875, -0.05555555555555555], [0.01796875, -0.03333333333333333], [-0.0140625, -0.03888888888888889], [-0.09609375, -0.11388888888888889], [-0.11640625, -0.10416666666666667]], "L-Wr": [[-0.50078125, -0.5013888888888889], [-0.50078125, -0.5013888888888889], [0.04140625, 0.1388888888888889], [0.09140625, 0.09722222222222222], [0.05390625, -0.0125], [0.0421875, -0.011111111111111112], [0.0171875, 0.009722222222222222], [-0.01484375, -0.005555555555555556], [-0.121875, -0.12777777777777777], [-0.1390625, -0.13194444444444445]], "R-Hip": [[-0.50078125, -0.5013888888888889], [-0.50078125, -0.5013888888888889], [-0.50078125, -0.5013888888888889], [-0.50078125, -0.5013888888888889], [0.00625, -0.034722222222222224], [0.00546875, -0.0125], [-0.00703125, -0.009722222222222222], [-0.0296875, 0.009722222222222222], [-0.05546875, 0.009722222222222222], [-0.05546875, 0.027777777777777776]], "R-Knee": [[-0.50078125, -0.5013888888888889], [-0.50078125, -0.5013888888888889], [-0.50078125, -0.5013888888888889], [-0.50078125, -0.5013888888888889], [-0.00625, 0.008333333333333333], [-0.01796875, -0.009722222222222222], [-0.0296875, 0.011111111111111112], [-0.01796875, 0.05277777777777778], [-0.01875, 0.03333333333333333], [0.0015625, 0.06527777777777778]], "R-Ank": [[-0.50078125, -0.5013888888888889], [-0.50078125, -0.5013888888888889], [-0.50078125, -0.5013888888888889], [-0.50078125, -0.5013888888888889], [-0.00703125, 0.05416666666666667], [-0.00625, 0.05416666666666667], [0.00625, 0.05416666666666667], [0.01796875, 0.0763888888888889], [0.0171875, 0.075], [0.04765625, 0.09166666666666666]], "L-Hip": [[-0.50078125, -0.5013888888888889], [-0.50078125, -0.5013888888888889], [-0.50078125, -0.5013888888888889], [-0.50078125, -0.5013888888888889], [0.03046875, -0.034722222222222224], [0.0296875, -0.013888888888888888], [0.01640625, -0.011111111111111112], [-0.00625, -0.011111111111111112], [-0.04296875, -0.0125], [-0.04140625, -0.001388888888888889]], "L-Knee": [[-0.50078125, -0.5013888888888889], [-0.50078125, -0.5013888888888889], [-0.50078125, -0.5013888888888889], [-0.50078125, -0.5013888888888889], [0.04296875, -0.011111111111111112], [0.04296875, 0.009722222222222222], [0.03125, 0.030555555555555555], [0.01796875, 0.030555555555555555], [-0.00625, 0.009722222222222222], [0.0046875, 0.027777777777777776]], "L-Ank": [[-0.50078125, -0.5013888888888889], [-0.50078125, -0.5013888888888889], [-0.50078125, -0.5013888888888889], [-0.50078125, -0.5013888888888889], [0.0421875, 0.05416666666666667], [0.06640625, 0.05555555555555555], [0.0421875, 0.05277777777777778], [0.0578125, 0.07222222222222222], [0.0421875, 0.05416666666666667], [0.034375, 0.03333333333333333]]}