{"Head": [[0.028846153846153848, -0.14166666666666666], [0.019230769230769232, -0.14166666666666666], [0.016025641025641024, -0.12222222222222222], [-0.00641025641025641, -0.12222222222222222], [-0.05608974358974359, -0.11666666666666667], [-0.17147435897435898, -0.05555555555555555], [-0.3060897435897436, 0.011111111111111112], [-0.3269230769230769, 0.025], [-0.28205128205128205, -0.03333333333333333], [-0.20673076923076922, -0.1388888888888889]], "R-Sho": [[0.016025641025641024, -0.11944444444444445], [0.00641025641025641, -0.11944444444444445], [-0.004807692307692308, -0.1], [-0.020833333333333332, -0.1], [-0.06891025641025642, -0.07777777777777778], [-0.1891025641025641, -0.008333333333333333], [-0.30448717948717946, 0.05277777777777778], [-0.29967948717948717, 0.05], [-0.25801282051282054, -0.030555555555555555], [-0.20833333333333334, -0.1]], "R-Elb": [[0.004807692307692308, -0.07777777777777778], [0.004807692307692308, -0.07777777777777778], [-0.008012820512820512, -0.05555555555555555], [-0.03205128205128205, -0.05555555555555555], [-0.0673076923076923, -0.03611111111111111], [-0.21474358974358973, 0.016666666666666666], [-0.296474358974359, 0.07777777777777778], [-0.2980769230769231, 0.075], [-0.2564102564102564, 0.0], [-0.21794871794871795, -0.075]], "R-Wr": [[0.008012820512820512, -0.05555555555555555], [0.017628205128205128, -0.05555555555555555], [0.004807692307692308, -0.05277777777777778], [-0.019230769230769232, -0.03333333333333333], [-0.052884615384615384, -0.011111111111111112], [-0.22435897435897437, 0.05555555555555555], [-0.2948717948717949, 0.09444444444444444], [-0.3125, 0.07777777777777778], [-0.2644230769230769, 0.027777777777777776], [-0.21955128205128205, -0.03611111111111111]], "L-Sho": [[0.04326923076923077, -0.12222222222222222], [0.041666666666666664, -0.11944444444444445], [0.030448717948717948, -0.10277777777777777], [0.016025641025641024, -0.1], [-0.035256410256410256, -0.06944444444444445], [-0.16346153846153846, -0.05], [-0.28205128205128205, 0.013888888888888888], [-0.2916666666666667, -0.016666666666666666], [-0.2419871794871795, -0.03611111111111111], [-0.18269230769230768, -0.11944444444444445]], "L-Elb": [[0.05448717948717949, -0.08055555555555556], [0.04326923076923077, -0.08055555555555556], [0.04006410256410257, -0.07777777777777778], [0.030448717948717948, -0.07777777777777778], [-0.019230769230769232, -0.05], [-0.14262820512820512, -0.03611111111111111], [-0.25961538461538464, 0.030555555555555555], [-0.2516025641025641, -0.011111111111111112], [-0.2387820512820513, -0.022222222222222223], [-0.16987179487179488, -0.08055555555555556]], "L-Wr": [[0.05448717948717949, -0.05555555555555555], [0.041666666666666664, -0.05555555555555555], [0.030448717948717948, -0.03611111111111111], [0.030448717948717948, -0.03611111111111111], [-0.014423076923076924, -0.030555555555555555], [-0.13141025641025642, -0.075], [-0.2708333333333333, 0.07222222222222222], [-0.2403846153846154, 0.013888888888888888], [-0.24358974358974358, 0.011111111111111112], [-0.16826923076923078, -0.05277777777777778]], "R-Hip": [[0.017628205128205128, -0.05555555555555555], [0.017628205128205128, -0.05555555555555555], [0.004807692307692308, -0.03611111111111111], [-0.017628205128205128, -0.03333333333333333], [-0.03365384615384615, -0.002777777777777778], [-0.1330128205128205, 0.05], [-0.2564102564102564, 0.075], [-0.2516025641025641, 0.06388888888888888], [-0.23557692307692307, 0.03333333333333333], [-0.1971153846153846, -0.03611111111111111]], "R-Knee": [[0.004807692307692308, -0.013888888888888888], [0.004807692307692308, -0.013888888888888888], [-0.008012820512820512, -0.011111111111111112], [-0.03205128205128205, -0.011111111111111112], [-0.03685897435897436, 0.04722222222222222], [-0.10256410256410256, 0.06666666666666667], [-0.2467948717948718, 0.09444444444444444], [-0.27564102564102566, 0.08333333333333333], [-0.2403846153846154, 0.08055555555555556], [-0.23076923076923078, 0.008333333333333333]], "R-Ank": [[-0.00641025641025641, 0.03333333333333333], [-0.00641025641025641, 0.03333333333333333], [-0.019230769230769232, 0.05], [-0.03205128205128205, 0.05277777777777778], [-0.008012820512820512, 0.075], [-0.05128205128205128, 0.06944444444444445], [-0.1971153846153846, 0.10277777777777777], [-0.23557692307692307, 0.08888888888888889], [-0.2708333333333333, 0.09166666666666666], [-0.23237179487179488, 0.075]], "L-Hip": [[0.041666666666666664, -0.05555555555555555], [0.03205128205128205, -0.05555555555555555], [0.019230769230769232, -0.03611111111111111], [0.00641025641025641, -0.03333333333333333], [-0.02403846153846154, -0.019444444444444445], [-0.1233974358974359, 0.011111111111111112], [-0.23397435897435898, 0.027777777777777776], [-0.2483974358974359, 0.03333333333333333], [-0.21474358974358973, 0.044444444444444446], [-0.18269230769230768, -0.03611111111111111]], "L-Knee": [[0.04326923076923077, -0.013888888888888888], [0.04326923076923077, -0.013888888888888888], [0.030448717948717948, -0.011111111111111112], [0.030448717948717948, -0.013888888888888888], [0.004807692307692308, 0.013888888888888888], [-0.08493589743589744, 0.027777777777777776], [-0.20673076923076922, 0.044444444444444446], [-0.21634615384615385, 0.06944444444444445], [-0.21474358974358973, 0.07777777777777778], [-0.17147435897435898, 0.008333333333333333]], "L-Ank": [[0.05448717948717949, 0.030555555555555555], [0.04326923076923077, 0.030555555555555555], [0.04006410256410257, 0.05277777777777778], [0.030448717948717948, 0.05277777777777778], [0.046474358974358976, 0.09166666666666666], [-0.06570512820512821, 0.041666666666666664], [-0.16666666666666666, 0.08333333333333333], [-0.16987179487179488, 0.07777777777777778], [-0.2467948717948718, 0.10555555555555556], [-0.16987179487179488, 0.05555555555555555]]}