{"Head": [[0.17890625, -0.05416666666666667], [0.171875, -0.03888888888888889], [0.17421875, -0.011111111111111112], [0.19765625, 0.009722222222222222], [-0.01953125, -0.08333333333333333], [-0.01953125, -0.08888888888888889], [-0.01015625, -0.08333333333333333], [0.01328125, -0.075], [0.028125, -0.07361111111111111], [0.05, -0.06666666666666667]], "R-Sho": [[0.175, -0.03333333333333333], [0.1703125, -0.030555555555555555], [0.16875, -0.001388888888888889], [0.18984375, 0.0125], [-0.02890625, -0.08194444444444444], [-0.02578125, -0.06666666666666667], [-0.015625, -0.06527777777777778], [0.0078125, -0.06527777777777778], [0.021875, -0.0625], [0.0375, -0.05416666666666667]], "R-Elb": [[0.17421875, -0.02361111111111111], [0.16328125, -0.034722222222222224], [0.1625, -0.019444444444444445], [0.1875, 0.03333333333333333], [-0.03203125, -0.0763888888888889], [-0.034375, -0.059722222222222225], [-0.01640625, -0.05138888888888889], [0.00078125, -0.06527777777777778], [0.01484375, -0.06111111111111111], [0.03359375, -0.04722222222222222]], "R-Wr": [[0.17109375, -0.020833333333333332], [0.1546875, -0.04027777777777778], [0.1671875, -0.022222222222222223], [0.19140625, 0.05555555555555555], [-0.034375, -0.058333333333333334], [-0.034375, -0.05], [-0.0203125, -0.04861111111111111], [-0.0109375, -0.06388888888888888], [0.0078125, -0.06666666666666667], [0.0453125, -0.04722222222222222]], "L-Sho": [[0.18359375, -0.03194444444444444], [0.175, -0.02361111111111111], [0.1828125, -0.005555555555555556], [0.19453125, 0.02361111111111111], [-0.01484375, -0.0875], [-0.0109375, -0.06944444444444445], [-0.00390625, -0.0625], [0.01953125, -0.06111111111111111], [0.03203125, -0.06527777777777778], [0.05078125, -0.05138888888888889]], "L-Elb": [[0.184375, -0.020833333333333332], [0.18046875, -0.019444444444444445], [0.18515625, 0.009722222222222222], [0.196875, 0.04027777777777778], [-0.01484375, -0.0875], [-0.0109375, -0.06944444444444445], [-0.0015625, -0.05416666666666667], [0.02265625, -0.043055555555555555], [0.04375, -0.05694444444444444], [0.05625, -0.03888888888888889]], "L-Wr": [[0.16875, -0.016666666666666666], [0.18359375, -0.0125], [0.1890625, 0.041666666666666664], [0.19921875, 0.05555555555555555], [-0.0140625, -0.059722222222222225], [0.0, -0.05277777777777778], [-0.0015625, -0.041666666666666664], [0.02421875, -0.022222222222222223], [0.05625, -0.03194444444444444], [0.0671875, -0.011111111111111112]], "R-Hip": [[0.178125, -0.015277777777777777], [0.16484375, -0.005555555555555556], [0.16640625, 0.015277777777777777], [0.17734375, 0.034722222222222224], [-0.0296875, -0.05138888888888889], [-0.02890625, -0.05], [-0.015625, -0.043055555555555555], [-0.0015625, -0.04027777777777778], [0.01953125, -0.04027777777777778], [0.03828125, -0.030555555555555555]], "R-Knee": [[0.18671875, -0.002777777777777778], [0.1609375, 0.002777777777777778], [0.14921875, 0.020833333333333332], [0.16015625, 0.0375], [-0.0328125, -0.0375], [-0.03046875, -0.044444444444444446], [-0.02421875, -0.0375], [-0.0140625, -0.03888888888888889], [0.01015625, -0.027777777777777776], [0.03203125, -0.022222222222222223]], "R-Ank": [[0.18359375, 0.008333333333333333], [0.1546875, 0.019444444444444445], [0.1359375, 0.022222222222222223], [0.14765625, 0.03888888888888889], [-0.034375, -0.025], [-0.03984375, -0.025], [-0.034375, -0.022222222222222223], [-0.02734375, -0.022222222222222223], [-0.00625, -0.0125], [0.02109375, -0.015277777777777777]], "L-Hip": [[0.19140625, -0.02361111111111111], [0.1734375, -0.004166666666666667], [0.1734375, 0.02361111111111111], [0.1796875, 0.05277777777777778], [-0.01953125, -0.05694444444444444], [-0.01796875, -0.05416666666666667], [-0.00703125, -0.04722222222222222], [0.00859375, -0.044444444444444446], [0.025, -0.034722222222222224], [0.04140625, -0.030555555555555555]], "L-Knee": [[0.19296875, -0.015277777777777777], [0.1703125, 0.008333333333333333], [0.1671875, 0.034722222222222224], [0.16875, 0.05694444444444444], [-0.0125, -0.03611111111111111], [-0.01015625, -0.04027777777777778], [-0.00390625, -0.030555555555555555], [0.00703125, -0.018055555555555554], [0.01875, -0.0125], [0.0390625, -0.015277777777777777]], "L-Ank": [[0.19296875, 0.005555555555555556], [0.16640625, 0.025], [0.1515625, 0.05138888888888889], [0.15546875, 0.05694444444444444], [-0.00703125, -0.027777777777777776], [-0.0125, -0.016666666666666666], [-0.01484375, -0.022222222222222223], [-0.0109375, -0.0125], [0.00390625, -0.005555555555555556], [0.03046875, -0.006944444444444444]]}