{"Head": [[-0.003125, -0.11666666666666667], [-0.0015625, -0.11666666666666667], [-0.0015625, -0.11388888888888889], [-0.00703125, -0.10555555555555556], [-0.01953125, -0.1], [-0.034375, -0.11388888888888889], [-0.05, -0.1], [-0.0640625, -0.09166666666666666], [-0.0828125, -0.075], [-0.09375, -0.058333333333333334]], "R-Sho": [[-0.00859375, -0.10972222222222222], [-0.0078125, -0.10555555555555556], [-0.00859375, -0.09861111111111111], [-0.009375, -0.09583333333333334], [-0.02578125, -0.08333333333333333], [-0.0359375, -0.08888888888888889], [-0.05390625, -0.09305555555555556], [-0.06640625, -0.07222222222222222], [-0.08203125, -0.06111111111111111], [-0.09296875, -0.04583333333333333]], "R-Elb": [[-0.00859375, -0.10972222222222222], [-0.01484375, -0.10555555555555556], [-0.01796875, -0.09722222222222222], [-0.01953125, -0.09583333333333334], [-0.028125, -0.075], [-0.0421875, -0.08611111111111111], [-0.059375, -0.0875], [-0.075, -0.059722222222222225], [-0.08515625, -0.05277777777777778], [-0.09765625, -0.043055555555555555]], "R-Wr": [[-0.01796875, -0.10277777777777777], [-0.00859375, -0.09305555555555556], [-0.0109375, -0.08472222222222223], [-0.01484375, -0.07916666666666666], [-0.028125, -0.075], [-0.03125, -0.08194444444444444], [-0.06796875, -0.07222222222222222], [-0.08125, -0.044444444444444446], [-0.0859375, -0.04027777777777778], [-0.10546875, -0.04027777777777778]], "L-Sho": [[0.0015625, -0.10833333333333334], [0.0015625, -0.10555555555555556], [-0.00390625, -0.09861111111111111], [-0.0015625, -0.09166666666666666], [-0.00859375, -0.09305555555555556], [-0.02890625, -0.09722222222222222], [-0.0453125, -0.09722222222222222], [-0.0578125, -0.0763888888888889], [-0.07578125, -0.07083333333333333], [-0.084375, -0.05555555555555555]], "L-Elb": [[0.0078125, -0.10138888888888889], [0.01328125, -0.10555555555555556], [0.00546875, -0.09305555555555556], [0.0046875, -0.0875], [-0.00234375, -0.07361111111111111], [-0.01953125, -0.0875], [-0.0453125, -0.09722222222222222], [-0.04609375, -0.08333333333333333], [-0.0625, -0.07222222222222222], [-0.07421875, -0.04861111111111111]], "L-Wr": [[0.00234375, -0.09583333333333334], [0.0046875, -0.09444444444444444], [0.0, -0.08194444444444444], [-0.00234375, -0.07777777777777778], [-0.01875, -0.06805555555555555], [-0.028125, -0.07083333333333333], [-0.03203125, -0.09166666666666666], [-0.03671875, -0.09027777777777778], [-0.0734375, -0.0625], [-0.0859375, -0.04583333333333333]], "R-Hip": [[-0.00546875, -0.09027777777777778], [-0.0046875, -0.0875], [-0.01171875, -0.07777777777777778], [-0.0078125, -0.07777777777777778], [-0.0171875, -0.0763888888888889], [-0.028125, -0.059722222222222225], [-0.0375, -0.05138888888888889], [-0.053125, -0.04722222222222222], [-0.07890625, -0.03611111111111111], [-0.08671875, -0.034722222222222224]], "R-Knee": [[-0.01171875, -0.06944444444444445], [-0.0109375, -0.07083333333333333], [-0.0125, -0.05555555555555555], [-0.021875, -0.058333333333333334], [-0.02109375, -0.04583333333333333], [-0.0296875, -0.05], [-0.0390625, -0.030555555555555555], [-0.05234375, -0.03194444444444444], [-0.07421875, -0.019444444444444445], [-0.090625, -0.02638888888888889]], "R-Ank": [[-0.01171875, -0.04722222222222222], [-0.00859375, -0.044444444444444446], [-0.01171875, -0.044444444444444446], [-0.00859375, -0.04583333333333333], [-0.00703125, -0.02361111111111111], [-0.021875, -0.0375], [-0.02421875, -0.02638888888888889], [-0.03984375, -0.027777777777777776], [-0.06171875, -0.020833333333333332], [-0.078125, -0.016666666666666666]], "L-Hip": [[0.00078125, -0.0875], [0.003125, -0.0875], [-0.00234375, -0.08333333333333333], [-0.00234375, -0.0763888888888889], [-0.0109375, -0.06666666666666667], [-0.02265625, -0.07222222222222222], [-0.03125, -0.058333333333333334], [-0.046875, -0.05555555555555555], [-0.065625, -0.043055555555555555], [-0.07890625, -0.03888888888888889]], "L-Knee": [[0.0046875, -0.07222222222222222], [0.00703125, -0.06527777777777778], [0.0078125, -0.06805555555555555], [0.00546875, -0.06805555555555555], [-0.00390625, -0.05138888888888889], [-0.01171875, -0.058333333333333334], [-0.01640625, -0.05277777777777778], [-0.03359375, -0.04861111111111111], [-0.04921875, -0.04027777777777778], [-0.06953125, -0.03333333333333333]], "L-Ank": [[0.01328125, -0.044444444444444446], [0.01171875, -0.04583333333333333], [0.0171875, -0.04583333333333333], [0.0140625, -0.04722222222222222], [0.0140625, -0.041666666666666664], [0.0125, -0.044444444444444446], [-0.003125, -0.04027777777777778], [-0.015625, -0.0375], [-0.0375, -0.03333333333333333], [-0.0453125, -0.025]]}