{"Head": [[0.004807692307692308, -0.20833333333333334], [0.003205128205128205, -0.19444444444444445], [0.004807692307692308, -0.18611111111111112], [0.004807692307692308, -0.12222222222222222], [0.05608974358974359, -0.07222222222222222], [0.14743589743589744, -0.06388888888888888], [0.21634615384615385, -0.03333333333333333], [0.2948717948717949, 0.041666666666666664], [0.3525641025641026, 0.05555555555555555], [0.4375, 0.05]], "R-Sho": [[-0.009615384615384616, -0.16666666666666666], [-0.017628205128205128, -0.16666666666666666], [-0.008012820512820512, -0.16111111111111112], [-0.008012820512820512, -0.1], [0.041666666666666664, -0.06666666666666667], [0.11858974358974358, -0.03888888888888889], [0.20512820512820512, -0.008333333333333333], [0.2708333333333333, 0.08333333333333333], [0.3333333333333333, 0.06388888888888888], [0.4182692307692308, 0.05277777777777778]], "R-Elb": [[-0.019230769230769232, -0.12222222222222222], [-0.019230769230769232, -0.12222222222222222], [-0.008012820512820512, -0.11944444444444445], [-0.017628205128205128, -0.05555555555555555], [0.02564102564102564, -0.05555555555555555], [0.09615384615384616, -0.03888888888888889], [0.16666666666666666, -0.011111111111111112], [0.2403846153846154, 0.08055555555555556], [0.3060897435897436, 0.06111111111111111], [0.40064102564102566, 0.027777777777777776]], "R-Wr": [[-0.009615384615384616, -0.1], [-0.008012820512820512, -0.11666666666666667], [-0.008012820512820512, -0.09722222222222222], [-0.017628205128205128, -0.03333333333333333], [0.04487179487179487, -0.022222222222222223], [0.10737179487179487, -0.013888888888888888], [0.1907051282051282, 0.013888888888888888], [0.21474358974358973, 0.07777777777777778], [0.28846153846153844, 0.041666666666666664], [0.38621794871794873, 0.002777777777777778]], "L-Sho": [[0.019230769230769232, -0.16666666666666666], [0.019230769230769232, -0.16666666666666666], [0.019230769230769232, -0.1638888888888889], [0.019230769230769232, -0.1], [0.07371794871794872, -0.03333333333333333], [0.12980769230769232, -0.022222222222222223], [0.21955128205128205, 0.019444444444444445], [0.28365384615384615, 0.10277777777777777], [0.33974358974358976, 0.10277777777777777], [0.4230769230769231, 0.06666666666666667]], "L-Elb": [[0.030448717948717948, -0.1388888888888889], [0.030448717948717948, -0.1388888888888889], [0.041666666666666664, -0.12222222222222222], [0.04326923076923077, -0.07777777777777778], [0.08333333333333333, -0.005555555555555556], [0.14903846153846154, -0.005555555555555556], [0.22596153846153846, 0.044444444444444446], [0.25961538461538464, 0.11944444444444445], [0.3269230769230769, 0.12777777777777777], [0.40544871794871795, 0.075]], "L-Wr": [[0.041666666666666664, -0.1], [0.041666666666666664, -0.1], [0.04326923076923077, -0.1], [0.030448717948717948, -0.09722222222222222], [0.08333333333333333, 0.005555555555555556], [0.16987179487179488, 0.030555555555555555], [0.23397435897435898, 0.07777777777777778], [0.2419871794871795, 0.125], [0.30448717948717946, 0.12777777777777777], [0.40224358974358976, 0.1]], "R-Hip": [[-0.00641025641025641, -0.07777777777777778], [-0.00641025641025641, -0.07777777777777778], [-0.00641025641025641, -0.07777777777777778], [0.004807692307692308, -0.03333333333333333], [0.011217948717948718, 0.013888888888888888], [0.06891025641025642, -0.002777777777777778], [0.14743589743589744, 0.03333333333333333], [0.22435897435897437, 0.10833333333333334], [0.28846153846153844, 0.09722222222222222], [0.36217948717948717, 0.05277777777777778]], "R-Knee": [[-0.008012820512820512, -0.011111111111111112], [-0.008012820512820512, -0.011111111111111112], [-0.009615384615384616, -0.011111111111111112], [-0.019230769230769232, 0.027777777777777776], [-0.008012820512820512, 0.027777777777777776], [0.03685897435897436, 0.022222222222222223], [0.10256410256410256, 0.030555555555555555], [0.20032051282051283, 0.10277777777777777], [0.2564102564102564, 0.09166666666666666], [0.3333333333333333, 0.05277777777777778]], "R-Ank": [[-0.008012820512820512, 0.05277777777777778], [-0.008012820512820512, 0.05555555555555555], [-0.019230769230769232, 0.05555555555555555], [-0.04326923076923077, 0.075], [-0.02564102564102564, 0.08611111111111111], [-0.01282051282051282, 0.016666666666666666], [0.07051282051282051, 0.027777777777777776], [0.16346153846153846, 0.09444444444444444], [0.23076923076923078, 0.09444444444444444], [0.28525641025641024, 0.05555555555555555]], "L-Hip": [[0.017628205128205128, -0.08055555555555556], [0.017628205128205128, -0.07777777777777778], [0.019230769230769232, -0.07777777777777778], [0.019230769230769232, -0.03333333333333333], [0.046474358974358976, 0.0], [0.07852564102564102, 0.030555555555555555], [0.14743589743589744, 0.05], [0.22756410256410256, 0.14166666666666666], [0.28846153846153844, 0.11944444444444445], [0.3733974358974359, 0.08333333333333333]], "L-Knee": [[0.019230769230769232, -0.013888888888888888], [0.019230769230769232, -0.013888888888888888], [0.030448717948717948, -0.011111111111111112], [0.030448717948717948, 0.011111111111111112], [0.035256410256410256, 0.04722222222222222], [0.06570512820512821, 0.08611111111111111], [0.10096153846153846, 0.07222222222222222], [0.1891025641025641, 0.1388888888888889], [0.2467948717948718, 0.13055555555555556], [0.33653846153846156, 0.09166666666666666]], "L-Ank": [[0.030448717948717948, 0.05277777777777778], [0.030448717948717948, 0.05277777777777778], [0.041666666666666664, 0.05277777777777778], [0.030448717948717948, 0.07222222222222222], [0.009615384615384616, 0.10277777777777777], [0.01282051282051282, 0.08611111111111111], [0.06891025641025642, 0.08333333333333333], [0.14903846153846154, 0.13055555555555556], [0.1971153846153846, 0.11944444444444445], [0.2932692307692308, 0.08888888888888889]]}