{"Head": [[0.06640625, -0.11944444444444445], [0.06640625, -0.09861111111111111], [0.0421875, -0.11944444444444445], [0.03046875, -0.07777777777777778], [0.0546875, -0.09861111111111111], [0.0421875, -0.09861111111111111], [0.00546875, -0.09861111111111111], [0.0171875, -0.07777777777777778], [0.19921875, -0.10138888888888889], [0.321875, -0.15416666666666667]], "R-Sho": [[0.04296875, -0.07777777777777778], [0.0546875, -0.05555555555555555], [0.02890625, -0.0763888888888889], [0.01796875, -0.05416666666666667], [0.0421875, -0.05555555555555555], [0.0296875, -0.05555555555555555], [-0.01796875, -0.05694444444444444], [0.00546875, -0.03333333333333333], [0.18984375, -0.05555555555555555], [0.29921875, -0.11944444444444445]], "R-Elb": [[0.0421875, -0.03194444444444444], [0.04296875, -0.013888888888888888], [0.01796875, -0.03333333333333333], [0.00625, -0.011111111111111112], [0.03046875, -0.0125], [0.01796875, -0.0125], [-0.03125, -0.03194444444444444], [-0.01875, 0.011111111111111112], [0.18984375, -0.009722222222222222], [0.29921875, -0.03333333333333333]], "R-Wr": [[0.04296875, -0.03333333333333333], [0.04296875, 0.009722222222222222], [0.0296875, -0.03194444444444444], [0.00625, 0.011111111111111112], [0.04140625, 0.011111111111111112], [0.01171875, 0.027777777777777776], [-0.04296875, 0.009722222222222222], [-0.04296875, 0.05277777777777778], [0.17578125, 0.05138888888888889], [0.2859375, 0.009722222222222222]], "L-Sho": [[0.090625, -0.07777777777777778], [0.090625, -0.075], [0.06640625, -0.07777777777777778], [0.0546875, -0.05555555555555555], [0.07890625, -0.0763888888888889], [0.0671875, -0.05694444444444444], [0.03046875, -0.0763888888888889], [0.0546875, -0.034722222222222224], [0.21328125, -0.075], [0.346875, -0.12083333333333333]], "L-Elb": [[0.103125, -0.034722222222222224], [0.10390625, -0.03333333333333333], [0.07890625, -0.05555555555555555], [0.078125, -0.013888888888888888], [0.103125, -0.03333333333333333], [0.090625, -0.03333333333333333], [0.06640625, -0.034722222222222224], [0.07890625, 0.011111111111111112], [0.22578125, -0.011111111111111112], [0.359375, -0.0763888888888889]], "L-Wr": [[0.090625, -0.03194444444444444], [0.09140625, -0.009722222222222222], [0.0671875, -0.03333333333333333], [0.065625, -0.009722222222222222], [0.09140625, -0.011111111111111112], [0.07890625, 0.009722222222222222], [0.07890625, 0.011111111111111112], [0.07890625, 0.075], [0.20078125, 0.03194444444444444], [0.33515625, -0.03194444444444444]], "R-Hip": [[0.0546875, 0.0125], [0.06640625, 0.03194444444444444], [0.03046875, 0.011111111111111112], [0.0296875, 0.05138888888888889], [0.0546875, 0.03194444444444444], [0.0421875, 0.03194444444444444], [0.00546875, 0.03194444444444444], [0.0171875, 0.09583333333333334], [0.19609375, 0.08472222222222223], [0.321875, 0.011111111111111112]], "R-Knee": [[0.04140625, 0.0763888888888889], [0.0421875, 0.0763888888888889], [0.01875, 0.09583333333333334], [0.00625, 0.09722222222222222], [0.0546875, 0.09861111111111111], [0.01796875, 0.09722222222222222], [-0.01796875, 0.11805555555555555], [-0.03125, 0.16111111111111112], [0.15546875, 0.14166666666666666], [0.3234375, 0.11944444444444445]], "R-Ank": [[0.0296875, 0.1625], [0.05390625, 0.1625], [0.01875, 0.1638888888888889], [-0.00546875, 0.18472222222222223], [0.0671875, 0.18333333333333332], [0.0171875, 0.18333333333333332], [-0.01875, 0.20555555555555555], [-0.0546875, 0.24861111111111112], [0.1453125, 0.25555555555555554], [0.34609375, 0.20694444444444443]], "L-Hip": [[0.0796875, 0.011111111111111112], [0.090625, 0.03194444444444444], [0.065625, 0.011111111111111112], [0.05390625, 0.03333333333333333], [0.07890625, 0.03194444444444444], [0.06640625, 0.03194444444444444], [0.03046875, 0.03194444444444444], [0.04296875, 0.09583333333333334], [0.225, 0.075], [0.346875, 0.009722222222222222]], "L-Knee": [[0.09140625, 0.07777777777777778], [0.103125, 0.09722222222222222], [0.07890625, 0.0763888888888889], [0.0671875, 0.09583333333333334], [0.09140625, 0.09722222222222222], [0.07890625, 0.09861111111111111], [0.05390625, 0.11666666666666667], [0.0546875, 0.11805555555555555], [0.23828125, 0.1625], [0.359375, 0.09861111111111111]], "L-Ank": [[0.09140625, 0.1625], [0.115625, 0.1625], [0.0796875, 0.1625], [0.0671875, 0.1625], [0.11484375, 0.1625], [0.09140625, 0.18333333333333332], [0.0546875, 0.18611111111111112], [0.06640625, 0.2263888888888889], [0.2734375, 0.24861111111111112], [0.371875, 0.20416666666666666]]}