{"Head": [[-0.00641025641025641, -0.18611111111111112], [-0.00641025641025641, -0.18333333333333332], [-0.004807692307692308, -0.18611111111111112], [-0.00641025641025641, -0.11666666666666667], [0.0673076923076923, -0.10833333333333334], [0.13141025641025642, -0.10833333333333334], [0.22435897435897437, -0.08611111111111111], [0.34775641025641024, 0.005555555555555556], [0.47435897435897434, 0.058333333333333334], [0.028846153846153848, -0.23055555555555557]], "R-Sho": [[-0.020833333333333332, -0.16111111111111112], [-0.020833333333333332, -0.14444444444444443], [-0.020833333333333332, -0.1638888888888889], [-0.017628205128205128, -0.07777777777777778], [0.030448717948717948, -0.075], [0.10737179487179487, -0.08333333333333333], [0.20993589743589744, -0.04722222222222222], [0.33814102564102566, 0.03888888888888889], [0.45032051282051283, 0.075], [0.10576923076923077, -0.20833333333333334]], "R-Elb": [[-0.030448717948717948, -0.12222222222222222], [-0.03205128205128205, -0.11944444444444445], [-0.03205128205128205, -0.12222222222222222], [-0.019230769230769232, -0.05555555555555555], [0.019230769230769232, -0.03333333333333333], [0.08173076923076923, -0.07222222222222222], [0.1794871794871795, -0.03888888888888889], [0.3173076923076923, 0.03611111111111111], [0.4342948717948718, 0.05555555555555555], [-0.5016025641025641, -0.5027777777777778]], "R-Wr": [[-0.009615384615384616, -0.1], [-0.017628205128205128, -0.09722222222222222], [-0.03205128205128205, -0.07222222222222222], [-0.019230769230769232, -0.013888888888888888], [0.017628205128205128, -0.025], [0.060897435897435896, -0.06944444444444445], [0.1971153846153846, -0.013888888888888888], [0.3060897435897436, 0.027777777777777776], [0.41346153846153844, 0.025], [-0.5016025641025641, -0.5027777777777778]], "L-Sho": [[0.008012820512820512, -0.1638888888888889], [0.016025641025641024, -0.1638888888888889], [0.00641025641025641, -0.1638888888888889], [0.017628205128205128, -0.09722222222222222], [0.0625, -0.058333333333333334], [0.14583333333333334, -0.075], [0.22756410256410256, -0.027777777777777776], [0.3557692307692308, 0.05277777777777778], [0.4583333333333333, 0.1], [-0.2419871794871795, -0.1]], "L-Elb": [[0.030448717948717948, -0.1388888888888889], [0.030448717948717948, -0.12222222222222222], [0.028846153846153848, -0.1388888888888889], [0.030448717948717948, -0.058333333333333334], [0.06570512820512821, -0.03611111111111111], [0.16025641025641027, -0.044444444444444446], [0.2419871794871795, 0.019444444444444445], [0.3557692307692308, 0.07222222222222222], [0.4567307692307692, 0.1361111111111111], [0.14262820512820512, -0.03333333333333333]], "L-Wr": [[0.028846153846153848, -0.11666666666666667], [0.019230769230769232, -0.09722222222222222], [0.030448717948717948, -0.11944444444444445], [0.030448717948717948, -0.03333333333333333], [0.06570512820512821, -0.016666666666666666], [0.1907051282051282, -0.030555555555555555], [0.26121794871794873, 0.05555555555555555], [0.3557692307692308, 0.10277777777777777], [0.4358974358974359, 0.14166666666666666], [0.09294871794871795, 0.09444444444444444]], "R-Hip": [[-0.019230769230769232, -0.07777777777777778], [-0.019230769230769232, -0.07777777777777778], [-0.019230769230769232, -0.07777777777777778], [-0.008012820512820512, -0.030555555555555555], [0.020833333333333332, -0.008333333333333333], [0.06891025641025642, -0.016666666666666666], [0.16346153846153846, 0.022222222222222223], [0.3092948717948718, 0.075], [0.40705128205128205, 0.075], [0.1794871794871795, 0.1]], "R-Knee": [[-0.020833333333333332, -0.013888888888888888], [-0.020833333333333332, -0.013888888888888888], [-0.030448717948717948, -0.013888888888888888], [-0.03205128205128205, 0.011111111111111112], [-0.0016025641025641025, 0.011111111111111112], [0.027243589743589744, 0.002777777777777778], [0.1266025641025641, 0.030555555555555555], [0.2676282051282051, 0.075], [0.36217948717948717, 0.06111111111111111], [0.11698717948717949, 0.2916666666666667]], "R-Ank": [[-0.020833333333333332, 0.05277777777777778], [-0.020833333333333332, 0.05277777777777778], [-0.03365384615384615, 0.05], [-0.04487179487179487, 0.06944444444444445], [-0.038461538461538464, 0.041666666666666664], [-0.022435897435897436, 0.027777777777777776], [0.07692307692307693, 0.030555555555555555], [0.2467948717948718, 0.075], [0.3301282051282051, 0.06111111111111111], [0.16987179487179488, 0.49166666666666664]], "L-Hip": [[0.00641025641025641, -0.07777777777777778], [0.00641025641025641, -0.07777777777777778], [0.00641025641025641, -0.07777777777777778], [0.008012820512820512, -0.025], [0.038461538461538464, 0.002777777777777778], [0.09134615384615384, 0.0], [0.18108974358974358, 0.044444444444444446], [0.3189102564102564, 0.1], [0.3974358974358974, 0.11666666666666667], [0.21794871794871795, 0.09722222222222222]], "L-Knee": [[0.008012820512820512, -0.016666666666666666], [0.016025641025641024, -0.013888888888888888], [0.017628205128205128, -0.013888888888888888], [0.016025641025641024, 0.013888888888888888], [0.049679487179487176, 0.03333333333333333], [0.08333333333333333, 0.05], [0.15064102564102563, 0.07777777777777778], [0.28365384615384615, 0.10833333333333334], [0.3701923076923077, 0.10833333333333334], [0.2948717948717949, 0.35555555555555557]], "L-Ank": [[0.017628205128205128, 0.03333333333333333], [0.017628205128205128, 0.05277777777777778], [0.030448717948717948, 0.05277777777777778], [0.017628205128205128, 0.05277777777777778], [0.011217948717948718, 0.07222222222222222], [0.035256410256410256, 0.06388888888888888], [0.11217948717948718, 0.08055555555555556], [0.2387820512820513, 0.10833333333333334], [0.328525641025641, 0.10277777777777777], [-0.5016025641025641, -0.5027777777777778]]}