{"Head": [[0.0171875, -0.19722222222222222], [0.0171875, -0.20833333333333334], [0.0171875, -0.20694444444444443], [0.0171875, -0.20555555555555555], [0.01796875, -0.20694444444444443], [0.01796875, -0.1638888888888889], [-0.0203125, -0.13055555555555556], [-0.078125, -0.12222222222222222], [-0.14765625, -0.06388888888888888], [-0.203125, 0.0125]], "R-Sho": [[0.00546875, -0.18472222222222223], [0.00546875, -0.18611111111111112], [0.00546875, -0.18472222222222223], [0.00546875, -0.16527777777777777], [0.00546875, -0.18333333333333332], [-0.00625, -0.14305555555555555], [-0.028125, -0.1111111111111111], [-0.07578125, -0.09444444444444444], [-0.146875, -0.03888888888888889], [-0.19453125, 0.02638888888888889]], "R-Elb": [[-0.00625, -0.14305555555555555], [-0.00625, -0.1638888888888889], [-0.00703125, -0.14305555555555555], [-0.00625, -0.14166666666666666], [-0.01796875, -0.14166666666666666], [-0.01875, -0.11944444444444445], [-0.03046875, -0.08055555555555556], [-0.08203125, -0.05138888888888889], [-0.165625, -0.02638888888888889], [-0.225, 0.04722222222222222]], "R-Wr": [[-0.00703125, -0.12083333333333333], [-0.00625, -0.14027777777777778], [-0.00625, -0.12222222222222222], [-0.00234375, -0.11527777777777778], [-0.01875, -0.12083333333333333], [-0.01875, -0.0763888888888889], [-0.05, -0.07083333333333333], [-0.10390625, -0.041666666666666664], [-0.1921875, -0.025], [-0.2453125, 0.043055555555555555]], "L-Sho": [[0.03046875, -0.18472222222222223], [0.0296875, -0.18611111111111112], [0.03046875, -0.18472222222222223], [0.0296875, -0.18472222222222223], [0.03046875, -0.18472222222222223], [0.0296875, -0.14305555555555555], [-0.01796875, -0.11944444444444445], [-0.0609375, -0.10277777777777777], [-0.1328125, -0.06805555555555555], [-0.18984375, -0.009722222222222222]], "L-Elb": [[0.04140625, -0.14166666666666666], [0.03125, -0.1625], [0.04140625, -0.14305555555555555], [0.0421875, -0.14444444444444443], [0.0421875, -0.1638888888888889], [0.0421875, -0.14166666666666666], [-0.00625, -0.07777777777777778], [-0.05234375, -0.08333333333333333], [-0.1390625, -0.10555555555555556], [-0.20390625, -0.030555555555555555]], "L-Wr": [[0.03046875, -0.14027777777777778], [0.03046875, -0.12083333333333333], [0.03046875, -0.12083333333333333], [0.03671875, -0.11944444444444445], [0.0296875, -0.14305555555555555], [0.05390625, -0.14166666666666666], [-0.015625, -0.06805555555555555], [-0.090625, -0.07083333333333333], [-0.1578125, -0.1361111111111111], [-0.23125, -0.016666666666666666]], "R-Hip": [[0.00546875, -0.1], [0.00546875, -0.12083333333333333], [0.00546875, -0.1], [0.00546875, -0.09861111111111111], [0.00546875, -0.09861111111111111], [0.00546875, -0.07916666666666666], [-0.00625, -0.05555555555555555], [-0.0421875, -0.05138888888888889], [-0.10703125, -0.022222222222222223], [-0.14609375, 0.05]], "R-Knee": [[0.00546875, -0.05416666666666667], [-0.00546875, -0.05555555555555555], [0.0046875, -0.05416666666666667], [0.0046875, -0.05416666666666667], [0.0046875, -0.05416666666666667], [-0.00625, -0.03333333333333333], [-0.00625, -0.0125], [-0.025, -0.013888888888888888], [-0.06796875, -0.005555555555555556], [-0.1078125, 0.03611111111111111]], "R-Ank": [[-0.00625, 0.009722222222222222], [-0.00625, -0.009722222222222222], [-0.00625, 0.009722222222222222], [-0.00703125, 0.009722222222222222], [-0.00703125, 0.009722222222222222], [-0.00546875, 0.009722222222222222], [0.00546875, 0.030555555555555555], [0.00703125, 0.018055555555555554], [-0.0296875, -0.008333333333333333], [-0.07265625, 0.0125]], "L-Hip": [[0.0296875, -0.1], [0.02890625, -0.12083333333333333], [0.01875, -0.1], [0.01875, -0.09861111111111111], [0.0296875, -0.09861111111111111], [0.01796875, -0.09722222222222222], [0.0046875, -0.05694444444444444], [-0.03515625, -0.07083333333333333], [-0.10078125, -0.05694444444444444], [-0.1609375, 0.002777777777777778]], "L-Knee": [[0.0296875, -0.05416666666666667], [0.0296875, -0.05555555555555555], [0.0296875, -0.05416666666666667], [0.03046875, -0.05416666666666667], [0.03046875, -0.05416666666666667], [0.03046875, -0.034722222222222224], [0.028125, -0.025], [-0.0140625, -0.04027777777777778], [-0.06640625, -0.04722222222222222], [-0.11640625, -0.030555555555555555]], "L-Ank": [[0.03125, 0.009722222222222222], [0.04140625, -0.009722222222222222], [0.03046875, 0.009722222222222222], [0.03046875, 0.009722222222222222], [0.03125, 0.009722222222222222], [0.0421875, 0.011111111111111112], [0.0484375, 0.020833333333333332], [0.03359375, -0.03888888888888889], [-0.0109375, -0.05416666666666667], [-0.07578125, -0.030555555555555555]]}