{"Head": [[-0.04635416666666667, -0.23703703703703705], [-0.043229166666666666, -0.21296296296296297], [-0.15052083333333333, -0.16944444444444445], [0.0, 0.0], [0.0, 0.0], [0.0, 0.0], [0.0, 0.0], [0.0, 0.0], [0.0, 0.0], [0.0, 0.0]], "R-Sho": [[-0.05625, -0.22592592592592592], [-0.049479166666666664, -0.20462962962962963], [-0.14791666666666667, -0.15185185185185185], [0.0, 0.0], [0.0, 0.0], [0.0, 0.0], [0.0, 0.0], [0.0, 0.0], [0.0, 0.0], [0.0, 0.0]], "R-Elb": [[-0.0546875, -0.2064814814814815], [-0.0546875, -0.19907407407407407], [-0.1515625, -0.12962962962962962], [0.0, 0.0], [0.0, 0.0], [0.0, 0.0], [0.0, 0.0], [0.0, 0.0], [0.0, 0.0], [0.0, 0.0]], "R-Wr": [[-0.05572916666666667, -0.18425925925925926], [-0.059375, -0.19537037037037036], [-0.1640625, -0.12222222222222222], [0.0, 0.0], [0.0, 0.0], [0.0, 0.0], [0.0, 0.0], [0.0, 0.0], [0.0, 0.0], [0.0, 0.0]], "L-Sho": [[-0.03802083333333333, -0.225], [-0.0390625, -0.20462962962962963], [-0.1375, -0.17314814814814813], [0.0, 0.0], [0.0, 0.0], [0.0, 0.0], [0.0, 0.0], [0.0, 0.0], [0.0, 0.0], [0.0, 0.0]], "L-Elb": [[-0.04010416666666667, -0.2111111111111111], [-0.026041666666666668, -0.2037037037037037], [-0.12291666666666666, -0.17777777777777778], [0.0, 0.0], [0.0, 0.0], [0.0, 0.0], [0.0, 0.0], [0.0, 0.0], [0.0, 0.0], [0.0, 0.0]], "L-Wr": [[-0.043229166666666666, -0.19444444444444445], [-0.03229166666666667, -0.19907407407407407], [-0.11041666666666666, -0.1685185185185185], [0.0, 0.0], [0.0, 0.0], [0.0, 0.0], [0.0, 0.0], [0.0, 0.0], [0.0, 0.0], [0.0, 0.0]], "R-Hip": [[-0.0546875, -0.19722222222222222], [-0.044270833333333336, -0.18611111111111112], [-0.1125, -0.13425925925925927], [0.0, 0.0], [0.0, 0.0], [0.0, 0.0], [0.0, 0.0], [0.0, 0.0], [0.0, 0.0], [0.0, 0.0]], "R-Knee": [[-0.05677083333333333, -0.17685185185185184], [-0.0515625, -0.17685185185185184], [-0.0953125, -0.13518518518518519], [0.0, 0.0], [0.0, 0.0], [0.0, 0.0], [0.0, 0.0], [0.0, 0.0], [0.0, 0.0], [0.0, 0.0]], "R-Ank": [[-0.06197916666666667, -0.15185185185185185], [-0.04114583333333333, -0.16111111111111112], [-0.0734375, -0.15648148148148147], [0.0, 0.0], [0.0, 0.0], [0.0, 0.0], [0.0, 0.0], [0.0, 0.0], [0.0, 0.0], [0.0, 0.0]], "L-Hip": [[-0.0453125, -0.19814814814814816], [-0.036458333333333336, -0.18611111111111112], [-0.10572916666666667, -0.1527777777777778], [0.0, 0.0], [0.0, 0.0], [0.0, 0.0], [0.0, 0.0], [0.0, 0.0], [0.0, 0.0], [0.0, 0.0]], "L-Knee": [[-0.04114583333333333, -0.1824074074074074], [-0.025520833333333333, -0.17685185185185184], [-0.0890625, -0.1537037037037037], [0.0, 0.0], [0.0, 0.0], [0.0, 0.0], [0.0, 0.0], [0.0, 0.0], [0.0, 0.0], [0.0, 0.0]], "L-Ank": [[-0.0375, -0.15092592592592594], [-0.009375, -0.15925925925925927], [-0.07552083333333333, -0.16944444444444445], [0.0, 0.0], [0.0, 0.0], [0.0, 0.0], [0.0, 0.0], [0.0, 0.0], [0.0, 0.0], [0.0, 0.0]]}