{"Head": [[0.005729166666666666, -0.011111111111111112], [0.0296875, -0.032407407407407406], [0.0375, -0.05925925925925926], [0.12708333333333333, -0.032407407407407406], [0.22291666666666668, 0.04814814814814815], [0.0, 0.0], [0.0, 0.0], [0.0, 0.0], [0.0, 0.0], [0.0, 0.0]], "R-Sho": [[-0.017708333333333333, 0.009259259259259259], [0.017708333333333333, -0.011111111111111112], [0.018229166666666668, -0.03333333333333333], [0.10260416666666666, -0.012037037037037037], [0.21458333333333332, 0.02962962962962963], [0.0, 0.0], [0.0, 0.0], [0.0, 0.0], [0.0, 0.0], [0.0, 0.0]], "R-Elb": [[-0.01875, 0.053703703703703705], [0.005729166666666666, 0.032407407407407406], [-0.005729166666666666, 0.009259259259259259], [0.0671875, 0.009259259259259259], [0.240625, 0.026851851851851852], [0.0, 0.0], [0.0, 0.0], [0.0, 0.0], [0.0, 0.0], [0.0, 0.0]], "R-Wr": [[-0.00625, 0.053703703703703705], [0.04583333333333333, 0.0712962962962963], [0.005729166666666666, 0.03333333333333333], [0.103125, 0.021296296296296296], [0.26875, 0.022222222222222223], [0.0, 0.0], [0.0, 0.0], [0.0, 0.0], [0.0, 0.0], [0.0, 0.0]], "L-Sho": [[0.0296875, -0.011111111111111112], [0.05416666666666667, -0.011111111111111112], [0.0546875, -0.03333333333333333], [0.128125, 0.010185185185185186], [0.221875, 0.09351851851851851], [0.0, 0.0], [0.0, 0.0], [0.0, 0.0], [0.0, 0.0], [0.0, 0.0]], "L-Elb": [[0.0421875, 0.03148148148148148], [0.06666666666666667, 0.053703703703703705], [0.0671875, 0.010185185185185186], [0.14010416666666667, 0.075], [0.2453125, 0.08703703703703704], [0.0, 0.0], [0.0, 0.0], [0.0, 0.0], [0.0, 0.0], [0.0, 0.0]], "L-Wr": [[0.030208333333333334, 0.053703703703703705], [0.06666666666666667, 0.05462962962962963], [0.078125, 0.053703703703703705], [0.153125, 0.075], [0.2708333333333333, 0.075], [0.0, 0.0], [0.0, 0.0], [0.0, 0.0], [0.0, 0.0], [0.0, 0.0]], "R-Hip": [[0.005208333333333333, 0.05462962962962963], [0.01875, 0.053703703703703705], [0.018229166666666668, 0.032407407407407406], [0.058854166666666666, 0.04814814814814815], [0.15989583333333332, 0.06111111111111111], [0.0, 0.0], [0.0, 0.0], [0.0, 0.0], [0.0, 0.0], [0.0, 0.0]], "R-Knee": [[-0.01875, 0.05462962962962963], [-0.00625, 0.075], [0.005208333333333333, 0.07592592592592592], [0.03125, 0.06481481481481481], [0.11666666666666667, 0.04351851851851852], [0.0, 0.0], [0.0, 0.0], [0.0, 0.0], [0.0, 0.0], [0.0, 0.0]], "R-Ank": [[-0.030729166666666665, 0.14074074074074075], [-0.030729166666666665, 0.14074074074074075], [-0.01875, 0.14166666666666666], [-0.00625, 0.11851851851851852], [0.0828125, 0.020370370370370372], [0.0, 0.0], [0.0, 0.0], [0.0, 0.0], [0.0, 0.0], [0.0, 0.0]], "L-Hip": [[0.01875, 0.053703703703703705], [0.05416666666666667, 0.053703703703703705], [0.042708333333333334, 0.032407407407407406], [0.07864583333333333, 0.075], [0.16822916666666668, 0.11388888888888889], [0.0, 0.0], [0.0, 0.0], [0.0, 0.0], [0.0, 0.0], [0.0, 0.0]], "L-Knee": [[0.042708333333333334, 0.053703703703703705], [0.0671875, 0.075], [0.0546875, 0.09722222222222222], [0.0421875, 0.11944444444444445], [0.11770833333333333, 0.10740740740740741], [0.0, 0.0], [0.0, 0.0], [0.0, 0.0], [0.0, 0.0], [0.0, 0.0]], "L-Ank": [[0.0546875, 0.1398148148148148], [0.07916666666666666, 0.14074074074074075], [0.05416666666666667, 0.14074074074074075], [0.005729166666666666, 0.16296296296296298], [0.0796875, 0.11018518518518519], [0.0, 0.0], [0.0, 0.0], [0.0, 0.0], [0.0, 0.0], [0.0, 0.0]]}