{"Head": [[0.041666666666666664, -0.31574074074074077], [0.030208333333333334, -0.29444444444444445], [0.013541666666666667, -0.25092592592592594], [0.0, 0.0], [-0.11614583333333334, -0.19166666666666668], [-0.15989583333333332, -0.1537037037037037], [0.0, 0.0], [0.0, 0.0], [0.0, 0.0], [0.0, 0.0]], "R-Sho": [[0.018229166666666668, -0.29444444444444445], [0.005729166666666666, -0.2722222222222222], [-0.0020833333333333333, -0.22592592592592592], [-0.04739583333333333, -0.225], [-0.11145833333333334, -0.1574074074074074], [-0.16875, -0.11203703703703703], [0.0, 0.0], [0.0, 0.0], [0.0, 0.0], [0.0, 0.0]], "R-Elb": [[0.0046875, -0.25092592592592594], [0.005208333333333333, -0.22870370370370371], [-0.016145833333333335, -0.19537037037037036], [-0.057291666666666664, -0.20092592592592592], [-0.12447916666666667, -0.13148148148148148], [-0.18385416666666668, -0.0824074074074074], [0.0, 0.0], [0.0, 0.0], [0.0, 0.0], [0.0, 0.0]], "R-Wr": [[-0.008333333333333333, -0.21851851851851853], [0.018229166666666668, -0.2074074074074074], [-0.019270833333333334, -0.1638888888888889], [-0.0625, -0.18796296296296297], [-0.13854166666666667, -0.08148148148148149], [-0.19010416666666666, -0.041666666666666664], [0.0, 0.0], [0.0, 0.0], [0.0, 0.0], [0.0, 0.0]], "L-Sho": [[0.05, -0.2972222222222222], [0.041666666666666664, -0.2722222222222222], [0.019270833333333334, -0.2175925925925926], [-0.04791666666666667, -0.18333333333333332], [-0.09166666666666666, -0.16203703703703703], [-0.1484375, -0.12222222222222222], [0.0, 0.0], [0.0, 0.0], [0.0, 0.0], [0.0, 0.0]], "L-Elb": [[0.0609375, -0.25555555555555554], [0.0421875, -0.22870370370370371], [0.021875, -0.19444444444444445], [-0.03697916666666667, -0.20833333333333334], [-0.0859375, -0.17962962962962964], [-0.13177083333333334, -0.1259259259259259], [0.0, 0.0], [0.0, 0.0], [0.0, 0.0], [0.0, 0.0]], "L-Wr": [[0.06354166666666666, -0.20555555555555555], [0.030208333333333334, -0.2074074074074074], [0.022916666666666665, -0.15462962962962962], [-0.0203125, -0.19537037037037036], [-0.1046875, -0.2037037037037037], [-0.10885416666666667, -0.125], [0.0, 0.0], [0.0, 0.0], [0.0, 0.0], [0.0, 0.0]], "R-Hip": [[0.018229166666666668, -0.20833333333333334], [0.00625, -0.20555555555555555], [-0.004166666666666667, -0.1648148148148148], [-0.00625, -0.1712962962962963], [-0.07708333333333334, -0.10092592592592593], [-0.13489583333333333, -0.06759259259259259], [0.0, 0.0], [0.0, 0.0], [0.0, 0.0], [0.0, 0.0]], "R-Knee": [[0.005729166666666666, -0.1638888888888889], [0.005208333333333333, -0.1638888888888889], [-0.021875, -0.12037037037037036], [-0.042708333333333334, -0.1361111111111111], [-0.059375, -0.06111111111111111], [-0.1015625, -0.09351851851851851], [0.0, 0.0], [0.0, 0.0], [0.0, 0.0], [0.0, 0.0]], "R-Ank": [[-0.00625, -0.11851851851851852], [-0.0140625, -0.12222222222222222], [-0.03177083333333333, -0.10185185185185185], [-0.03958333333333333, -0.09814814814814815], [-0.014583333333333334, -0.049074074074074076], [-0.03177083333333333, -0.14537037037037037], [0.0, 0.0], [0.0, 0.0], [0.0, 0.0], [0.0, 0.0]], "L-Hip": [[0.0421875, -0.2074074074074074], [0.030208333333333334, -0.20555555555555555], [0.011458333333333333, -0.1685185185185185], [-0.003125, -0.08333333333333333], [-0.06197916666666667, -0.14537037037037037], [-0.12083333333333333, -0.05185185185185185], [0.0, 0.0], [0.0, 0.0], [0.0, 0.0], [0.0, 0.0]], "L-Knee": [[0.0546875, -0.16296296296296298], [0.043229166666666666, -0.1638888888888889], [0.03229166666666667, -0.11481481481481481], [-0.023958333333333335, -0.14166666666666666], [-0.041666666666666664, -0.12777777777777777], [-0.08541666666666667, -0.04537037037037037], [0.0, 0.0], [0.0, 0.0], [0.0, 0.0], [0.0, 0.0]], "L-Ank": [[0.07864583333333333, -0.09814814814814815], [0.06614583333333333, -0.09814814814814815], [0.04895833333333333, -0.08333333333333333], [-0.0046875, -0.12685185185185185], [0.007291666666666667, -0.1361111111111111], [-0.059375, -0.04722222222222222], [0.0, 0.0], [0.0, 0.0], [0.0, 0.0], [0.0, 0.0]]}