{"Head": [[0.0020833333333333333, -0.2824074074074074], [-0.06770833333333333, -0.2064814814814815], [-0.17708333333333334, -0.10740740740740741], [0.0, 0.0], [0.0, 0.0], [0.0, 0.0], [0.0, 0.0], [0.0, 0.0], [0.0, 0.0], [0.0, 0.0]], "R-Sho": [[-0.007291666666666667, -0.2518518518518518], [-0.06770833333333333, -0.1648148148148148], [-0.171875, -0.07777777777777778], [0.0, 0.0], [0.0, 0.0], [0.0, 0.0], [0.0, 0.0], [0.0, 0.0], [0.0, 0.0], [0.0, 0.0]], "R-Elb": [[-0.030208333333333334, -0.25], [-0.0796875, -0.14166666666666666], [-0.18645833333333334, -0.06666666666666667], [0.0, 0.0], [0.0, 0.0], [0.0, 0.0], [0.0, 0.0], [0.0, 0.0], [0.0, 0.0], [0.0, 0.0]], "R-Wr": [[-0.03229166666666667, -0.2], [-0.0796875, -0.12129629629629629], [-0.20260416666666667, -0.053703703703703705], [0.0, 0.0], [0.0, 0.0], [0.0, 0.0], [0.0, 0.0], [0.0, 0.0], [0.0, 0.0], [0.0, 0.0]], "L-Sho": [[0.018229166666666668, -0.25555555555555554], [-0.04739583333333333, -0.17777777777777778], [-0.16614583333333333, -0.10648148148148148], [0.0, 0.0], [0.0, 0.0], [0.0, 0.0], [0.0, 0.0], [0.0, 0.0], [0.0, 0.0], [0.0, 0.0]], "L-Elb": [[0.033854166666666664, -0.23148148148148148], [-0.0328125, -0.15185185185185185], [-0.1765625, -0.06851851851851852], [0.0, 0.0], [0.0, 0.0], [0.0, 0.0], [0.0, 0.0], [0.0, 0.0], [0.0, 0.0], [0.0, 0.0]], "L-Wr": [[0.03854166666666667, -0.2074074074074074], [-0.0328125, -0.15185185185185185], [-0.1828125, -0.04351851851851852], [0.0, 0.0], [0.0, 0.0], [0.0, 0.0], [0.0, 0.0], [0.0, 0.0], [0.0, 0.0], [0.0, 0.0]], "R-Hip": [[-0.00625, -0.18518518518518517], [-0.042708333333333334, -0.14074074074074075], [-0.12552083333333333, -0.07685185185185185], [0.0, 0.0], [0.0, 0.0], [0.0, 0.0], [0.0, 0.0], [0.0, 0.0], [0.0, 0.0], [0.0, 0.0]], "R-Knee": [[-0.018229166666666668, -0.14166666666666666], [-0.01875, -0.07777777777777778], [-0.07395833333333333, -0.08425925925925926], [0.0, 0.0], [0.0, 0.0], [0.0, 0.0], [0.0, 0.0], [0.0, 0.0], [0.0, 0.0], [0.0, 0.0]], "R-Ank": [[-0.01875, -0.09814814814814815], [0.017708333333333333, -0.05555555555555555], [-0.03958333333333333, -0.08425925925925926], [0.0, 0.0], [0.0, 0.0], [0.0, 0.0], [0.0, 0.0], [0.0, 0.0], [0.0, 0.0], [0.0, 0.0]], "L-Hip": [[0.0171875, -0.18518518518518517], [-0.030729166666666665, -0.1425925925925926], [-0.11822916666666666, -0.10648148148148148], [0.0, 0.0], [0.0, 0.0], [0.0, 0.0], [0.0, 0.0], [0.0, 0.0], [0.0, 0.0], [0.0, 0.0]], "L-Knee": [[0.018229166666666668, -0.14166666666666666], [-0.00625, -0.11944444444444445], [-0.08958333333333333, -0.12037037037037036], [0.0, 0.0], [0.0, 0.0], [0.0, 0.0], [0.0, 0.0], [0.0, 0.0], [0.0, 0.0], [0.0, 0.0]], "L-Ank": [[0.030729166666666665, -0.07685185185185185], [0.017708333333333333, -0.11851851851851852], [-0.05677083333333333, -0.15555555555555556], [0.0, 0.0], [0.0, 0.0], [0.0, 0.0], [0.0, 0.0], [0.0, 0.0], [0.0, 0.0], [0.0, 0.0]]}