{"Head": [[-0.03229166666666667, 0.011111111111111112], [-0.0203125, 0.019444444444444445], [0.051041666666666666, 0.07222222222222222], [0.16979166666666667, 0.1287037037037037], [0.28125, 0.19074074074074074], [0.0, 0.0], [0.0, 0.0], [0.0, 0.0], [0.0, 0.0], [0.0, 0.0]], "R-Sho": [[-0.04375, 0.032407407407407406], [-0.03125, 0.032407407407407406], [0.0421875, 0.07592592592592592], [0.15, 0.14537037037037037], [0.25729166666666664, 0.18981481481481483], [0.0, 0.0], [0.0, 0.0], [0.0, 0.0], [0.0, 0.0], [0.0, 0.0]], "R-Elb": [[-0.05520833333333333, 0.05462962962962963], [-0.043229166666666666, 0.05462962962962963], [0.0296875, 0.09722222222222222], [0.15, 0.12222222222222222], [0.2520833333333333, 0.21666666666666667], [0.0, 0.0], [0.0, 0.0], [0.0, 0.0], [0.0, 0.0], [0.0, 0.0]], "R-Wr": [[-0.05520833333333333, 0.0962962962962963], [-0.043229166666666666, 0.07592592592592592], [0.030208333333333334, 0.09722222222222222], [0.16354166666666667, 0.11388888888888889], [0.2671875, 0.2490740740740741], [0.0, 0.0], [0.0, 0.0], [0.0, 0.0], [0.0, 0.0], [0.0, 0.0]], "L-Sho": [[-0.01875, 0.032407407407407406], [-0.00625, 0.03333333333333333], [0.0546875, 0.09722222222222222], [0.16927083333333334, 0.18703703703703703], [0.2630208333333333, 0.21851851851851853], [0.0, 0.0], [0.0, 0.0], [0.0, 0.0], [0.0, 0.0], [0.0, 0.0]], "L-Elb": [[-0.018229166666666668, 0.05462962962962963], [-0.005729166666666666, 0.075], [0.06666666666666667, 0.11944444444444445], [0.1828125, 0.2037037037037037], [0.2630208333333333, 0.21851851851851853], [0.0, 0.0], [0.0, 0.0], [0.0, 0.0], [0.0, 0.0], [0.0, 0.0]], "L-Wr": [[-0.0067708333333333336, 0.0962962962962963], [-0.00625, 0.09722222222222222], [0.0671875, 0.12037037037037036], [0.21197916666666666, 0.20185185185185187], [0.27760416666666665, 0.2601851851851852], [0.0, 0.0], [0.0, 0.0], [0.0, 0.0], [0.0, 0.0], [0.0, 0.0]], "R-Hip": [[-0.043229166666666666, 0.09722222222222222], [-0.030729166666666665, 0.09814814814814815], [0.017708333333333333, 0.14074074074074075], [0.115625, 0.1712962962962963], [0.22916666666666666, 0.22777777777777777], [0.0, 0.0], [0.0, 0.0], [0.0, 0.0], [0.0, 0.0], [0.0, 0.0]], "R-Knee": [[-0.0546875, 0.14166666666666666], [-0.042708333333333334, 0.14074074074074075], [-0.00625, 0.1712962962962963], [0.08489583333333334, 0.14351851851851852], [0.2296875, 0.19074074074074074], [0.0, 0.0], [0.0, 0.0], [0.0, 0.0], [0.0, 0.0], [0.0, 0.0]], "R-Ank": [[-0.05520833333333333, 0.16296296296296298], [-0.0546875, 0.1638888888888889], [-0.030729166666666665, 0.2064814814814815], [0.058854166666666666, 0.12962962962962962], [0.19895833333333332, 0.20462962962962963], [0.0, 0.0], [0.0, 0.0], [0.0, 0.0], [0.0, 0.0], [0.0, 0.0]], "L-Hip": [[-0.030208333333333334, 0.09722222222222222], [-0.018229166666666668, 0.11851851851851852], [0.0296875, 0.15462962962962962], [0.13072916666666667, 0.19444444444444445], [0.2359375, 0.24444444444444444], [0.0, 0.0], [0.0, 0.0], [0.0, 0.0], [0.0, 0.0], [0.0, 0.0]], "L-Knee": [[-0.018229166666666668, 0.14074074074074075], [-0.00625, 0.14166666666666666], [0.020833333333333332, 0.18055555555555555], [0.10833333333333334, 0.2222222222222222], [0.24895833333333334, 0.2564814814814815], [0.0, 0.0], [0.0, 0.0], [0.0, 0.0], [0.0, 0.0], [0.0, 0.0]], "L-Ank": [[-0.017708333333333333, 0.18425925925925926], [-0.019270833333333334, 0.18425925925925926], [0.0015625, 0.20555555555555555], [0.07239583333333334, 0.225], [0.2171875, 0.2611111111111111], [0.0, 0.0], [0.0, 0.0], [0.0, 0.0], [0.0, 0.0], [0.0, 0.0]]}