{"Head": [[-0.005729166666666666, -0.1638888888888889], [-0.043229166666666666, -0.1638888888888889], [-0.0671875, -0.11944444444444445], [0.0, 0.0], [0.0, 0.0], [0.0, 0.0], [0.0, 0.0], [0.0, 0.0], [0.0, 0.0], [0.0, 0.0]], "R-Sho": [[-0.01875, -0.14074074074074075], [-0.043229166666666666, -0.12129629629629629], [-0.05520833333333333, -0.07592592592592592], [0.0, 0.0], [0.0, 0.0], [0.0, 0.0], [0.0, 0.0], [0.0, 0.0], [0.0, 0.0], [0.0, 0.0]], "R-Elb": [[-0.03125, -0.09814814814814815], [-0.05520833333333333, -0.07685185185185185], [-0.05520833333333333, -0.012037037037037037], [0.0, 0.0], [0.0, 0.0], [0.0, 0.0], [0.0, 0.0], [0.0, 0.0], [0.0, 0.0], [0.0, 0.0]], "R-Wr": [[-0.043229166666666666, -0.07592592592592592], [-0.0796875, -0.075], [-0.06666666666666667, 0.03148148148148148], [0.0, 0.0], [0.0, 0.0], [0.0, 0.0], [0.0, 0.0], [0.0, 0.0], [0.0, 0.0], [0.0, 0.0]], "L-Sho": [[0.018229166666666668, -0.14166666666666666], [-0.0046875, -0.14814814814814814], [-0.0296875, -0.11481481481481481], [0.0, 0.0], [0.0, 0.0], [0.0, 0.0], [0.0, 0.0], [0.0, 0.0], [0.0, 0.0], [0.0, 0.0]], "L-Elb": [[0.0421875, -0.09814814814814815], [0.021354166666666667, -0.11018518518518519], [0.005729166666666666, -0.09814814814814815], [0.0, 0.0], [0.0, 0.0], [0.0, 0.0], [0.0, 0.0], [0.0, 0.0], [0.0, 0.0], [0.0, 0.0]], "L-Wr": [[0.05416666666666667, -0.05462962962962963], [0.005208333333333333, -0.12129629629629629], [0.005729166666666666, -0.07592592592592592], [0.0, 0.0], [0.0, 0.0], [0.0, 0.0], [0.0, 0.0], [0.0, 0.0], [0.0, 0.0], [0.0, 0.0]], "R-Hip": [[-0.00625, -0.05462962962962963], [-0.030729166666666665, -0.03333333333333333], [-0.030729166666666665, -0.011111111111111112], [0.0, 0.0], [0.0, 0.0], [0.0, 0.0], [0.0, 0.0], [0.0, 0.0], [0.0, 0.0], [0.0, 0.0]], "R-Knee": [[-0.01875, 0.010185185185185186], [-0.05520833333333333, 0.009259259259259259], [-0.043229166666666666, 0.03148148148148148], [0.0, 0.0], [0.0, 0.0], [0.0, 0.0], [0.0, 0.0], [0.0, 0.0], [0.0, 0.0], [0.0, 0.0]], "R-Ank": [[-0.01875, 0.075], [-0.05520833333333333, 0.07592592592592592], [-0.043229166666666666, 0.075], [0.0, 0.0], [0.0, 0.0], [0.0, 0.0], [0.0, 0.0], [0.0, 0.0], [0.0, 0.0], [0.0, 0.0]], "L-Hip": [[0.018229166666666668, -0.05462962962962963], [-0.0015625, -0.03518518518518519], [-0.00625, -0.032407407407407406], [0.0, 0.0], [0.0, 0.0], [0.0, 0.0], [0.0, 0.0], [0.0, 0.0], [0.0, 0.0], [0.0, 0.0]], "L-Knee": [[0.042708333333333334, 0.010185185185185186], [0.030208333333333334, 0.030555555555555555], [0.018229166666666668, 0.03148148148148148], [0.0, 0.0], [0.0, 0.0], [0.0, 0.0], [0.0, 0.0], [0.0, 0.0], [0.0, 0.0], [0.0, 0.0]], "L-Ank": [[0.0671875, 0.07592592592592592], [0.0546875, 0.07685185185185185], [0.0546875, 0.09722222222222222], [0.0, 0.0], [0.0, 0.0], [0.0, 0.0], [0.0, 0.0], [0.0, 0.0], [0.0, 0.0], [0.0, 0.0]]}