{"Head": [[-0.0067708333333333336, -0.2074074074074074], [-0.00625, -0.2074074074074074], [0.041666666666666664, -0.16018518518518518], [0.2625, -0.02962962962962963], [0.0, 0.0], [0.0, 0.0], [0.0, 0.0], [0.0, 0.0], [0.0, 0.0], [0.0, 0.0]], "R-Sho": [[-0.030729166666666665, -0.20555555555555555], [-0.019270833333333334, -0.18518518518518517], [0.018229166666666668, -0.14166666666666666], [0.25416666666666665, -0.025], [0.0, 0.0], [0.0, 0.0], [0.0, 0.0], [0.0, 0.0], [0.0, 0.0], [0.0, 0.0]], "R-Elb": [[-0.043229166666666666, -0.18518518518518517], [-0.030729166666666665, -0.1425925925925926], [-0.005729166666666666, -0.09907407407407408], [0.2682291666666667, -0.008333333333333333], [0.0, 0.0], [0.0, 0.0], [0.0, 0.0], [0.0, 0.0], [0.0, 0.0], [0.0, 0.0]], "R-Wr": [[-0.06770833333333333, -0.1638888888888889], [-0.042708333333333334, -0.09907407407407408], [-0.009895833333333333, -0.06111111111111111], [0.2942708333333333, -0.003703703703703704], [0.0, 0.0], [0.0, 0.0], [0.0, 0.0], [0.0, 0.0], [0.0, 0.0], [0.0, 0.0]], "L-Sho": [[0.005729166666666666, -0.2064814814814815], [0.00625, -0.18518518518518517], [0.0546875, -0.12037037037037036], [0.253125, -0.021296296296296296], [0.0, 0.0], [0.0, 0.0], [0.0, 0.0], [0.0, 0.0], [0.0, 0.0], [0.0, 0.0]], "L-Elb": [[0.030208333333333334, -0.18518518518518517], [0.018229166666666668, -0.14166666666666666], [0.0546875, -0.07592592592592592], [0.26510416666666664, -0.012962962962962963], [0.0, 0.0], [0.0, 0.0], [0.0, 0.0], [0.0, 0.0], [0.0, 0.0], [0.0, 0.0]], "L-Wr": [[0.0546875, -0.1648148148148148], [0.018229166666666668, -0.09814814814814815], [0.042708333333333334, -0.03425925925925926], [0.29375, -0.000925925925925926], [0.0, 0.0], [0.0, 0.0], [0.0, 0.0], [0.0, 0.0], [0.0, 0.0], [0.0, 0.0]], "R-Hip": [[-0.01875, -0.12037037037037036], [-0.01875, -0.09907407407407408], [0.005729166666666666, -0.075], [0.209375, 0.018518518518518517], [0.0, 0.0], [0.0, 0.0], [0.0, 0.0], [0.0, 0.0], [0.0, 0.0], [0.0, 0.0]], "R-Knee": [[-0.03125, -0.05462962962962963], [-0.030729166666666665, -0.03425925925925926], [-0.018229166666666668, -0.03148148148148148], [0.15677083333333333, 0.028703703703703703], [0.0, 0.0], [0.0, 0.0], [0.0, 0.0], [0.0, 0.0], [0.0, 0.0], [0.0, 0.0]], "R-Ank": [[-0.042708333333333334, 0.030555555555555555], [-0.042708333333333334, 0.032407407407407406], [-0.03125, 0.032407407407407406], [0.1140625, -0.04259259259259259], [0.0, 0.0], [0.0, 0.0], [0.0, 0.0], [0.0, 0.0], [0.0, 0.0], [0.0, 0.0]], "L-Hip": [[0.005208333333333333, -0.12037037037037036], [0.005729166666666666, -0.09907407407407408], [0.030208333333333334, -0.05462962962962963], [0.20989583333333334, 0.03333333333333333], [0.0, 0.0], [0.0, 0.0], [0.0, 0.0], [0.0, 0.0], [0.0, 0.0], [0.0, 0.0]], "L-Knee": [[0.00625, -0.05462962962962963], [0.017708333333333333, -0.053703703703703705], [0.030729166666666665, -0.012037037037037037], [0.15729166666666666, 0.0824074074074074], [0.0, 0.0], [0.0, 0.0], [0.0, 0.0], [0.0, 0.0], [0.0, 0.0], [0.0, 0.0]], "L-Ank": [[0.00625, 0.03148148148148148], [0.017708333333333333, 0.032407407407407406], [0.005729166666666666, 0.032407407407407406], [0.14635416666666667, 0.021296296296296296], [0.0, 0.0], [0.0, 0.0], [0.0, 0.0], [0.0, 0.0], [0.0, 0.0], [0.0, 0.0]]}