{"Head": [[-0.0020833333333333333, -0.2388888888888889], [-0.0140625, -0.19907407407407407], [-0.0640625, -0.18333333333333332], [-0.10364583333333334, -0.17592592592592593], [-0.16458333333333333, -0.16111111111111112], [0.0, 0.0], [0.0, 0.0], [0.0, 0.0], [0.0, 0.0], [0.0, 0.0]], "R-Sho": [[-0.013020833333333334, -0.23148148148148148], [-0.023958333333333335, -0.1925925925925926], [-0.058854166666666666, -0.16666666666666666], [-0.10833333333333334, -0.14814814814814814], [-0.153125, -0.1425925925925926], [0.0, 0.0], [0.0, 0.0], [0.0, 0.0], [0.0, 0.0], [0.0, 0.0]], "R-Elb": [[-0.015625, -0.21481481481481482], [-0.028125, -0.18425925925925926], [-0.06666666666666667, -0.16111111111111112], [-0.10989583333333333, -0.13333333333333333], [-0.1625, -0.13425925925925927], [0.0, 0.0], [0.0, 0.0], [0.0, 0.0], [0.0, 0.0], [0.0, 0.0]], "R-Wr": [[-0.015625, -0.1925925925925926], [-0.030208333333333334, -0.16944444444444445], [-0.0734375, -0.1574074074074074], [-0.10364583333333334, -0.13333333333333333], [-0.16875, -0.13425925925925927], [0.0, 0.0], [0.0, 0.0], [0.0, 0.0], [0.0, 0.0], [0.0, 0.0]], "L-Sho": [[0.0015625, -0.23055555555555557], [-0.009375, -0.19074074074074074], [-0.050520833333333334, -0.18518518518518517], [-0.09479166666666666, -0.17592592592592593], [-0.14739583333333334, -0.16944444444444445], [0.0, 0.0], [0.0, 0.0], [0.0, 0.0], [0.0, 0.0], [0.0, 0.0]], "L-Elb": [[0.005729166666666666, -0.20925925925925926], [0.0, -0.17777777777777778], [-0.0421875, -0.1787037037037037], [-0.07916666666666666, -0.17314814814814813], [-0.15208333333333332, -0.17037037037037037], [0.0, 0.0], [0.0, 0.0], [0.0, 0.0], [0.0, 0.0], [0.0, 0.0]], "L-Wr": [[0.008854166666666666, -0.1935185185185185], [0.0005208333333333333, -0.1574074074074074], [-0.04791666666666667, -0.16944444444444445], [-0.08125, -0.1574074074074074], [-0.15729166666666666, -0.16111111111111112], [0.0, 0.0], [0.0, 0.0], [0.0, 0.0], [0.0, 0.0], [0.0, 0.0]], "R-Hip": [[-0.00625, -0.2064814814814815], [-0.018229166666666668, -0.1638888888888889], [-0.0390625, -0.14629629629629629], [-0.08229166666666667, -0.1361111111111111], [-0.1390625, -0.13518518518518519], [0.0, 0.0], [0.0, 0.0], [0.0, 0.0], [0.0, 0.0], [0.0, 0.0]], "R-Knee": [[-0.00625, -0.18425925925925926], [-0.021875, -0.15462962962962962], [-0.033854166666666664, -0.125], [-0.06614583333333333, -0.1361111111111111], [-0.153125, -0.11944444444444445], [0.0, 0.0], [0.0, 0.0], [0.0, 0.0], [0.0, 0.0], [0.0, 0.0]], "R-Ank": [[-0.00625, -0.16296296296296298], [-0.0140625, -0.14074074074074075], [-0.009375, -0.12777777777777777], [-0.041666666666666664, -0.1398148148148148], [-0.13854166666666667, -0.11296296296296296], [0.0, 0.0], [0.0, 0.0], [0.0, 0.0], [0.0, 0.0], [0.0, 0.0]], "L-Hip": [[-0.00625, -0.2064814814814815], [-0.010416666666666666, -0.16203703703703703], [-0.03229166666666667, -0.16296296296296298], [-0.07447916666666667, -0.1648148148148148], [-0.13229166666666667, -0.14907407407407408], [0.0, 0.0], [0.0, 0.0], [0.0, 0.0], [0.0, 0.0], [0.0, 0.0]], "L-Knee": [[-0.00625, -0.18425925925925926], [-0.0005208333333333333, -0.15], [-0.018229166666666668, -0.15555555555555556], [-0.052083333333333336, -0.16666666666666666], [-0.14010416666666667, -0.14166666666666666], [0.0, 0.0], [0.0, 0.0], [0.0, 0.0], [0.0, 0.0], [0.0, 0.0]], "L-Ank": [[-0.0010416666666666667, -0.2064814814814815], [0.011979166666666667, -0.14074074074074075], [0.0005208333333333333, -0.14444444444444443], [-0.036458333333333336, -0.17685185185185184], [-0.10677083333333333, -0.14444444444444443], [0.0, 0.0], [0.0, 0.0], [0.0, 0.0], [0.0, 0.0], [0.0, 0.0]]}