{"Head": [[0.011979166666666667, -0.28888888888888886], [0.018229166666666668, -0.25], [-0.16666666666666666, -0.1638888888888889], [0.0, 0.0], [0.0, 0.0], [0.0, 0.0], [0.0, 0.0], [0.0, 0.0], [0.0, 0.0], [0.0, 0.0]], "R-Sho": [[-0.00625, -0.2722222222222222], [0.005729166666666666, -0.2490740740740741], [-0.16041666666666668, -0.13148148148148148], [0.0, 0.0], [0.0, 0.0], [0.0, 0.0], [0.0, 0.0], [0.0, 0.0], [0.0, 0.0], [0.0, 0.0]], "R-Elb": [[-0.01875, -0.25], [-0.010416666666666666, -0.23981481481481481], [-0.18385416666666668, -0.11481481481481481], [0.0, 0.0], [0.0, 0.0], [0.0, 0.0], [0.0, 0.0], [0.0, 0.0], [0.0, 0.0], [0.0, 0.0]], "R-Wr": [[-0.030729166666666665, -0.2074074074074074], [-0.030208333333333334, -0.22962962962962963], [-0.2046875, -0.10462962962962963], [0.0, 0.0], [0.0, 0.0], [0.0, 0.0], [0.0, 0.0], [0.0, 0.0], [0.0, 0.0], [0.0, 0.0]], "L-Sho": [[0.027604166666666666, -0.275], [0.034375, -0.23703703703703705], [-0.15104166666666666, -0.17777777777777778], [0.0, 0.0], [0.0, 0.0], [0.0, 0.0], [0.0, 0.0], [0.0, 0.0], [0.0, 0.0], [0.0, 0.0]], "L-Elb": [[0.04010416666666667, -0.2490740740740741], [0.03854166666666667, -0.19722222222222222], [-0.1703125, -0.19722222222222222], [0.0, 0.0], [0.0, 0.0], [0.0, 0.0], [0.0, 0.0], [0.0, 0.0], [0.0, 0.0], [0.0, 0.0]], "L-Wr": [[0.04791666666666667, -0.2175925925925926], [0.03177083333333333, -0.1685185185185185], [-0.1890625, -0.17222222222222222], [0.0, 0.0], [0.0, 0.0], [0.0, 0.0], [0.0, 0.0], [0.0, 0.0], [0.0, 0.0], [0.0, 0.0]], "R-Hip": [[0.0005208333333333333, -0.21574074074074073], [0.005729166666666666, -0.18518518518518517], [-0.11041666666666666, -0.13333333333333333], [0.0, 0.0], [0.0, 0.0], [0.0, 0.0], [0.0, 0.0], [0.0, 0.0], [0.0, 0.0], [0.0, 0.0]], "R-Knee": [[-0.0067708333333333336, -0.18518518518518517], [-0.00625, -0.1638888888888889], [-0.07604166666666666, -0.12777777777777777], [0.0, 0.0], [0.0, 0.0], [0.0, 0.0], [0.0, 0.0], [0.0, 0.0], [0.0, 0.0], [0.0, 0.0]], "R-Ank": [[-0.01875, -0.12037037037037036], [0.005729166666666666, -0.11944444444444445], [-0.029166666666666667, -0.12685185185185185], [0.0, 0.0], [0.0, 0.0], [0.0, 0.0], [0.0, 0.0], [0.0, 0.0], [0.0, 0.0], [0.0, 0.0]], "L-Hip": [[0.018229166666666668, -0.2074074074074074], [0.01875, -0.18518518518518517], [-0.10677083333333333, -0.17314814814814813], [0.0, 0.0], [0.0, 0.0], [0.0, 0.0], [0.0, 0.0], [0.0, 0.0], [0.0, 0.0], [0.0, 0.0]], "L-Knee": [[0.030729166666666665, -0.18518518518518517], [0.030729166666666665, -0.1638888888888889], [-0.0828125, -0.17592592592592593], [0.0, 0.0], [0.0, 0.0], [0.0, 0.0], [0.0, 0.0], [0.0, 0.0], [0.0, 0.0], [0.0, 0.0]], "L-Ank": [[0.0421875, -0.12037037037037036], [0.0546875, -0.12037037037037036], [-0.05572916666666667, -0.18703703703703703], [0.0, 0.0], [0.0, 0.0], [0.0, 0.0], [0.0, 0.0], [0.0, 0.0], [0.0, 0.0], [0.0, 0.0]]}