{"Head": [[0.005729166666666666, -0.2064814814814815], [0.0036458333333333334, -0.17685185185185184], [0.03125, -0.15925925925925927], [0.06979166666666667, -0.13703703703703704], [0.13385416666666666, -0.07962962962962963], [0.0, 0.0], [0.0, 0.0], [0.0, 0.0], [0.0, 0.0], [0.0, 0.0]], "R-Sho": [[-0.00625, -0.18518518518518517], [-0.0036458333333333334, -0.16944444444444445], [0.020833333333333332, -0.15185185185185185], [0.06041666666666667, -0.13333333333333333], [0.12447916666666667, -0.06666666666666667], [0.0, 0.0], [0.0, 0.0], [0.0, 0.0], [0.0, 0.0], [0.0, 0.0]], "R-Elb": [[-0.011979166666666667, -0.1824074074074074], [-0.013541666666666667, -0.16111111111111112], [0.013541666666666667, -0.14722222222222223], [0.0515625, -0.1425925925925926], [0.11302083333333333, -0.07407407407407407], [0.0, 0.0], [0.0, 0.0], [0.0, 0.0], [0.0, 0.0], [0.0, 0.0]], "R-Wr": [[-0.0036458333333333334, -0.1787037037037037], [-0.020833333333333332, -0.14537037037037037], [0.01875, -0.14722222222222223], [0.04479166666666667, -0.1574074074074074], [0.12239583333333333, -0.07037037037037037], [0.0, 0.0], [0.0, 0.0], [0.0, 0.0], [0.0, 0.0], [0.0, 0.0]], "L-Sho": [[0.005729166666666666, -0.18518518518518517], [0.010416666666666666, -0.16666666666666666], [0.029166666666666667, -0.15], [0.07239583333333334, -0.1259259259259259], [0.12708333333333333, -0.06018518518518518], [0.0, 0.0], [0.0, 0.0], [0.0, 0.0], [0.0, 0.0], [0.0, 0.0]], "L-Elb": [[0.018229166666666668, -0.18518518518518517], [0.017708333333333333, -0.15092592592592594], [0.027083333333333334, -0.1388888888888889], [0.08229166666666667, -0.11296296296296296], [0.12708333333333333, -0.04259259259259259], [0.0, 0.0], [0.0, 0.0], [0.0, 0.0], [0.0, 0.0], [0.0, 0.0]], "L-Wr": [[0.011979166666666667, -0.18055555555555555], [0.023958333333333335, -0.14074074074074075], [0.035416666666666666, -0.13425925925925927], [0.09427083333333333, -0.1037037037037037], [0.12291666666666666, -0.03981481481481482], [0.0, 0.0], [0.0, 0.0], [0.0, 0.0], [0.0, 0.0], [0.0, 0.0]], "R-Hip": [[-0.005729166666666666, -0.1425925925925926], [-0.0010416666666666667, -0.14166666666666666], [0.0140625, -0.13055555555555556], [0.05, -0.1175925925925926], [0.10885416666666667, -0.062037037037037036], [0.0, 0.0], [0.0, 0.0], [0.0, 0.0], [0.0, 0.0], [0.0, 0.0]], "R-Knee": [[-0.008333333333333333, -0.12962962962962962], [-0.008333333333333333, -0.125], [-0.0005208333333333333, -0.12407407407407407], [0.03802083333333333, -0.13425925925925927], [0.0953125, -0.09444444444444444], [0.0, 0.0], [0.0, 0.0], [0.0, 0.0], [0.0, 0.0], [0.0, 0.0]], "R-Ank": [[-0.0125, -0.10833333333333334], [-0.013020833333333334, -0.09351851851851851], [-0.013020833333333334, -0.09907407407407408], [0.020833333333333332, -0.14629629629629629], [0.078125, -0.07962962962962963], [0.0, 0.0], [0.0, 0.0], [0.0, 0.0], [0.0, 0.0], [0.0, 0.0]], "L-Hip": [[0.011458333333333333, -0.14074074074074075], [0.005729166666666666, -0.1388888888888889], [0.022395833333333334, -0.13055555555555556], [0.050520833333333334, -0.09444444444444444], [0.10364583333333334, -0.044444444444444446], [0.0, 0.0], [0.0, 0.0], [0.0, 0.0], [0.0, 0.0], [0.0, 0.0]], "L-Knee": [[0.015625, -0.12314814814814815], [0.009895833333333333, -0.11944444444444445], [0.021875, -0.10833333333333334], [0.0359375, -0.08703703703703704], [0.0890625, -0.04351851851851852], [0.0, 0.0], [0.0, 0.0], [0.0, 0.0], [0.0, 0.0], [0.0, 0.0]], "L-Ank": [[0.01875, -0.10648148148148148], [0.016666666666666666, -0.09351851851851851], [-0.0015625, -0.08888888888888889], [0.019270833333333334, -0.09351851851851851], [0.07604166666666666, -0.05555555555555555], [0.0, 0.0], [0.0, 0.0], [0.0, 0.0], [0.0, 0.0], [0.0, 0.0]]}