{"Head": [[-0.0328125, -0.21851851851851853], [-0.0067708333333333336, -0.18518518518518517], [-0.09166666666666666, -0.14074074074074075], [-0.278125, -0.013888888888888888], [0.0, 0.0], [0.0, 0.0], [0.0, 0.0], [0.0, 0.0], [0.0, 0.0], [0.0, 0.0]], "R-Sho": [[-0.04635416666666667, -0.17407407407407408], [-0.030729166666666665, -0.1425925925925926], [-0.10364583333333334, -0.09814814814814815], [-0.2791666666666667, 0.011111111111111112], [0.0, 0.0], [0.0, 0.0], [0.0, 0.0], [0.0, 0.0], [0.0, 0.0], [0.0, 0.0]], "R-Elb": [[-0.05520833333333333, -0.11203703703703703], [-0.03177083333333333, -0.09907407407407408], [-0.0984375, -0.06018518518518518], [-0.30625, 0.05], [0.0, 0.0], [0.0, 0.0], [0.0, 0.0], [0.0, 0.0], [0.0, 0.0], [0.0, 0.0]], "R-Wr": [[-0.059375, -0.06481481481481481], [-0.043229166666666666, -0.05462962962962963], [-0.09010416666666667, -0.020370370370370372], [-0.33541666666666664, 0.06666666666666667], [0.0, 0.0], [0.0, 0.0], [0.0, 0.0], [0.0, 0.0], [0.0, 0.0], [0.0, 0.0]], "L-Sho": [[-0.010416666666666666, -0.1648148148148148], [0.005729166666666666, -0.16296296296296298], [-0.06302083333333333, -0.10555555555555556], [-0.2557291666666667, -0.019444444444444445], [0.0, 0.0], [0.0, 0.0], [0.0, 0.0], [0.0, 0.0], [0.0, 0.0], [0.0, 0.0]], "L-Elb": [[-0.0067708333333333336, -0.12037037037037036], [0.018229166666666668, -0.11944444444444445], [-0.05, -0.06574074074074074], [-0.23125, -0.06574074074074074], [0.0, 0.0], [0.0, 0.0], [0.0, 0.0], [0.0, 0.0], [0.0, 0.0], [0.0, 0.0]], "L-Wr": [[-0.017708333333333333, -0.07592592592592592], [0.030208333333333334, -0.07592592592592592], [-0.059375, -0.02962962962962963], [-0.22083333333333333, -0.09722222222222222], [0.0, 0.0], [0.0, 0.0], [0.0, 0.0], [0.0, 0.0], [0.0, 0.0], [0.0, 0.0]], "R-Hip": [[-0.043229166666666666, -0.07685185185185185], [-0.01875, -0.07685185185185185], [-0.075, -0.012037037037037037], [-0.2234375, 0.05185185185185185], [0.0, 0.0], [0.0, 0.0], [0.0, 0.0], [0.0, 0.0], [0.0, 0.0], [0.0, 0.0]], "R-Knee": [[-0.05572916666666667, -0.012037037037037037], [-0.030729166666666665, -0.03148148148148148], [-0.07760416666666667, 0.007407407407407408], [-0.19270833333333334, 0.04259259259259259], [0.0, 0.0], [0.0, 0.0], [0.0, 0.0], [0.0, 0.0], [0.0, 0.0], [0.0, 0.0]], "R-Ank": [[-0.0671875, 0.032407407407407406], [-0.043229166666666666, 0.032407407407407406], [-0.0546875, 0.03888888888888889], [-0.140625, 0.025925925925925925], [0.0, 0.0], [0.0, 0.0], [0.0, 0.0], [0.0, 0.0], [0.0, 0.0], [0.0, 0.0]], "L-Hip": [[-0.019270833333333334, -0.07685185185185185], [0.005208333333333333, -0.07685185185185185], [-0.04895833333333333, -0.03148148148148148], [-0.22447916666666667, 0.007407407407407408], [0.0, 0.0], [0.0, 0.0], [0.0, 0.0], [0.0, 0.0], [0.0, 0.0], [0.0, 0.0]], "L-Knee": [[-0.030208333333333334, -0.012962962962962963], [0.017708333333333333, -0.03333333333333333], [-0.03229166666666667, 0.006481481481481481], [-0.19114583333333332, -0.003703703703703704], [0.0, 0.0], [0.0, 0.0], [0.0, 0.0], [0.0, 0.0], [0.0, 0.0], [0.0, 0.0]], "L-Ank": [[-0.01875, 0.032407407407407406], [0.018229166666666668, 0.03148148148148148], [0.0125, 0.028703703703703703], [-0.15833333333333333, -0.032407407407407406], [0.0, 0.0], [0.0, 0.0], [0.0, 0.0], [0.0, 0.0], [0.0, 0.0], [0.0, 0.0]]}