{"Head": [[0.005208333333333333, -0.22777777777777777], [-0.11614583333333334, -0.03333333333333333], [-0.31197916666666664, 0.05462962962962963], [0.0, 0.0], [0.0, 0.0], [0.0, 0.0], [0.0, 0.0], [0.0, 0.0], [0.0, 0.0], [0.0, 0.0]], "R-Sho": [[-0.01875, -0.1638888888888889], [-0.13125, 0.005555555555555556], [-0.3234375, 0.11944444444444445], [0.0, 0.0], [0.0, 0.0], [0.0, 0.0], [0.0, 0.0], [0.0, 0.0], [0.0, 0.0], [0.0, 0.0]], "R-Elb": [[-0.030208333333333334, -0.11944444444444445], [-0.146875, 0.04351851851851852], [-0.2989583333333333, 0.16203703703703703], [0.0, 0.0], [0.0, 0.0], [0.0, 0.0], [0.0, 0.0], [0.0, 0.0], [0.0, 0.0], [0.0, 0.0]], "R-Wr": [[-0.030729166666666665, -0.05555555555555555], [-0.159375, 0.07962962962962963], [-0.2625, 0.16296296296296298], [0.0, 0.0], [0.0, 0.0], [0.0, 0.0], [0.0, 0.0], [0.0, 0.0], [0.0, 0.0], [0.0, 0.0]], "L-Sho": [[0.018229166666666668, -0.1648148148148148], [-0.09895833333333333, -0.021296296296296296], [-0.2989583333333333, 0.07592592592592592], [0.0, 0.0], [0.0, 0.0], [0.0, 0.0], [0.0, 0.0], [0.0, 0.0], [0.0, 0.0], [0.0, 0.0]], "L-Elb": [[0.030208333333333334, -0.11944444444444445], [-0.06302083333333333, 0.000925925925925926], [-0.2625, 0.0962962962962963], [0.0, 0.0], [0.0, 0.0], [0.0, 0.0], [0.0, 0.0], [0.0, 0.0], [0.0, 0.0], [0.0, 0.0]], "L-Wr": [[0.030208333333333334, -0.07592592592592592], [-0.040625, 0.007407407407407408], [-0.2942708333333333, 0.09351851851851851], [0.0, 0.0], [0.0, 0.0], [0.0, 0.0], [0.0, 0.0], [0.0, 0.0], [0.0, 0.0], [0.0, 0.0]], "R-Hip": [[-0.0067708333333333336, -0.05555555555555555], [-0.08333333333333333, 0.06851851851851852], [-0.27395833333333336, 0.14166666666666666], [0.0, 0.0], [0.0, 0.0], [0.0, 0.0], [0.0, 0.0], [0.0, 0.0], [0.0, 0.0], [0.0, 0.0]], "R-Knee": [[-0.01875, 0.011111111111111112], [-0.04583333333333333, 0.12129629629629629], [-0.2921875, 0.1574074074074074], [0.0, 0.0], [0.0, 0.0], [0.0, 0.0], [0.0, 0.0], [0.0, 0.0], [0.0, 0.0], [0.0, 0.0]], "R-Ank": [[-0.030729166666666665, 0.09722222222222222], [-0.005208333333333333, 0.13518518518518519], [-0.2557291666666667, 0.17222222222222222], [0.0, 0.0], [0.0, 0.0], [0.0, 0.0], [0.0, 0.0], [0.0, 0.0], [0.0, 0.0], [0.0, 0.0]], "L-Hip": [[0.017708333333333333, -0.05555555555555555], [-0.0703125, 0.03333333333333333], [-0.25364583333333335, 0.12314814814814815], [0.0, 0.0], [0.0, 0.0], [0.0, 0.0], [0.0, 0.0], [0.0, 0.0], [0.0, 0.0], [0.0, 0.0]], "L-Knee": [[0.030208333333333334, 0.011111111111111112], [-0.0265625, 0.06851851851851852], [-0.22135416666666666, 0.10925925925925926], [0.0, 0.0], [0.0, 0.0], [0.0, 0.0], [0.0, 0.0], [0.0, 0.0], [0.0, 0.0], [0.0, 0.0]], "L-Ank": [[0.0421875, 0.09722222222222222], [0.034895833333333334, 0.09074074074074075], [-0.17239583333333333, 0.15], [0.0, 0.0], [0.0, 0.0], [0.0, 0.0], [0.0, 0.0], [0.0, 0.0], [0.0, 0.0], [0.0, 0.0]]}