{"Head": [[0.0010416666666666667, -0.04351851851851852], [0.018229166666666668, -0.2722222222222222], [0.009375, -0.1962962962962963], [-0.14010416666666667, -0.11666666666666667], [0.0, 0.0], [0.0, 0.0], [0.0, 0.0], [0.0, 0.0], [0.0, 0.0], [0.0, 0.0]], "R-Sho": [[0.0010416666666666667, -0.04351851851851852], [0.005729166666666666, -0.25], [-0.017708333333333333, -0.1648148148148148], [-0.12447916666666667, -0.075], [0.0, 0.0], [0.0, 0.0], [0.0, 0.0], [0.0, 0.0], [0.0, 0.0], [0.0, 0.0]], "R-Elb": [[0.0010416666666666667, -0.04351851851851852], [-0.0067708333333333336, -0.22777777777777777], [-0.018229166666666668, -0.14166666666666666], [-0.15364583333333334, -0.05925925925925926], [0.0, 0.0], [0.0, 0.0], [0.0, 0.0], [0.0, 0.0], [0.0, 0.0], [0.0, 0.0]], "R-Wr": [[0.0010416666666666667, -0.04351851851851852], [-0.030729166666666665, -0.2064814814814815], [-0.018229166666666668, -0.11944444444444445], [-0.17604166666666668, -0.04537037037037037], [0.0, 0.0], [0.0, 0.0], [0.0, 0.0], [0.0, 0.0], [0.0, 0.0], [0.0, 0.0]], "L-Sho": [[0.0010416666666666667, -0.04351851851851852], [0.030729166666666665, -0.25], [0.018229166666666668, -0.18518518518518517], [-0.11197916666666667, -0.1037037037037037], [0.0, 0.0], [0.0, 0.0], [0.0, 0.0], [0.0, 0.0], [0.0, 0.0], [0.0, 0.0]], "L-Elb": [[0.0010416666666666667, -0.04351851851851852], [0.05520833333333333, -0.22870370370370371], [0.041666666666666664, -0.1638888888888889], [-0.10104166666666667, -0.13240740740740742], [0.0, 0.0], [0.0, 0.0], [0.0, 0.0], [0.0, 0.0], [0.0, 0.0], [0.0, 0.0]], "L-Wr": [[0.0010416666666666667, -0.04351851851851852], [0.090625, -0.2074074074074074], [0.05416666666666667, -0.14166666666666666], [-0.1296875, -0.11574074074074074], [0.0, 0.0], [0.0, 0.0], [0.0, 0.0], [0.0, 0.0], [0.0, 0.0], [0.0, 0.0]], "R-Hip": [[0.0010416666666666667, -0.04351851851851852], [0.005729166666666666, -0.1638888888888889], [-0.005729166666666666, -0.12037037037037036], [-0.06458333333333334, -0.05], [0.0, 0.0], [0.0, 0.0], [0.0, 0.0], [0.0, 0.0], [0.0, 0.0], [0.0, 0.0]], "R-Knee": [[0.0010416666666666667, -0.04351851851851852], [-0.00625, -0.11944444444444445], [-0.0067708333333333336, -0.09814814814814815], [-0.027083333333333334, -0.023148148148148147], [0.0, 0.0], [0.0, 0.0], [0.0, 0.0], [0.0, 0.0], [0.0, 0.0], [0.0, 0.0]], "R-Ank": [[0.0010416666666666667, -0.04351851851851852], [-0.0067708333333333336, -0.05462962962962963], [0.018229166666666668, -0.03333333333333333], [0.019270833333333334, -0.020370370370370372], [0.0, 0.0], [0.0, 0.0], [0.0, 0.0], [0.0, 0.0], [0.0, 0.0], [0.0, 0.0]], "L-Hip": [[0.0010416666666666667, -0.04351851851851852], [0.030208333333333334, -0.1648148148148148], [0.018229166666666668, -0.12037037037037036], [-0.065625, -0.09074074074074075], [0.0, 0.0], [0.0, 0.0], [0.0, 0.0], [0.0, 0.0], [0.0, 0.0], [0.0, 0.0]], "L-Knee": [[0.0010416666666666667, -0.04351851851851852], [0.042708333333333334, -0.12037037037037036], [0.0421875, -0.07685185185185185], [-0.025, -0.075], [0.0, 0.0], [0.0, 0.0], [0.0, 0.0], [0.0, 0.0], [0.0, 0.0], [0.0, 0.0]], "L-Ank": [[0.0010416666666666667, -0.04351851851851852], [0.042708333333333334, -0.05462962962962963], [0.06666666666666667, -0.03333333333333333], [0.0234375, -0.06018518518518518], [0.0, 0.0], [0.0, 0.0], [0.0, 0.0], [0.0, 0.0], [0.0, 0.0], [0.0, 0.0]]}