{"Head": [[0.0125, -0.16574074074074074], [0.017708333333333333, -0.16296296296296298], [-0.09166666666666666, -0.14166666666666666], [-0.2046875, -0.037037037037037035], [0.0, 0.0], [0.0, 0.0], [0.0, 0.0], [0.0, 0.0], [0.0, 0.0], [0.0, 0.0]], "R-Sho": [[-0.0005208333333333333, -0.15555555555555556], [0.005208333333333333, -0.14166666666666666], [-0.08020833333333334, -0.10555555555555556], [-0.1875, -0.002777777777777778], [0.0, 0.0], [0.0, 0.0], [0.0, 0.0], [0.0, 0.0], [0.0, 0.0], [0.0, 0.0]], "R-Elb": [[-0.0140625, -0.11574074074074074], [-0.00625, -0.11944444444444445], [-0.1015625, -0.07314814814814814], [-0.21354166666666666, 0.001851851851851852], [0.0, 0.0], [0.0, 0.0], [0.0, 0.0], [0.0, 0.0], [0.0, 0.0], [0.0, 0.0]], "R-Wr": [[-0.013020833333333334, -0.08148148148148149], [-0.015625, -0.1], [-0.1359375, -0.05], [-0.2359375, 0.006481481481481481], [0.0, 0.0], [0.0, 0.0], [0.0, 0.0], [0.0, 0.0], [0.0, 0.0], [0.0, 0.0]], "L-Sho": [[0.03333333333333333, -0.15925925925925927], [0.0296875, -0.14166666666666666], [-0.06145833333333333, -0.13240740740740742], [-0.184375, -0.044444444444444446], [0.0, 0.0], [0.0, 0.0], [0.0, 0.0], [0.0, 0.0], [0.0, 0.0], [0.0, 0.0]], "L-Elb": [[0.04479166666666667, -0.12129629629629629], [0.041666666666666664, -0.12037037037037036], [-0.05572916666666667, -0.1527777777777778], [-0.21145833333333333, -0.05555555555555555], [0.0, 0.0], [0.0, 0.0], [0.0, 0.0], [0.0, 0.0], [0.0, 0.0], [0.0, 0.0]], "L-Wr": [[0.04895833333333333, -0.08611111111111111], [0.042708333333333334, -0.09814814814814815], [-0.07708333333333334, -0.14444444444444443], [-0.24427083333333333, -0.05740740740740741], [0.0, 0.0], [0.0, 0.0], [0.0, 0.0], [0.0, 0.0], [0.0, 0.0], [0.0, 0.0]], "R-Hip": [[0.0078125, -0.10462962962962963], [0.005729166666666666, -0.09814814814814815], [-0.0453125, -0.06666666666666667], [-0.15572916666666667, -0.010185185185185186], [0.0, 0.0], [0.0, 0.0], [0.0, 0.0], [0.0, 0.0], [0.0, 0.0], [0.0, 0.0]], "R-Knee": [[0.0010416666666666667, -0.062037037037037036], [-0.0067708333333333336, -0.07592592592592592], [-0.025, -0.01574074074074074], [-0.11927083333333334, -0.009259259259259259], [0.0, 0.0], [0.0, 0.0], [0.0, 0.0], [0.0, 0.0], [0.0, 0.0], [0.0, 0.0]], "R-Ank": [[-0.0020833333333333333, -0.018518518518518517], [-0.0067708333333333336, -0.011111111111111112], [0.0078125, -0.011111111111111112], [-0.090625, -0.013888888888888888], [0.0, 0.0], [0.0, 0.0], [0.0, 0.0], [0.0, 0.0], [0.0, 0.0], [0.0, 0.0]], "L-Hip": [[0.0234375, -0.10185185185185185], [0.018229166666666668, -0.09814814814814815], [-0.030208333333333334, -0.09259259259259259], [-0.15833333333333333, -0.044444444444444446], [0.0, 0.0], [0.0, 0.0], [0.0, 0.0], [0.0, 0.0], [0.0, 0.0], [0.0, 0.0]], "L-Knee": [[0.03229166666666667, -0.06759259259259259], [0.030208333333333334, -0.07592592592592592], [0.0, -0.05], [-0.1265625, -0.046296296296296294], [0.0, 0.0], [0.0, 0.0], [0.0, 0.0], [0.0, 0.0], [0.0, 0.0], [0.0, 0.0]], "L-Ank": [[0.04114583333333333, -0.021296296296296296], [0.0421875, -0.011111111111111112], [0.03854166666666667, -0.012962962962962963], [-0.0875, -0.046296296296296294], [0.0, 0.0], [0.0, 0.0], [0.0, 0.0], [0.0, 0.0], [0.0, 0.0], [0.0, 0.0]]}