{"Head": [[-0.025520833333333333, -0.24537037037037038], [-0.0875, -0.24166666666666667], [-0.14270833333333333, -0.2037037037037037], [-0.19166666666666668, -0.14907407407407408], [0.0, 0.0], [0.0, 0.0], [0.0, 0.0], [0.0, 0.0], [0.0, 0.0], [0.0, 0.0]], "R-Sho": [[-0.04010416666666667, -0.21944444444444444], [-0.07604166666666666, -0.21296296296296297], [-0.13020833333333334, -0.18333333333333332], [-0.19010416666666666, -0.1259259259259259], [0.0, 0.0], [0.0, 0.0], [0.0, 0.0], [0.0, 0.0], [0.0, 0.0], [0.0, 0.0]], "R-Elb": [[-0.05260416666666667, -0.19444444444444445], [-0.09583333333333334, -0.2], [-0.15260416666666668, -0.17314814814814813], [-0.20364583333333333, -0.12222222222222222], [0.0, 0.0], [0.0, 0.0], [0.0, 0.0], [0.0, 0.0], [0.0, 0.0], [0.0, 0.0]], "R-Wr": [[-0.0625, -0.16574074074074074], [-0.1125, -0.17592592592592593], [-0.1640625, -0.17222222222222222], [-0.22552083333333334, -0.11574074074074074], [0.0, 0.0], [0.0, 0.0], [0.0, 0.0], [0.0, 0.0], [0.0, 0.0], [0.0, 0.0]], "L-Sho": [[-0.013020833333333334, -0.23055555555555557], [-0.06458333333333334, -0.2388888888888889], [-0.128125, -0.21666666666666667], [-0.17708333333333334, -0.1574074074074074], [0.0, 0.0], [0.0, 0.0], [0.0, 0.0], [0.0, 0.0], [0.0, 0.0], [0.0, 0.0]], "L-Elb": [[-0.0010416666666666667, -0.22037037037037038], [-0.04114583333333333, -0.22407407407407406], [-0.11875, -0.23148148148148148], [-0.16302083333333334, -0.1814814814814815], [0.0, 0.0], [0.0, 0.0], [0.0, 0.0], [0.0, 0.0], [0.0, 0.0], [0.0, 0.0]], "L-Wr": [[0.015625, -0.20092592592592592], [-0.07604166666666666, -0.22592592592592592], [-0.10364583333333334, -0.24351851851851852], [-0.15989583333333332, -0.21666666666666667], [0.0, 0.0], [0.0, 0.0], [0.0, 0.0], [0.0, 0.0], [0.0, 0.0], [0.0, 0.0]], "R-Hip": [[-0.019270833333333334, -0.18425925925925926], [-0.04635416666666667, -0.175], [-0.109375, -0.1685185185185185], [-0.13645833333333332, -0.11666666666666667], [0.0, 0.0], [0.0, 0.0], [0.0, 0.0], [0.0, 0.0], [0.0, 0.0], [0.0, 0.0]], "R-Knee": [[-0.029166666666666667, -0.17962962962962964], [-0.0296875, -0.1527777777777778], [-0.06822916666666666, -0.1361111111111111], [-0.09791666666666667, -0.11666666666666667], [0.0, 0.0], [0.0, 0.0], [0.0, 0.0], [0.0, 0.0], [0.0, 0.0], [0.0, 0.0]], "R-Ank": [[-0.008854166666666666, -0.13055555555555556], [-0.0046875, -0.1425925925925926], [-0.03177083333333333, -0.13518518518518519], [-0.04791666666666667, -0.12037037037037036], [0.0, 0.0], [0.0, 0.0], [0.0, 0.0], [0.0, 0.0], [0.0, 0.0], [0.0, 0.0]], "L-Hip": [[-0.0078125, -0.1935185185185185], [-0.0328125, -0.20185185185185187], [-0.096875, -0.18333333333333332], [-0.13229166666666667, -0.15], [0.0, 0.0], [0.0, 0.0], [0.0, 0.0], [0.0, 0.0], [0.0, 0.0], [0.0, 0.0]], "L-Knee": [[0.0171875, -0.1638888888888889], [-0.011979166666666667, -0.17592592592592593], [-0.058333333333333334, -0.17314814814814813], [-0.09947916666666666, -0.1685185185185185], [0.0, 0.0], [0.0, 0.0], [0.0, 0.0], [0.0, 0.0], [0.0, 0.0], [0.0, 0.0]], "L-Ank": [[0.05, -0.125], [0.03697916666666667, -0.13055555555555556], [-0.009375, -0.15092592592592594], [-0.06875, -0.1925925925925926], [0.0, 0.0], [0.0, 0.0], [0.0, 0.0], [0.0, 0.0], [0.0, 0.0], [0.0, 0.0]]}