{"Head": [[0.003125, -0.22870370370370371], [0.005729166666666666, -0.22870370370370371], [0.005729166666666666, -0.20833333333333334], [0.051041666666666666, -0.16666666666666666], [0.13541666666666666, -0.11851851851851852], [0.16458333333333333, -0.12037037037037036], [0.0, 0.0], [0.0, 0.0], [0.0, 0.0], [0.0, 0.0]], "R-Sho": [[-0.00625, -0.2074074074074074], [-0.00625, -0.2074074074074074], [0.0015625, -0.19537037037037036], [0.0390625, -0.1574074074074074], [0.1234375, -0.11203703703703703], [0.15208333333333332, -0.11944444444444445], [0.0, 0.0], [0.0, 0.0], [0.0, 0.0], [0.0, 0.0]], "R-Elb": [[-0.0067708333333333336, -0.18518518518518517], [-0.0067708333333333336, -0.18518518518518517], [-0.00625, -0.1787037037037037], [0.029166666666666667, -0.15185185185185185], [0.1140625, -0.10555555555555556], [0.140625, -0.09814814814814815], [0.0, 0.0], [0.0, 0.0], [0.0, 0.0], [0.0, 0.0]], "R-Wr": [[-0.018229166666666668, -0.1638888888888889], [-0.0067708333333333336, -0.1638888888888889], [-0.0140625, -0.1648148148148148], [0.036458333333333336, -0.14351851851851852], [0.12552083333333333, -0.08796296296296297], [0.15260416666666668, -0.07685185185185185], [0.0, 0.0], [0.0, 0.0], [0.0, 0.0], [0.0, 0.0]], "L-Sho": [[0.00625, -0.2074074074074074], [0.017708333333333333, -0.2074074074074074], [0.018229166666666668, -0.20092592592592592], [0.050520833333333334, -0.14907407407407408], [0.13489583333333333, -0.1], [0.16458333333333333, -0.09907407407407408], [0.0, 0.0], [0.0, 0.0], [0.0, 0.0], [0.0, 0.0]], "L-Elb": [[0.017708333333333333, -0.18518518518518517], [0.018229166666666668, -0.18518518518518517], [0.025, -0.1787037037037037], [0.0546875, -0.13055555555555556], [0.13958333333333334, -0.08796296296296297], [0.16458333333333333, -0.09722222222222222], [0.0, 0.0], [0.0, 0.0], [0.0, 0.0], [0.0, 0.0]], "L-Wr": [[0.017708333333333333, -0.1638888888888889], [0.018229166666666668, -0.1638888888888889], [0.023958333333333335, -0.1574074074074074], [0.0578125, -0.11666666666666667], [0.14375, -0.06666666666666667], [0.16458333333333333, -0.07685185185185185], [0.0, 0.0], [0.0, 0.0], [0.0, 0.0], [0.0, 0.0]], "R-Hip": [[-0.00625, -0.1638888888888889], [-0.00625, -0.16296296296296298], [0.0046875, -0.16296296296296298], [0.025520833333333333, -0.13333333333333333], [0.10572916666666667, -0.09259259259259259], [0.1390625, -0.08888888888888889], [0.0, 0.0], [0.0, 0.0], [0.0, 0.0], [0.0, 0.0]], "R-Knee": [[-0.00625, -0.12037037037037036], [-0.00625, -0.12037037037037036], [-0.00625, -0.12037037037037036], [0.0109375, -0.11018518518518519], [0.07864583333333333, -0.09814814814814815], [0.13385416666666666, -0.10648148148148148], [0.0, 0.0], [0.0, 0.0], [0.0, 0.0], [0.0, 0.0]], "R-Ank": [[-0.0067708333333333336, -0.07777777777777778], [-0.0067708333333333336, -0.07685185185185185], [-0.0067708333333333336, -0.07685185185185185], [-0.005729166666666666, -0.09074074074074075], [0.0578125, -0.1], [0.12604166666666666, -0.08055555555555556], [0.0, 0.0], [0.0, 0.0], [0.0, 0.0], [0.0, 0.0]], "L-Hip": [[0.00625, -0.1638888888888889], [0.00625, -0.16296296296296298], [0.016145833333333335, -0.16111111111111112], [0.03854166666666667, -0.12685185185185185], [0.109375, -0.0787037037037037], [0.146875, -0.07962962962962963], [0.0, 0.0], [0.0, 0.0], [0.0, 0.0], [0.0, 0.0]], "L-Knee": [[0.00625, -0.12037037037037036], [0.017708333333333333, -0.12037037037037036], [0.016145833333333335, -0.13425925925925927], [0.041666666666666664, -0.10740740740740741], [0.09114583333333333, -0.06018518518518518], [0.1515625, -0.06481481481481481], [0.0, 0.0], [0.0, 0.0], [0.0, 0.0], [0.0, 0.0]], "L-Ank": [[0.018229166666666668, -0.09722222222222222], [0.018229166666666668, -0.07777777777777778], [0.015104166666666667, -0.07407407407407407], [0.025, -0.0787037037037037], [0.06927083333333334, -0.0712962962962963], [0.1265625, -0.06018518518518518], [0.0, 0.0], [0.0, 0.0], [0.0, 0.0], [0.0, 0.0]]}