{"Head": [[0.009375, -0.2361111111111111], [0.035416666666666666, -0.13703703703703704], [0.13229166666666667, -0.05740740740740741], [0.21979166666666666, 0.025925925925925925], [0.2546875, 0.05925925925925926], [0.29270833333333335, 0.041666666666666664], [0.0, 0.0], [0.0, 0.0], [0.0, 0.0], [0.0, 0.0]], "R-Sho": [[-0.00625, -0.2064814814814815], [0.018229166666666668, -0.12037037037037036], [0.10416666666666667, -0.053703703703703705], [0.1921875, 0.027777777777777776], [0.2390625, 0.04722222222222222], [0.2682291666666667, 0.04537037037037037], [0.0, 0.0], [0.0, 0.0], [0.0, 0.0], [0.0, 0.0]], "R-Elb": [[-0.018229166666666668, -0.16296296296296298], [0.005208333333333333, -0.09907407407407408], [0.09114583333333333, -0.03425925925925926], [0.18854166666666666, -0.021296296296296296], [0.2604166666666667, 0.009259259259259259], [0.2760416666666667, 0.07962962962962963], [0.0, 0.0], [0.0, 0.0], [0.0, 0.0], [0.0, 0.0]], "R-Wr": [[-0.01875, -0.12037037037037036], [-0.018229166666666668, -0.09814814814814815], [0.11510416666666666, -0.053703703703703705], [0.18854166666666666, -0.021296296296296296], [0.28020833333333334, 0.04259259259259259], [0.29322916666666665, 0.09537037037037037], [0.0, 0.0], [0.0, 0.0], [0.0, 0.0], [0.0, 0.0]], "L-Sho": [[0.030208333333333334, -0.2064814814814815], [0.0546875, -0.11944444444444445], [0.13958333333333334, -0.012037037037037037], [0.2125, 0.075], [0.23958333333333334, 0.08981481481481482], [0.2677083333333333, 0.08981481481481482], [0.0, 0.0], [0.0, 0.0], [0.0, 0.0], [0.0, 0.0]], "L-Elb": [[0.030208333333333334, -0.16296296296296298], [0.05520833333333333, -0.07592592592592592], [0.16458333333333333, 0.010185185185185186], [0.234375, 0.08888888888888889], [0.2604166666666667, 0.09074074074074075], [0.2786458333333333, 0.10740740740740741], [0.0, 0.0], [0.0, 0.0], [0.0, 0.0], [0.0, 0.0]], "L-Wr": [[0.030208333333333334, -0.11944444444444445], [0.05520833333333333, -0.05462962962962963], [0.19114583333333332, -0.010185185185185186], [0.26927083333333335, 0.08888888888888889], [0.29010416666666666, 0.062037037037037036], [0.28958333333333336, 0.10740740740740741], [0.0, 0.0], [0.0, 0.0], [0.0, 0.0], [0.0, 0.0]], "R-Hip": [[-0.00625, -0.09907407407407408], [0.018229166666666668, -0.053703703703703705], [0.075, 0.011111111111111112], [0.128125, 0.040740740740740744], [0.16927083333333334, 0.041666666666666664], [0.2265625, 0.06018518518518518], [0.0, 0.0], [0.0, 0.0], [0.0, 0.0], [0.0, 0.0]], "R-Knee": [[-0.018229166666666668, -0.03333333333333333], [-0.0067708333333333336, 0.010185185185185186], [0.028645833333333332, 0.03425925925925926], [0.09791666666666667, 0.032407407407407406], [0.13177083333333334, 0.013888888888888888], [0.17864583333333334, 0.03611111111111111], [0.0, 0.0], [0.0, 0.0], [0.0, 0.0], [0.0, 0.0]], "R-Ank": [[-0.01875, 0.032407407407407406], [-0.01875, 0.032407407407407406], [-0.015625, 0.058333333333333334], [0.04479166666666667, 0.03425925925925926], [0.08072916666666667, 0.000925925925925926], [0.13854166666666667, 0.03611111111111111], [0.0, 0.0], [0.0, 0.0], [0.0, 0.0], [0.0, 0.0]], "L-Hip": [[0.017708333333333333, -0.09907407407407408], [0.042708333333333334, -0.03333333333333333], [0.09270833333333334, 0.03148148148148148], [0.13020833333333334, 0.08333333333333333], [0.16354166666666667, 0.08055555555555556], [0.22135416666666666, 0.09166666666666666], [0.0, 0.0], [0.0, 0.0], [0.0, 0.0], [0.0, 0.0]], "L-Knee": [[0.017708333333333333, -0.03333333333333333], [0.043229166666666666, 0.010185185185185186], [0.07760416666666667, 0.07777777777777778], [0.09010416666666667, 0.0824074074074074], [0.13072916666666667, 0.05185185185185185], [0.18385416666666668, 0.08518518518518518], [0.0, 0.0], [0.0, 0.0], [0.0, 0.0], [0.0, 0.0]], "L-Ank": [[0.017708333333333333, 0.032407407407407406], [0.01875, 0.032407407407407406], [0.0375, 0.07407407407407407], [0.03333333333333333, 0.06574074074074074], [0.08020833333333334, 0.032407407407407406], [0.1375, 0.06759259259259259], [0.0, 0.0], [0.0, 0.0], [0.0, 0.0], [0.0, 0.0]]}