{"Head": [[0.008333333333333333, -0.15462962962962962], [0.0125, -0.17314814814814813], [-0.018229166666666668, -0.18518518518518517], [-0.09166666666666666, -0.1638888888888889], [0.0, 0.0], [0.0, 0.0], [0.0, 0.0], [0.0, 0.0], [0.0, 0.0], [0.0, 0.0]], "R-Sho": [[-0.0005208333333333333, -0.14444444444444443], [0.0015625, -0.16111111111111112], [-0.018229166666666668, -0.1638888888888889], [-0.0796875, -0.1638888888888889], [0.0, 0.0], [0.0, 0.0], [0.0, 0.0], [0.0, 0.0], [0.0, 0.0], [0.0, 0.0]], "R-Elb": [[-0.005729166666666666, -0.12222222222222222], [-0.005208333333333333, -0.14074074074074075], [-0.030208333333333334, -0.1425925925925926], [-0.07916666666666666, -0.12037037037037036], [0.0, 0.0], [0.0, 0.0], [0.0, 0.0], [0.0, 0.0], [0.0, 0.0], [0.0, 0.0]], "R-Wr": [[-0.013541666666666667, -0.10925925925925926], [-0.013020833333333334, -0.11296296296296296], [-0.030729166666666665, -0.14166666666666666], [-0.07916666666666666, -0.09814814814814815], [0.0, 0.0], [0.0, 0.0], [0.0, 0.0], [0.0, 0.0], [0.0, 0.0], [0.0, 0.0]], "L-Sho": [[0.014583333333333334, -0.1388888888888889], [0.017708333333333333, -0.16296296296296298], [-0.005729166666666666, -0.1648148148148148], [-0.06510416666666667, -0.16944444444444445], [0.0, 0.0], [0.0, 0.0], [0.0, 0.0], [0.0, 0.0], [0.0, 0.0], [0.0, 0.0]], "L-Elb": [[0.024479166666666666, -0.11666666666666667], [0.018229166666666668, -0.14166666666666666], [0.00625, -0.1425925925925926], [-0.06458333333333334, -0.16574074074074074], [0.0, 0.0], [0.0, 0.0], [0.0, 0.0], [0.0, 0.0], [0.0, 0.0], [0.0, 0.0]], "L-Wr": [[0.034375, -0.08888888888888889], [0.0328125, -0.10555555555555556], [-0.010416666666666666, -0.14722222222222223], [-0.08645833333333333, -0.15092592592592594], [0.0, 0.0], [0.0, 0.0], [0.0, 0.0], [0.0, 0.0], [0.0, 0.0], [0.0, 0.0]], "R-Hip": [[0.004166666666666667, -0.11481481481481481], [0.005729166666666666, -0.12037037037037036], [-0.00625, -0.12129629629629629], [-0.0546875, -0.12037037037037036], [0.0, 0.0], [0.0, 0.0], [0.0, 0.0], [0.0, 0.0], [0.0, 0.0], [0.0, 0.0]], "R-Knee": [[-0.0036458333333333334, -0.09259259259259259], [-0.00625, -0.09907407407407408], [-0.018229166666666668, -0.11944444444444445], [-0.06666666666666667, -0.07685185185185185], [0.0, 0.0], [0.0, 0.0], [0.0, 0.0], [0.0, 0.0], [0.0, 0.0], [0.0, 0.0]], "R-Ank": [[-0.009375, -0.06666666666666667], [-0.018229166666666668, -0.07592592592592592], [0.005208333333333333, -0.07685185185185185], [-0.027604166666666666, -0.06944444444444445], [0.0, 0.0], [0.0, 0.0], [0.0, 0.0], [0.0, 0.0], [0.0, 0.0], [0.0, 0.0]], "L-Hip": [[0.013020833333333334, -0.11481481481481481], [0.017708333333333333, -0.12037037037037036], [0.005729166666666666, -0.14166666666666666], [-0.03854166666666667, -0.12407407407407407], [0.0, 0.0], [0.0, 0.0], [0.0, 0.0], [0.0, 0.0], [0.0, 0.0], [0.0, 0.0]], "L-Knee": [[0.019791666666666666, -0.09259259259259259], [0.019791666666666666, -0.10092592592592593], [0.018229166666666668, -0.12037037037037036], [-0.01875, -0.11944444444444445], [0.0, 0.0], [0.0, 0.0], [0.0, 0.0], [0.0, 0.0], [0.0, 0.0], [0.0, 0.0]], "L-Ank": [[0.029166666666666667, -0.05925925925925926], [0.030208333333333334, -0.07685185185185185], [0.0421875, -0.09722222222222222], [0.00625, -0.09814814814814815], [0.0, 0.0], [0.0, 0.0], [0.0, 0.0], [0.0, 0.0], [0.0, 0.0], [0.0, 0.0]]}