{"Head": [[-0.005729166666666666, -0.26944444444444443], [0.005208333333333333, -0.22870370370370371], [-0.08020833333333334, -0.05555555555555555], [0.0, 0.0], [0.0, 0.0], [0.0, 0.0], [0.0, 0.0], [0.0, 0.0], [0.0, 0.0], [0.0, 0.0]], "R-Sho": [[-0.030729166666666665, -0.22870370370370371], [-0.022395833333333334, -0.18611111111111112], [-0.10416666666666667, -0.011111111111111112], [0.0, 0.0], [0.0, 0.0], [0.0, 0.0], [0.0, 0.0], [0.0, 0.0], [0.0, 0.0], [0.0, 0.0]], "R-Elb": [[-0.043229166666666666, -0.1638888888888889], [-0.03125, -0.14074074074074075], [-0.115625, 0.009259259259259259], [0.0, 0.0], [0.0, 0.0], [0.0, 0.0], [0.0, 0.0], [0.0, 0.0], [0.0, 0.0], [0.0, 0.0]], "R-Wr": [[-0.0546875, -0.11944444444444445], [-0.0421875, -0.03981481481481482], [-0.12447916666666667, 0.03611111111111111], [0.0, 0.0], [0.0, 0.0], [0.0, 0.0], [0.0, 0.0], [0.0, 0.0], [0.0, 0.0], [0.0, 0.0]], "L-Sho": [[0.017708333333333333, -0.22870370370370371], [0.027083333333333334, -0.18703703703703703], [-0.06197916666666667, -0.075], [0.0, 0.0], [0.0, 0.0], [0.0, 0.0], [0.0, 0.0], [0.0, 0.0], [0.0, 0.0], [0.0, 0.0]], "L-Elb": [[0.030208333333333334, -0.1638888888888889], [0.03958333333333333, -0.13333333333333333], [-0.0171875, -0.06481481481481481], [0.0, 0.0], [0.0, 0.0], [0.0, 0.0], [0.0, 0.0], [0.0, 0.0], [0.0, 0.0], [0.0, 0.0]], "L-Wr": [[0.030208333333333334, -0.09814814814814815], [0.04479166666666667, -0.06296296296296296], [-0.046875, -0.06574074074074074], [0.0, 0.0], [0.0, 0.0], [0.0, 0.0], [0.0, 0.0], [0.0, 0.0], [0.0, 0.0], [0.0, 0.0]], "R-Hip": [[-0.01875, -0.09814814814814815], [-0.0067708333333333336, -0.05462962962962963], [-0.043229166666666666, 0.05277777777777778], [0.0, 0.0], [0.0, 0.0], [0.0, 0.0], [0.0, 0.0], [0.0, 0.0], [0.0, 0.0], [0.0, 0.0]], "R-Knee": [[-0.03125, -0.010185185185185186], [-0.030729166666666665, 0.012037037037037037], [-0.01875, 0.09722222222222222], [0.0, 0.0], [0.0, 0.0], [0.0, 0.0], [0.0, 0.0], [0.0, 0.0], [0.0, 0.0], [0.0, 0.0]], "R-Ank": [[-0.043229166666666666, 0.09722222222222222], [-0.03125, 0.09722222222222222], [0.018229166666666668, 0.14166666666666666], [0.0, 0.0], [0.0, 0.0], [0.0, 0.0], [0.0, 0.0], [0.0, 0.0], [0.0, 0.0], [0.0, 0.0]], "L-Hip": [[0.005729166666666666, -0.09814814814814815], [0.018229166666666668, -0.05462962962962963], [-0.01875, 0.010185185185185186], [0.0, 0.0], [0.0, 0.0], [0.0, 0.0], [0.0, 0.0], [0.0, 0.0], [0.0, 0.0], [0.0, 0.0]], "L-Knee": [[0.017708333333333333, 0.009259259259259259], [0.041666666666666664, 0.03148148148148148], [0.017708333333333333, 0.075], [0.0, 0.0], [0.0, 0.0], [0.0, 0.0], [0.0, 0.0], [0.0, 0.0], [0.0, 0.0], [0.0, 0.0]], "L-Ank": [[0.018229166666666668, 0.09722222222222222], [0.01875, 0.09722222222222222], [0.05520833333333333, 0.12037037037037036], [0.0, 0.0], [0.0, 0.0], [0.0, 0.0], [0.0, 0.0], [0.0, 0.0], [0.0, 0.0], [0.0, 0.0]]}