{"Head": [[0.004166666666666667, -0.2462962962962963], [0.043229166666666666, -0.22870370370370371], [0.12760416666666666, -0.20555555555555555], [0.18854166666666666, -0.14166666666666666], [0.21354166666666666, -0.07685185185185185], [0.2630208333333333, -0.03888888888888889], [0.271875, -0.022222222222222223], [0.27447916666666666, -0.032407407407407406], [0.0, 0.0], [0.0, 0.0]], "R-Sho": [[-0.0067708333333333336, -0.22870370370370371], [0.030208333333333334, -0.22777777777777777], [0.103125, -0.18611111111111112], [0.1640625, -0.12037037037037036], [0.19947916666666668, -0.08333333333333333], [0.22864583333333333, -0.06759259259259259], [0.2520833333333333, -0.05462962962962963], [0.2578125, -0.03888888888888889], [0.0, 0.0], [0.0, 0.0]], "R-Elb": [[-0.030729166666666665, -0.2074074074074074], [0.005729166666666666, -0.18518518518518517], [0.09322916666666667, -0.16018518518518518], [0.17760416666666667, -0.07685185185185185], [0.19479166666666667, -0.049074074074074076], [0.2078125, -0.03981481481481482], [0.23541666666666666, -0.0712962962962963], [0.2526041666666667, -0.06018518518518518], [0.0, 0.0], [0.0, 0.0]], "R-Wr": [[-0.043229166666666666, -0.18425925925925926], [0.005729166666666666, -0.1425925925925926], [0.11614583333333334, -0.14537037037037037], [0.2015625, -0.03333333333333333], [0.2046875, 0.003703703703703704], [0.20364583333333333, -0.003703703703703704], [0.22083333333333333, -0.04814814814814815], [0.23489583333333333, -0.053703703703703705], [0.0, 0.0], [0.0, 0.0]], "L-Sho": [[0.018229166666666668, -0.22870370370370371], [0.0546875, -0.2064814814814815], [0.12760416666666666, -0.1638888888888889], [0.1609375, -0.13425925925925927], [0.20729166666666668, -0.05740740740740741], [0.22708333333333333, -0.032407407407407406], [0.24947916666666667, -0.009259259259259259], [0.25885416666666666, -0.009259259259259259], [0.0, 0.0], [0.0, 0.0]], "L-Elb": [[0.030208333333333334, -0.18518518518518517], [0.06614583333333333, -0.1425925925925926], [0.13958333333333334, -0.12037037037037036], [0.18072916666666666, -0.08518518518518518], [0.21614583333333334, -0.03148148148148148], [0.22916666666666666, 0.009259259259259259], [0.23333333333333334, 0.006481481481481481], [0.24895833333333334, 0.009259259259259259], [0.0, 0.0], [0.0, 0.0]], "L-Wr": [[0.030208333333333334, -0.14166666666666666], [0.05520833333333333, -0.09907407407407408], [0.15208333333333332, -0.11851851851851852], [0.19791666666666666, -0.05], [0.23125, -0.002777777777777778], [0.21979166666666666, 0.013888888888888888], [0.2203125, 0.009259259259259259], [0.24166666666666667, 0.01574074074074074], [0.0, 0.0], [0.0, 0.0]], "R-Hip": [[-0.0067708333333333336, -0.16296296296296298], [0.0067708333333333336, -0.16296296296296298], [0.05520833333333333, -0.14166666666666666], [0.10208333333333333, -0.11851851851851852], [0.15052083333333333, -0.0712962962962963], [0.17760416666666667, -0.04259259259259259], [0.20104166666666667, -0.041666666666666664], [0.2125, -0.025925925925925925], [0.0, 0.0], [0.0, 0.0]], "R-Knee": [[-0.030729166666666665, -0.11944444444444445], [-0.018229166666666668, -0.11851851851851852], [0.0296875, -0.11944444444444445], [0.07291666666666667, -0.10462962962962963], [0.12083333333333333, -0.06851851851851852], [0.14322916666666666, -0.041666666666666664], [0.18802083333333333, -0.05740740740740741], [0.2171875, -0.04351851851851852], [0.0, 0.0], [0.0, 0.0]], "R-Ank": [[-0.05520833333333333, -0.07592592592592592], [-0.05520833333333333, -0.07592592592592592], [-0.00625, -0.07685185185185185], [0.057291666666666664, -0.05925925925925926], [0.10052083333333334, -0.06666666666666667], [0.13333333333333333, -0.008333333333333333], [0.140625, -0.011111111111111112], [0.17135416666666667, -0.03888888888888889], [0.0, 0.0], [0.0, 0.0]], "L-Hip": [[0.00625, -0.1425925925925926], [0.030208333333333334, -0.14166666666666666], [0.07864583333333333, -0.11944444444444445], [0.11197916666666667, -0.07777777777777778], [0.15260416666666668, -0.04537037037037037], [0.18854166666666666, -0.001851851851851852], [0.20625, -0.011111111111111112], [0.2046875, 0.0], [0.0, 0.0], [0.0, 0.0]], "L-Knee": [[0.01875, -0.12037037037037036], [0.030208333333333334, -0.09814814814814815], [0.05416666666666667, -0.05555555555555555], [0.0828125, -0.05462962962962963], [0.13958333333333334, -0.026851851851851852], [0.15572916666666667, 0.012037037037037037], [0.21145833333333333, 0.008333333333333333], [0.23125, 0.010185185185185186], [0.0, 0.0], [0.0, 0.0]], "L-Ank": [[0.005729166666666666, -0.07592592592592592], [0.005208333333333333, -0.05462962962962963], [0.005729166666666666, -0.03425925925925926], [0.058333333333333334, -0.05185185185185185], [0.11614583333333334, -0.027777777777777776], [0.1328125, 0.012037037037037037], [0.171875, 0.018518518518518517], [0.19635416666666666, 0.020370370370370372], [0.0, 0.0], [0.0, 0.0]]}