{"Head": [[0.023958333333333335, -0.25833333333333336], [-0.07395833333333333, -0.15648148148148147], [-0.23229166666666667, -0.044444444444444446], [-0.22135416666666666, -0.062037037037037036], [0.0, 0.0], [0.0, 0.0], [0.0, 0.0], [0.0, 0.0], [0.0, 0.0], [0.0, 0.0]], "R-Sho": [[0.016145833333333335, -0.24166666666666667], [-0.0671875, -0.12777777777777777], [-0.21197916666666666, -0.025925925925925925], [-0.2203125, -0.03888888888888889], [0.0, 0.0], [0.0, 0.0], [0.0, 0.0], [0.0, 0.0], [0.0, 0.0], [0.0, 0.0]], "R-Elb": [[0.003125, -0.20833333333333334], [-0.06927083333333334, -0.10925925925925926], [-0.24322916666666666, -0.017592592592592594], [-0.2234375, -0.020370370370370372], [0.0, 0.0], [0.0, 0.0], [0.0, 0.0], [0.0, 0.0], [0.0, 0.0], [0.0, 0.0]], "R-Wr": [[0.022916666666666665, -0.19722222222222222], [-0.08072916666666667, -0.10648148148148148], [-0.2609375, -0.016666666666666666], [-0.23854166666666668, -0.017592592592592594], [0.0, 0.0], [0.0, 0.0], [0.0, 0.0], [0.0, 0.0], [0.0, 0.0], [0.0, 0.0]], "L-Sho": [[0.03958333333333333, -0.23425925925925925], [-0.050520833333333334, -0.15462962962962962], [-0.21354166666666666, -0.06388888888888888], [-0.20885416666666667, -0.07777777777777778], [0.0, 0.0], [0.0, 0.0], [0.0, 0.0], [0.0, 0.0], [0.0, 0.0], [0.0, 0.0]], "L-Elb": [[0.04479166666666667, -0.2074074074074074], [-0.027083333333333334, -0.14074074074074075], [-0.2296875, -0.07314814814814814], [-0.2125, -0.08611111111111111], [0.0, 0.0], [0.0, 0.0], [0.0, 0.0], [0.0, 0.0], [0.0, 0.0], [0.0, 0.0]], "L-Wr": [[0.0421875, -0.17685185185185184], [-0.052083333333333336, -0.12685185185185185], [-0.259375, -0.06944444444444445], [-0.21927083333333333, -0.09814814814814815], [0.0, 0.0], [0.0, 0.0], [0.0, 0.0], [0.0, 0.0], [0.0, 0.0], [0.0, 0.0]], "R-Hip": [[0.007291666666666667, -0.16111111111111112], [-0.029166666666666667, -0.10185185185185185], [-0.18385416666666668, -0.021296296296296296], [-0.18645833333333334, -0.026851851851851852], [0.0, 0.0], [0.0, 0.0], [0.0, 0.0], [0.0, 0.0], [0.0, 0.0], [0.0, 0.0]], "R-Knee": [[0.007291666666666667, -0.10092592592592593], [-0.003125, -0.05925925925925926], [-0.14479166666666668, -0.026851851851851852], [-0.165625, -0.016666666666666666], [0.0, 0.0], [0.0, 0.0], [0.0, 0.0], [0.0, 0.0], [0.0, 0.0], [0.0, 0.0]], "R-Ank": [[0.0, -0.040740740740740744], [0.029166666666666667, -0.040740740740740744], [-0.10416666666666667, -0.028703703703703703], [-0.12291666666666666, -0.028703703703703703], [0.0, 0.0], [0.0, 0.0], [0.0, 0.0], [0.0, 0.0], [0.0, 0.0], [0.0, 0.0]], "L-Hip": [[0.027604166666666666, -0.16018518518518518], [-0.011458333333333333, -0.12962962962962962], [-0.17708333333333334, -0.05277777777777778], [-0.18489583333333334, -0.05648148148148148], [0.0, 0.0], [0.0, 0.0], [0.0, 0.0], [0.0, 0.0], [0.0, 0.0], [0.0, 0.0]], "L-Knee": [[0.052083333333333336, -0.10092592592592593], [0.018229166666666668, -0.08796296296296297], [-0.14270833333333333, -0.05740740740740741], [-0.15885416666666666, -0.05], [0.0, 0.0], [0.0, 0.0], [0.0, 0.0], [0.0, 0.0], [0.0, 0.0], [0.0, 0.0]], "L-Ank": [[0.04895833333333333, -0.037037037037037035], [0.035416666666666666, -0.12962962962962962], [-0.096875, -0.07037037037037037], [-0.13177083333333334, -0.05462962962962963], [0.0, 0.0], [0.0, 0.0], [0.0, 0.0], [0.0, 0.0], [0.0, 0.0], [0.0, 0.0]]}