{"Head": [[-0.00625, -0.35833333333333334], [-0.00625, -0.31666666666666665], [-0.00625, -0.2935185185185185], [-0.06770833333333333, -0.22962962962962963], [0.0, 0.0], [0.0, 0.0], [0.0, 0.0], [0.0, 0.0], [0.0, 0.0], [0.0, 0.0]], "R-Sho": [[-0.01875, -0.337037037037037], [-0.018229166666666668, -0.3148148148148148], [-0.018229166666666668, -0.27314814814814814], [-0.07708333333333334, -0.20277777777777778], [0.0, 0.0], [0.0, 0.0], [0.0, 0.0], [0.0, 0.0], [0.0, 0.0], [0.0, 0.0]], "R-Elb": [[-0.042708333333333334, -0.31574074074074077], [-0.042708333333333334, -0.2962962962962963], [-0.03125, -0.2518518518518518], [-0.08854166666666667, -0.17314814814814813], [0.0, 0.0], [0.0, 0.0], [0.0, 0.0], [0.0, 0.0], [0.0, 0.0], [0.0, 0.0]], "R-Wr": [[-0.0671875, -0.337037037037037], [-0.07291666666666667, -0.29814814814814816], [-0.05416666666666667, -0.22870370370370371], [-0.09322916666666667, -0.13240740740740742], [0.0, 0.0], [0.0, 0.0], [0.0, 0.0], [0.0, 0.0], [0.0, 0.0], [0.0, 0.0]], "L-Sho": [[0.019791666666666666, -0.3388888888888889], [0.009895833333333333, -0.31666666666666665], [0.00625, -0.2722222222222222], [-0.04739583333333333, -0.2111111111111111], [0.0, 0.0], [0.0, 0.0], [0.0, 0.0], [0.0, 0.0], [0.0, 0.0], [0.0, 0.0]], "L-Elb": [[0.0421875, -0.33796296296296297], [0.041666666666666664, -0.3037037037037037], [0.018229166666666668, -0.2722222222222222], [-0.03177083333333333, -0.18611111111111112], [0.0, 0.0], [0.0, 0.0], [0.0, 0.0], [0.0, 0.0], [0.0, 0.0], [0.0, 0.0]], "L-Wr": [[0.06614583333333333, -0.33611111111111114], [0.05625, -0.29907407407407405], [0.042708333333333334, -0.25092592592592594], [-0.0296875, -0.1638888888888889], [0.0, 0.0], [0.0, 0.0], [0.0, 0.0], [0.0, 0.0], [0.0, 0.0], [0.0, 0.0]], "R-Hip": [[-0.01875, -0.2712962962962963], [-0.01875, -0.25092592592592594], [-0.018229166666666668, -0.22870370370370371], [-0.05625, -0.13148148148148148], [0.0, 0.0], [0.0, 0.0], [0.0, 0.0], [0.0, 0.0], [0.0, 0.0], [0.0, 0.0]], "R-Knee": [[-0.028645833333333332, -0.20462962962962963], [-0.030208333333333334, -0.18611111111111112], [-0.030208333333333334, -0.18518518518518517], [-0.07864583333333333, -0.1287037037037037], [0.0, 0.0], [0.0, 0.0], [0.0, 0.0], [0.0, 0.0], [0.0, 0.0], [0.0, 0.0]], "R-Ank": [[-0.0375, -0.14537037037037037], [-0.03125, -0.14074074074074075], [-0.03125, -0.12037037037037036], [-0.05572916666666667, -0.07962962962962963], [0.0, 0.0], [0.0, 0.0], [0.0, 0.0], [0.0, 0.0], [0.0, 0.0], [0.0, 0.0]], "L-Hip": [[0.005729166666666666, -0.2675925925925926], [0.005208333333333333, -0.25092592592592594], [0.005729166666666666, -0.22870370370370371], [-0.04375, -0.14814814814814814], [0.0, 0.0], [0.0, 0.0], [0.0, 0.0], [0.0, 0.0], [0.0, 0.0], [0.0, 0.0]], "L-Knee": [[0.015625, -0.20185185185185187], [0.017708333333333333, -0.20555555555555555], [0.018229166666666668, -0.18425925925925926], [-0.021354166666666667, -0.1259259259259259], [0.0, 0.0], [0.0, 0.0], [0.0, 0.0], [0.0, 0.0], [0.0, 0.0], [0.0, 0.0]], "L-Ank": [[0.030208333333333334, -0.14074074074074075], [0.030208333333333334, -0.14074074074074075], [0.030208333333333334, -0.11944444444444445], [0.008854166666666666, -0.08796296296296297], [0.0, 0.0], [0.0, 0.0], [0.0, 0.0], [0.0, 0.0], [0.0, 0.0], [0.0, 0.0]]}