{"Head": [[0.0078125, -0.1685185185185185], [-0.010416666666666666, -0.08148148148148149], [-0.12135416666666667, -0.04814814814814815], [-0.21822916666666667, 0.022222222222222223], [0.0, 0.0], [0.0, 0.0], [0.0, 0.0], [0.0, 0.0], [0.0, 0.0], [0.0, 0.0]], "R-Sho": [[-0.0067708333333333336, -0.14166666666666666], [-0.019270833333333334, -0.05555555555555555], [-0.128125, -0.012037037037037037], [-0.21979166666666666, 0.06481481481481481], [0.0, 0.0], [0.0, 0.0], [0.0, 0.0], [0.0, 0.0], [0.0, 0.0], [0.0, 0.0]], "R-Elb": [[-0.018229166666666668, -0.09814814814814815], [-0.027083333333333334, -0.037037037037037035], [-0.14322916666666666, 0.007407407407407408], [-0.228125, 0.09722222222222222], [0.0, 0.0], [0.0, 0.0], [0.0, 0.0], [0.0, 0.0], [0.0, 0.0], [0.0, 0.0]], "R-Wr": [[-0.018229166666666668, -0.05555555555555555], [-0.030729166666666665, -0.011111111111111112], [-0.1625, 0.049074074074074076], [-0.24895833333333334, 0.09722222222222222], [0.0, 0.0], [0.0, 0.0], [0.0, 0.0], [0.0, 0.0], [0.0, 0.0], [0.0, 0.0]], "L-Sho": [[0.01875, -0.14166666666666666], [0.007291666666666667, -0.06481481481481481], [-0.10729166666666666, -0.04537037037037037], [-0.20104166666666667, 0.032407407407407406], [0.0, 0.0], [0.0, 0.0], [0.0, 0.0], [0.0, 0.0], [0.0, 0.0], [0.0, 0.0]], "L-Elb": [[0.030208333333333334, -0.09907407407407408], [0.018229166666666668, -0.05462962962962963], [-0.08333333333333333, -0.044444444444444446], [-0.17760416666666667, 0.05277777777777778], [0.0, 0.0], [0.0, 0.0], [0.0, 0.0], [0.0, 0.0], [0.0, 0.0], [0.0, 0.0]], "L-Wr": [[0.030208333333333334, -0.05648148148148148], [0.030729166666666665, -0.011111111111111112], [-0.06510416666666667, -0.03888888888888889], [-0.196875, 0.06388888888888888], [0.0, 0.0], [0.0, 0.0], [0.0, 0.0], [0.0, 0.0], [0.0, 0.0], [0.0, 0.0]], "R-Hip": [[-0.00625, -0.05462962962962963], [-0.017708333333333333, -0.011111111111111112], [-0.07291666666666667, 0.022222222222222223], [-0.17760416666666667, 0.0962962962962963], [0.0, 0.0], [0.0, 0.0], [0.0, 0.0], [0.0, 0.0], [0.0, 0.0], [0.0, 0.0]], "R-Knee": [[-0.0067708333333333336, 0.010185185185185186], [-0.018229166666666668, 0.03148148148148148], [-0.034375, 0.05648148148148148], [-0.1375, 0.1037037037037037], [0.0, 0.0], [0.0, 0.0], [0.0, 0.0], [0.0, 0.0], [0.0, 0.0], [0.0, 0.0]], "R-Ank": [[-0.018229166666666668, 0.075], [-0.00625, 0.07592592592592592], [0.005208333333333333, 0.08333333333333333], [-0.1109375, 0.08981481481481482], [0.0, 0.0], [0.0, 0.0], [0.0, 0.0], [0.0, 0.0], [0.0, 0.0], [0.0, 0.0]], "L-Hip": [[0.018229166666666668, -0.05462962962962963], [0.005729166666666666, -0.011111111111111112], [-0.05260416666666667, -0.004629629629629629], [-0.16197916666666667, 0.06666666666666667], [0.0, 0.0], [0.0, 0.0], [0.0, 0.0], [0.0, 0.0], [0.0, 0.0], [0.0, 0.0]], "L-Knee": [[0.0296875, 0.010185185185185186], [0.018229166666666668, 0.010185185185185186], [-0.029166666666666667, 0.001851851851851852], [-0.13177083333333334, 0.06111111111111111], [0.0, 0.0], [0.0, 0.0], [0.0, 0.0], [0.0, 0.0], [0.0, 0.0], [0.0, 0.0]], "L-Ank": [[0.030729166666666665, 0.075], [0.042708333333333334, 0.075], [0.025520833333333333, 0.028703703703703703], [-0.10208333333333333, 0.044444444444444446], [0.0, 0.0], [0.0, 0.0], [0.0, 0.0], [0.0, 0.0], [0.0, 0.0], [0.0, 0.0]]}