{"Head": [[-0.0265625, -0.2759259259259259], [0.057291666666666664, -0.22777777777777777], [0.1328125, -0.18981481481481483], [0.0, 0.0], [0.0, 0.0], [0.0, 0.0], [0.0, 0.0], [0.0, 0.0], [0.0, 0.0], [0.0, 0.0]], "R-Sho": [[-0.030729166666666665, -0.2712962962962963], [0.04739583333333333, -0.2222222222222222], [0.12604166666666666, -0.18518518518518517], [0.0, 0.0], [0.0, 0.0], [0.0, 0.0], [0.0, 0.0], [0.0, 0.0], [0.0, 0.0], [0.0, 0.0]], "R-Elb": [[-0.03125, -0.25], [0.040625, -0.2351851851851852], [0.11614583333333334, -0.19444444444444445], [0.0, 0.0], [0.0, 0.0], [0.0, 0.0], [0.0, 0.0], [0.0, 0.0], [0.0, 0.0], [0.0, 0.0]], "R-Wr": [[-0.0484375, -0.22962962962962963], [0.03177083333333333, -0.2712962962962963], [0.11614583333333334, -0.19444444444444445], [0.0, 0.0], [0.0, 0.0], [0.0, 0.0], [0.0, 0.0], [0.0, 0.0], [0.0, 0.0], [0.0, 0.0]], "L-Sho": [[-0.018229166666666668, -0.2638888888888889], [0.06197916666666667, -0.21481481481481482], [0.12760416666666666, -0.17777777777777778], [0.0, 0.0], [0.0, 0.0], [0.0, 0.0], [0.0, 0.0], [0.0, 0.0], [0.0, 0.0], [0.0, 0.0]], "L-Elb": [[-0.0078125, -0.24259259259259258], [0.07395833333333333, -0.2064814814814815], [0.12760416666666666, -0.16944444444444445], [0.0, 0.0], [0.0, 0.0], [0.0, 0.0], [0.0, 0.0], [0.0, 0.0], [0.0, 0.0], [0.0, 0.0]], "L-Wr": [[-0.004166666666666667, -0.225], [0.084375, -0.1935185185185185], [0.12239583333333333, -0.1675925925925926], [0.0, 0.0], [0.0, 0.0], [0.0, 0.0], [0.0, 0.0], [0.0, 0.0], [0.0, 0.0], [0.0, 0.0]], "R-Hip": [[-0.022916666666666665, -0.2212962962962963], [0.033854166666666664, -0.20092592592592592], [0.11145833333333334, -0.16944444444444445], [0.0, 0.0], [0.0, 0.0], [0.0, 0.0], [0.0, 0.0], [0.0, 0.0], [0.0, 0.0], [0.0, 0.0]], "R-Knee": [[-0.034895833333333334, -0.19537037037037036], [0.014583333333333334, -0.20833333333333334], [0.1015625, -0.1648148148148148], [0.0, 0.0], [0.0, 0.0], [0.0, 0.0], [0.0, 0.0], [0.0, 0.0], [0.0, 0.0], [0.0, 0.0]], "R-Ank": [[-0.04375, -0.17314814814814813], [-0.011979166666666667, -0.20925925925925926], [0.08645833333333333, -0.1574074074074074], [0.0, 0.0], [0.0, 0.0], [0.0, 0.0], [0.0, 0.0], [0.0, 0.0], [0.0, 0.0], [0.0, 0.0]], "L-Hip": [[-0.011979166666666667, -0.22314814814814815], [0.03854166666666667, -0.19074074074074074], [0.11666666666666667, -0.16203703703703703], [0.0, 0.0], [0.0, 0.0], [0.0, 0.0], [0.0, 0.0], [0.0, 0.0], [0.0, 0.0], [0.0, 0.0]], "L-Knee": [[-0.007291666666666667, -0.20277777777777778], [0.024479166666666666, -0.17407407407407408], [0.13385416666666666, -0.14722222222222223], [0.0, 0.0], [0.0, 0.0], [0.0, 0.0], [0.0, 0.0], [0.0, 0.0], [0.0, 0.0], [0.0, 0.0]], "L-Ank": [[0.0046875, -0.17037037037037037], [-0.0020833333333333333, -0.17314814814814813], [0.11927083333333334, -0.14074074074074075], [0.0, 0.0], [0.0, 0.0], [0.0, 0.0], [0.0, 0.0], [0.0, 0.0], [0.0, 0.0], [0.0, 0.0]]}