{"Head": [[-0.01875, -0.18425925925925926], [-0.019270833333333334, -0.1638888888888889], [-0.018229166666666668, -0.1638888888888889], [0.04010416666666667, -0.16203703703703703], [0.0, 0.0], [0.0, 0.0], [0.0, 0.0], [0.0, 0.0], [0.0, 0.0], [0.0, 0.0]], "R-Sho": [[-0.042708333333333334, -0.1425925925925926], [-0.042708333333333334, -0.1425925925925926], [-0.03125, -0.1425925925925926], [0.017708333333333333, -0.14166666666666666], [0.0, 0.0], [0.0, 0.0], [0.0, 0.0], [0.0, 0.0], [0.0, 0.0], [0.0, 0.0]], "R-Elb": [[-0.05520833333333333, -0.11851851851851852], [-0.05572916666666667, -0.09814814814814815], [-0.05520833333333333, -0.09907407407407408], [-0.00625, -0.09907407407407408], [0.0, 0.0], [0.0, 0.0], [0.0, 0.0], [0.0, 0.0], [0.0, 0.0], [0.0, 0.0]], "R-Wr": [[-0.05520833333333333, -0.07685185185185185], [-0.0671875, -0.05555555555555555], [-0.0671875, -0.07685185185185185], [-0.019270833333333334, -0.03333333333333333], [0.0, 0.0], [0.0, 0.0], [0.0, 0.0], [0.0, 0.0], [0.0, 0.0], [0.0, 0.0]], "L-Sho": [[-0.00625, -0.1425925925925926], [0.005208333333333333, -0.1425925925925926], [0.0046875, -0.1425925925925926], [0.05625, -0.13703703703703704], [0.0, 0.0], [0.0, 0.0], [0.0, 0.0], [0.0, 0.0], [0.0, 0.0], [0.0, 0.0]], "L-Elb": [[0.00625, -0.11944444444444445], [0.017708333333333333, -0.11944444444444445], [0.021875, -0.10740740740740741], [0.05416666666666667, -0.07685185185185185], [0.0, 0.0], [0.0, 0.0], [0.0, 0.0], [0.0, 0.0], [0.0, 0.0], [0.0, 0.0]], "L-Wr": [[0.017708333333333333, -0.09722222222222222], [0.018229166666666668, -0.07685185185185185], [0.0359375, -0.05277777777777778], [0.05416666666666667, -0.03333333333333333], [0.0, 0.0], [0.0, 0.0], [0.0, 0.0], [0.0, 0.0], [0.0, 0.0], [0.0, 0.0]], "R-Hip": [[-0.03125, -0.07685185185185185], [-0.030729166666666665, -0.07685185185185185], [-0.030729166666666665, -0.07685185185185185], [0.005729166666666666, -0.07592592592592592], [0.0, 0.0], [0.0, 0.0], [0.0, 0.0], [0.0, 0.0], [0.0, 0.0], [0.0, 0.0]], "R-Knee": [[-0.05520833333333333, -0.053703703703703705], [-0.05520833333333333, -0.05462962962962963], [-0.05520833333333333, -0.03333333333333333], [-0.026041666666666668, -0.028703703703703703], [0.0, 0.0], [0.0, 0.0], [0.0, 0.0], [0.0, 0.0], [0.0, 0.0], [0.0, 0.0]], "R-Ank": [[-0.06770833333333333, 0.032407407407407406], [-0.06770833333333333, 0.03148148148148148], [-0.06770833333333333, 0.032407407407407406], [-0.06458333333333334, 0.028703703703703703], [0.0, 0.0], [0.0, 0.0], [0.0, 0.0], [0.0, 0.0], [0.0, 0.0], [0.0, 0.0]], "L-Hip": [[-0.00625, -0.07685185185185185], [-0.00625, -0.07685185185185185], [0.00625, -0.0712962962962963], [0.026041666666666668, -0.07037037037037037], [0.0, 0.0], [0.0, 0.0], [0.0, 0.0], [0.0, 0.0], [0.0, 0.0], [0.0, 0.0]], "L-Knee": [[0.017708333333333333, -0.053703703703703705], [0.017708333333333333, -0.03425925925925926], [0.021354166666666667, -0.017592592592592594], [0.03229166666666667, -0.027777777777777776], [0.0, 0.0], [0.0, 0.0], [0.0, 0.0], [0.0, 0.0], [0.0, 0.0], [0.0, 0.0]], "L-Ank": [[0.030208333333333334, 0.032407407407407406], [0.030208333333333334, 0.03148148148148148], [0.0296875, 0.032407407407407406], [-0.00625, 0.03425925925925926], [0.0, 0.0], [0.0, 0.0], [0.0, 0.0], [0.0, 0.0], [0.0, 0.0], [0.0, 0.0]]}