{"Head": [[-0.00625, -0.2074074074074074], [-0.10260416666666666, -0.18796296296296297], [-0.21354166666666666, -0.05555555555555555], [0.0, 0.0], [0.0, 0.0], [0.0, 0.0], [0.0, 0.0], [0.0, 0.0], [0.0, 0.0], [0.0, 0.0]], "R-Sho": [[-0.01875, -0.18611111111111112], [-0.11614583333333334, -0.14074074074074075], [-0.23854166666666668, -0.011111111111111112], [0.0, 0.0], [0.0, 0.0], [0.0, 0.0], [0.0, 0.0], [0.0, 0.0], [0.0, 0.0], [0.0, 0.0]], "R-Elb": [[-0.042708333333333334, -0.16296296296296298], [-0.128125, -0.07592592592592592], [-0.25, 0.053703703703703705], [0.0, 0.0], [0.0, 0.0], [0.0, 0.0], [0.0, 0.0], [0.0, 0.0], [0.0, 0.0], [0.0, 0.0]], "R-Wr": [[-0.05572916666666667, -0.09907407407407408], [-0.128125, -0.05462962962962963], [-0.22552083333333334, 0.05462962962962963], [0.0, 0.0], [0.0, 0.0], [0.0, 0.0], [0.0, 0.0], [0.0, 0.0], [0.0, 0.0], [0.0, 0.0]], "L-Sho": [[0.018229166666666668, -0.18518518518518517], [-0.07447916666666667, -0.15555555555555556], [-0.21302083333333333, -0.03333333333333333], [0.0, 0.0], [0.0, 0.0], [0.0, 0.0], [0.0, 0.0], [0.0, 0.0], [0.0, 0.0], [0.0, 0.0]], "L-Elb": [[0.0421875, -0.14351851851851852], [-0.043229166666666666, -0.12037037037037036], [-0.18958333333333333, -0.007407407407407408], [0.0, 0.0], [0.0, 0.0], [0.0, 0.0], [0.0, 0.0], [0.0, 0.0], [0.0, 0.0], [0.0, 0.0]], "L-Wr": [[0.043229166666666666, -0.09814814814814815], [-0.01875, -0.10277777777777777], [-0.16041666666666668, -0.013888888888888888], [0.0, 0.0], [0.0, 0.0], [0.0, 0.0], [0.0, 0.0], [0.0, 0.0], [0.0, 0.0], [0.0, 0.0]], "R-Hip": [[-0.018229166666666668, -0.1], [-0.07083333333333333, -0.08148148148148149], [-0.1875, 0.04351851851851852], [0.0, 0.0], [0.0, 0.0], [0.0, 0.0], [0.0, 0.0], [0.0, 0.0], [0.0, 0.0], [0.0, 0.0]], "R-Knee": [[-0.030729166666666665, -0.05462962962962963], [-0.04114583333333333, -0.011111111111111112], [-0.15625, 0.05555555555555555], [0.0, 0.0], [0.0, 0.0], [0.0, 0.0], [0.0, 0.0], [0.0, 0.0], [0.0, 0.0], [0.0, 0.0]], "R-Ank": [[-0.018229166666666668, -0.011111111111111112], [0.00625, 0.032407407407407406], [-0.12708333333333333, 0.06481481481481481], [0.0, 0.0], [0.0, 0.0], [0.0, 0.0], [0.0, 0.0], [0.0, 0.0], [0.0, 0.0], [0.0, 0.0]], "L-Hip": [[0.00625, -0.1], [-0.04895833333333333, -0.1], [-0.17447916666666666, 0.010185185185185186], [0.0, 0.0], [0.0, 0.0], [0.0, 0.0], [0.0, 0.0], [0.0, 0.0], [0.0, 0.0], [0.0, 0.0]], "L-Knee": [[0.030208333333333334, -0.05462962962962963], [-0.00625, -0.03333333333333333], [-0.1578125, 0.007407407407407408], [0.0, 0.0], [0.0, 0.0], [0.0, 0.0], [0.0, 0.0], [0.0, 0.0], [0.0, 0.0], [0.0, 0.0]], "L-Ank": [[0.05416666666666667, 0.010185185185185186], [0.030729166666666665, -0.011111111111111112], [-0.128125, 0.012962962962962963], [0.0, 0.0], [0.0, 0.0], [0.0, 0.0], [0.0, 0.0], [0.0, 0.0], [0.0, 0.0], [0.0, 0.0]]}