{"Head": [[-0.0005208333333333333, -0.1824074074074074], [-0.00625, -0.12037037037037036], [-0.11614583333333334, -0.05462962962962963], [-0.20677083333333332, -0.004629629629629629], [0.0, 0.0], [0.0, 0.0], [0.0, 0.0], [0.0, 0.0], [0.0, 0.0], [0.0, 0.0]], "R-Sho": [[-0.0067708333333333336, -0.16203703703703703], [-0.017708333333333333, -0.11944444444444445], [-0.128125, -0.03333333333333333], [-0.20260416666666667, 0.013888888888888888], [0.0, 0.0], [0.0, 0.0], [0.0, 0.0], [0.0, 0.0], [0.0, 0.0], [0.0, 0.0]], "R-Elb": [[-0.018229166666666668, -0.12129629629629629], [-0.01875, -0.09814814814814815], [-0.12864583333333332, -0.012037037037037037], [-0.20520833333333333, 0.03148148148148148], [0.0, 0.0], [0.0, 0.0], [0.0, 0.0], [0.0, 0.0], [0.0, 0.0], [0.0, 0.0]], "R-Wr": [[-0.0203125, -0.09074074074074075], [-0.027604166666666666, -0.06944444444444445], [-0.14427083333333332, 0.025925925925925925], [-0.21302083333333333, 0.03888888888888889], [0.0, 0.0], [0.0, 0.0], [0.0, 0.0], [0.0, 0.0], [0.0, 0.0], [0.0, 0.0]], "L-Sho": [[0.011979166666666667, -0.15555555555555556], [0.005729166666666666, -0.11851851851851852], [-0.10520833333333333, -0.041666666666666664], [-0.196875, 0.0], [0.0, 0.0], [0.0, 0.0], [0.0, 0.0], [0.0, 0.0], [0.0, 0.0], [0.0, 0.0]], "L-Elb": [[0.017708333333333333, -0.12037037037037036], [0.017708333333333333, -0.07777777777777778], [-0.09322916666666667, -0.025925925925925925], [-0.19322916666666667, 0.016666666666666666], [0.0, 0.0], [0.0, 0.0], [0.0, 0.0], [0.0, 0.0], [0.0, 0.0], [0.0, 0.0]], "L-Wr": [[0.018229166666666668, -0.09814814814814815], [0.017708333333333333, -0.05462962962962963], [-0.10989583333333333, -0.023148148148148147], [-0.20572916666666666, 0.03333333333333333], [0.0, 0.0], [0.0, 0.0], [0.0, 0.0], [0.0, 0.0], [0.0, 0.0], [0.0, 0.0]], "R-Hip": [[-0.00625, -0.09814814814814815], [-0.0067708333333333336, -0.05555555555555555], [-0.08697916666666666, 0.016666666666666666], [-0.18854166666666666, 0.03148148148148148], [0.0, 0.0], [0.0, 0.0], [0.0, 0.0], [0.0, 0.0], [0.0, 0.0], [0.0, 0.0]], "R-Knee": [[-0.01875, -0.05462962962962963], [-0.018229166666666668, -0.032407407407407406], [-0.06458333333333334, 0.02962962962962963], [-0.20208333333333334, 0.049074074074074076], [0.0, 0.0], [0.0, 0.0], [0.0, 0.0], [0.0, 0.0], [0.0, 0.0], [0.0, 0.0]], "R-Ank": [[-0.030208333333333334, -0.011111111111111112], [-0.018229166666666668, 0.010185185185185186], [-0.04010416666666667, 0.026851851851851852], [-0.18125, 0.058333333333333334], [0.0, 0.0], [0.0, 0.0], [0.0, 0.0], [0.0, 0.0], [0.0, 0.0], [0.0, 0.0]], "L-Hip": [[0.005729166666666666, -0.09814814814814815], [0.005729166666666666, -0.05555555555555555], [-0.0828125, -0.014814814814814815], [-0.18177083333333333, 0.013888888888888888], [0.0, 0.0], [0.0, 0.0], [0.0, 0.0], [0.0, 0.0], [0.0, 0.0], [0.0, 0.0]], "L-Knee": [[0.0171875, -0.05462962962962963], [0.017708333333333333, -0.032407407407407406], [-0.0546875, -0.008333333333333333], [-0.17239583333333333, 0.024074074074074074], [0.0, 0.0], [0.0, 0.0], [0.0, 0.0], [0.0, 0.0], [0.0, 0.0], [0.0, 0.0]], "L-Ank": [[0.018229166666666668, -0.011111111111111112], [0.0296875, 0.010185185185185186], [-0.030208333333333334, -0.016666666666666666], [-0.153125, 0.026851851851851852], [0.0, 0.0], [0.0, 0.0], [0.0, 0.0], [0.0, 0.0], [0.0, 0.0], [0.0, 0.0]]}