{"Head": [[0.0, -0.2064814814814815], [-0.00625, -0.2074074074074074], [-0.0067708333333333336, -0.2074074074074074], [-0.03958333333333333, -0.20092592592592592], [-0.09583333333333334, -0.21296296296296297], [-0.13958333333333334, -0.21203703703703702], [-0.16510416666666666, -0.22777777777777777], [-0.21354166666666666, -0.2064814814814815], [-0.25052083333333336, -0.1638888888888889], [-0.2911458333333333, -0.10092592592592593]], "R-Sho": [[-0.018229166666666668, -0.18611111111111112], [-0.018229166666666668, -0.18611111111111112], [-0.019270833333333334, -0.18518518518518517], [-0.05416666666666667, -0.18518518518518517], [-0.09947916666666666, -0.17592592592592593], [-0.146875, -0.17222222222222222], [-0.17708333333333334, -0.18518518518518517], [-0.2140625, -0.16296296296296298], [-0.25052083333333336, -0.12037037037037036], [-0.28802083333333334, -0.08611111111111111]], "R-Elb": [[-0.030729166666666665, -0.1638888888888889], [-0.030729166666666665, -0.16296296296296298], [-0.03125, -0.16296296296296298], [-0.071875, -0.17222222222222222], [-0.10625, -0.1398148148148148], [-0.16354166666666667, -0.14444444444444443], [-0.20052083333333334, -0.16296296296296298], [-0.23229166666666667, -0.13055555555555556], [-0.2625, -0.07592592592592592], [-0.2869791666666667, -0.049074074074074076]], "R-Wr": [[-0.030729166666666665, -0.14166666666666666], [-0.030729166666666665, -0.14166666666666666], [-0.042708333333333334, -0.12037037037037036], [-0.08072916666666667, -0.1361111111111111], [-0.11197916666666667, -0.08796296296296297], [-0.1640625, -0.11388888888888889], [-0.21354166666666666, -0.14166666666666666], [-0.23854166666666668, -0.07962962962962963], [-0.27395833333333336, -0.03333333333333333], [-0.2734375, -0.024074074074074074]], "L-Sho": [[0.017708333333333333, -0.18518518518518517], [0.017708333333333333, -0.18518518518518517], [0.005729166666666666, -0.18611111111111112], [-0.023958333333333335, -0.19074074074074074], [-0.071875, -0.19537037037037036], [-0.11666666666666667, -0.21388888888888888], [-0.15260416666666668, -0.2064814814814815], [-0.19427083333333334, -0.18518518518518517], [-0.23802083333333332, -0.16203703703703703], [-0.27395833333333336, -0.11481481481481481]], "L-Elb": [[0.030208333333333334, -0.1638888888888889], [0.030208333333333334, -0.1638888888888889], [0.018229166666666668, -0.1638888888888889], [0.0010416666666666667, -0.17222222222222222], [-0.05, -0.18333333333333332], [-0.0921875, -0.21481481481481482], [-0.140625, -0.2064814814814815], [-0.17916666666666667, -0.1675925925925926], [-0.21354166666666666, -0.14166666666666666], [-0.2526041666666667, -0.09351851851851851]], "L-Wr": [[0.030208333333333334, -0.12037037037037036], [0.030208333333333334, -0.12037037037037036], [0.0296875, -0.12037037037037036], [0.0010416666666666667, -0.13333333333333333], [-0.0453125, -0.14629629629629629], [-0.07239583333333334, -0.21944444444444444], [-0.10364583333333334, -0.2101851851851852], [-0.15520833333333334, -0.1685185185185185], [-0.23125, -0.13240740740740742], [-0.2864583333333333, -0.0712962962962963]], "R-Hip": [[-0.0067708333333333336, -0.14166666666666666], [-0.0067708333333333336, -0.14166666666666666], [-0.01875, -0.14166666666666666], [-0.03958333333333333, -0.11018518518518519], [-0.06614583333333333, -0.14444444444444443], [-0.1078125, -0.14722222222222223], [-0.15260416666666668, -0.14166666666666666], [-0.17447916666666666, -0.10092592592592593], [-0.21302083333333333, -0.07685185185185185], [-0.23958333333333334, -0.05]], "R-Knee": [[-0.030729166666666665, -0.09907407407407408], [-0.030729166666666665, -0.11851851851851852], [-0.030729166666666665, -0.09814814814814815], [-0.046875, -0.0962962962962963], [-0.059895833333333336, -0.10185185185185185], [-0.0828125, -0.1], [-0.11927083333333334, -0.10555555555555556], [-0.16354166666666667, -0.07037037037037037], [-0.20989583333333334, -0.04814814814814815], [-0.25677083333333334, -0.025]], "R-Ank": [[-0.030729166666666665, -0.03333333333333333], [-0.030729166666666665, -0.03333333333333333], [-0.030729166666666665, -0.03333333333333333], [-0.030208333333333334, -0.05277777777777778], [-0.028125, -0.03425925925925926], [-0.042708333333333334, -0.05185185185185185], [-0.06510416666666667, -0.08518518518518518], [-0.11979166666666667, -0.11481481481481481], [-0.16510416666666666, -0.07685185185185185], [-0.21666666666666667, -0.024074074074074074]], "L-Hip": [[0.0171875, -0.14166666666666666], [0.017708333333333333, -0.14166666666666666], [0.005729166666666666, -0.14166666666666666], [-0.010416666666666666, -0.12685185185185185], [-0.0515625, -0.16018518518518518], [-0.09479166666666666, -0.16944444444444445], [-0.1265625, -0.15833333333333333], [-0.16979166666666667, -0.1527777777777778], [-0.20208333333333334, -0.12129629629629629], [-0.23645833333333333, -0.07777777777777778]], "L-Knee": [[0.0296875, -0.09814814814814815], [0.0296875, -0.09814814814814815], [0.018229166666666668, -0.09907407407407408], [0.010416666666666666, -0.0962962962962963], [-0.021354166666666667, -0.11851851851851852], [-0.09114583333333333, -0.14814814814814814], [-0.10208333333333333, -0.14444444444444443], [-0.14739583333333334, -0.14907407407407408], [-0.184375, -0.12685185185185185], [-0.21458333333333332, -0.10092592592592593]], "L-Ank": [[0.030208333333333334, -0.03425925925925926], [0.030729166666666665, -0.03425925925925926], [0.030208333333333334, -0.053703703703703705], [0.036458333333333336, -0.02962962962962963], [0.008333333333333333, -0.07222222222222222], [-0.0453125, -0.13240740740740742], [-0.07395833333333333, -0.13796296296296295], [-0.11197916666666667, -0.13796296296296295], [-0.1515625, -0.13796296296296295], [-0.175, -0.125]]}