{"Head": [[0.025520833333333333, -0.29814814814814816], [-0.0671875, -0.1648148148148148], [-0.246875, -0.014814814814814815], [0.0, 0.0], [0.0, 0.0], [0.0, 0.0], [0.0, 0.0], [0.0, 0.0], [0.0, 0.0], [0.0, 0.0]], "R-Sho": [[-0.00625, -0.2712962962962963], [-0.07916666666666666, -0.12037037037037036], [-0.23802083333333332, 0.032407407407407406], [0.0, 0.0], [0.0, 0.0], [0.0, 0.0], [0.0, 0.0], [0.0, 0.0], [0.0, 0.0], [0.0, 0.0]], "R-Elb": [[-0.030729166666666665, -0.22870370370370371], [-0.06770833333333333, -0.05555555555555555], [-0.275, 0.09814814814814815], [0.0, 0.0], [0.0, 0.0], [0.0, 0.0], [0.0, 0.0], [0.0, 0.0], [0.0, 0.0], [0.0, 0.0]], "R-Wr": [[-0.03125, -0.1638888888888889], [-0.0640625, 0.013888888888888888], [-0.31145833333333334, 0.1398148148148148], [0.0, 0.0], [0.0, 0.0], [0.0, 0.0], [0.0, 0.0], [0.0, 0.0], [0.0, 0.0], [0.0, 0.0]], "L-Sho": [[0.0421875, -0.2518518518518518], [-0.0328125, -0.14074074074074075], [-0.2140625, -0.012037037037037037], [0.0, 0.0], [0.0, 0.0], [0.0, 0.0], [0.0, 0.0], [0.0, 0.0], [0.0, 0.0], [0.0, 0.0]], "L-Elb": [[0.0546875, -0.22777777777777777], [-0.00625, -0.11944444444444445], [-0.23854166666666668, -0.09814814814814815], [0.0, 0.0], [0.0, 0.0], [0.0, 0.0], [0.0, 0.0], [0.0, 0.0], [0.0, 0.0], [0.0, 0.0]], "L-Wr": [[0.05520833333333333, -0.18518518518518517], [0.017708333333333333, -0.07592592592592592], [-0.2625, -0.12037037037037036], [0.0, 0.0], [0.0, 0.0], [0.0, 0.0], [0.0, 0.0], [0.0, 0.0], [0.0, 0.0], [0.0, 0.0]], "R-Hip": [[0.005729166666666666, -0.12129629629629629], [-0.030729166666666665, -0.03333333333333333], [-0.12604166666666666, 0.05], [0.0, 0.0], [0.0, 0.0], [0.0, 0.0], [0.0, 0.0], [0.0, 0.0], [0.0, 0.0], [0.0, 0.0]], "R-Knee": [[-0.018229166666666668, -0.053703703703703705], [-0.01875, 0.011111111111111112], [-0.0625, 0.06944444444444445], [0.0, 0.0], [0.0, 0.0], [0.0, 0.0], [0.0, 0.0], [0.0, 0.0], [0.0, 0.0], [0.0, 0.0]], "R-Ank": [[-0.01875, 0.010185185185185186], [0.030208333333333334, 0.07592592592592592], [0.017708333333333333, 0.07592592592592592], [0.0, 0.0], [0.0, 0.0], [0.0, 0.0], [0.0, 0.0], [0.0, 0.0], [0.0, 0.0], [0.0, 0.0]], "L-Hip": [[0.030729166666666665, -0.14074074074074075], [-0.00625, -0.05555555555555555], [-0.11666666666666667, -0.009259259259259259], [0.0, 0.0], [0.0, 0.0], [0.0, 0.0], [0.0, 0.0], [0.0, 0.0], [0.0, 0.0], [0.0, 0.0]], "L-Knee": [[0.05520833333333333, -0.03333333333333333], [0.030208333333333334, 0.009259259259259259], [-0.075, -0.022222222222222223], [0.0, 0.0], [0.0, 0.0], [0.0, 0.0], [0.0, 0.0], [0.0, 0.0], [0.0, 0.0], [0.0, 0.0]], "L-Ank": [[0.06666666666666667, 0.030555555555555555], [0.07916666666666666, 0.053703703703703705], [-0.017708333333333333, -0.017592592592592594], [0.0, 0.0], [0.0, 0.0], [0.0, 0.0], [0.0, 0.0], [0.0, 0.0], [0.0, 0.0], [0.0, 0.0]]}