{"Head": [[-0.003125, -0.18055555555555555], [0.005729166666666666, -0.14166666666666666], [-0.17604166666666668, 0.005555555555555556], [0.0, 0.0], [0.0, 0.0], [0.0, 0.0], [0.0, 0.0], [0.0, 0.0], [0.0, 0.0], [0.0, 0.0]], "R-Sho": [[-0.018229166666666668, -0.14351851851851852], [-0.00625, -0.12037037037037036], [-0.16302083333333334, 0.024074074074074074], [0.0, 0.0], [0.0, 0.0], [0.0, 0.0], [0.0, 0.0], [0.0, 0.0], [0.0, 0.0], [0.0, 0.0]], "R-Elb": [[-0.01875, -0.12037037037037036], [-0.01875, -0.09814814814814815], [-0.1765625, 0.04259259259259259], [0.0, 0.0], [0.0, 0.0], [0.0, 0.0], [0.0, 0.0], [0.0, 0.0], [0.0, 0.0], [0.0, 0.0]], "R-Wr": [[-0.022916666666666665, -0.08425925925925926], [-0.026041666666666668, -0.07222222222222222], [-0.19583333333333333, 0.03425925925925926], [0.0, 0.0], [0.0, 0.0], [0.0, 0.0], [0.0, 0.0], [0.0, 0.0], [0.0, 0.0], [0.0, 0.0]], "L-Sho": [[0.005729166666666666, -0.16296296296296298], [0.017708333333333333, -0.11944444444444445], [-0.159375, 0.006481481481481481], [0.0, 0.0], [0.0, 0.0], [0.0, 0.0], [0.0, 0.0], [0.0, 0.0], [0.0, 0.0], [0.0, 0.0]], "L-Elb": [[0.017708333333333333, -0.14074074074074075], [0.018229166666666668, -0.09722222222222222], [-0.171875, 0.03611111111111111], [0.0, 0.0], [0.0, 0.0], [0.0, 0.0], [0.0, 0.0], [0.0, 0.0], [0.0, 0.0], [0.0, 0.0]], "L-Wr": [[0.021354166666666667, -0.08888888888888889], [0.019270833333333334, -0.05925925925925926], [-0.19010416666666666, 0.05185185185185185], [0.0, 0.0], [0.0, 0.0], [0.0, 0.0], [0.0, 0.0], [0.0, 0.0], [0.0, 0.0], [0.0, 0.0]], "R-Hip": [[-0.00625, -0.09814814814814815], [-0.00625, -0.07592592592592592], [-0.13489583333333333, 0.03333333333333333], [0.0, 0.0], [0.0, 0.0], [0.0, 0.0], [0.0, 0.0], [0.0, 0.0], [0.0, 0.0], [0.0, 0.0]], "R-Knee": [[-0.018229166666666668, -0.05555555555555555], [-0.018229166666666668, -0.03425925925925926], [-0.1046875, 0.03425925925925926], [0.0, 0.0], [0.0, 0.0], [0.0, 0.0], [0.0, 0.0], [0.0, 0.0], [0.0, 0.0], [0.0, 0.0]], "R-Ank": [[-0.01875, -0.032407407407407406], [-0.01875, -0.010185185185185186], [-0.07552083333333333, 0.04351851851851852], [0.0, 0.0], [0.0, 0.0], [0.0, 0.0], [0.0, 0.0], [0.0, 0.0], [0.0, 0.0], [0.0, 0.0]], "L-Hip": [[0.005729166666666666, -0.09907407407407408], [0.005729166666666666, -0.075], [-0.13489583333333333, 0.007407407407407408], [0.0, 0.0], [0.0, 0.0], [0.0, 0.0], [0.0, 0.0], [0.0, 0.0], [0.0, 0.0], [0.0, 0.0]], "L-Knee": [[0.00625, -0.05555555555555555], [0.018229166666666668, -0.03333333333333333], [-0.11197916666666667, 0.006481481481481481], [0.0, 0.0], [0.0, 0.0], [0.0, 0.0], [0.0, 0.0], [0.0, 0.0], [0.0, 0.0], [0.0, 0.0]], "L-Ank": [[0.017708333333333333, -0.032407407407407406], [0.030208333333333334, 0.010185185185185186], [-0.08697916666666666, 0.003703703703703704], [0.0, 0.0], [0.0, 0.0], [0.0, 0.0], [0.0, 0.0], [0.0, 0.0], [0.0, 0.0], [0.0, 0.0]]}