{"Head": [[0.018229166666666668, -0.2722222222222222], [-0.01875, -0.2064814814814815], [-0.14791666666666667, -0.16574074074074074], [-0.30416666666666664, -0.05185185185185185], [0.0, 0.0], [0.0, 0.0], [0.0, 0.0], [0.0, 0.0], [0.0, 0.0], [0.0, 0.0]], "R-Sho": [[0.005729166666666666, -0.22962962962962963], [-0.030729166666666665, -0.1638888888888889], [-0.153125, -0.11944444444444445], [-0.3015625, -0.018518518518518517], [0.0, 0.0], [0.0, 0.0], [0.0, 0.0], [0.0, 0.0], [0.0, 0.0], [0.0, 0.0]], "R-Elb": [[-0.018229166666666668, -0.18611111111111112], [-0.042708333333333334, -0.11944444444444445], [-0.16510416666666666, -0.07592592592592592], [-0.2869791666666667, 0.032407407407407406], [0.0, 0.0], [0.0, 0.0], [0.0, 0.0], [0.0, 0.0], [0.0, 0.0], [0.0, 0.0]], "R-Wr": [[-0.030729166666666665, -0.16203703703703703], [-0.0359375, -0.06111111111111111], [-0.17760416666666667, -0.03425925925925926], [-0.3, 0.053703703703703705], [0.0, 0.0], [0.0, 0.0], [0.0, 0.0], [0.0, 0.0], [0.0, 0.0], [0.0, 0.0]], "L-Sho": [[0.0421875, -0.25], [0.0, -0.18518518518518517], [-0.11666666666666667, -0.14166666666666666], [-0.2864583333333333, -0.07592592592592592], [0.0, 0.0], [0.0, 0.0], [0.0, 0.0], [0.0, 0.0], [0.0, 0.0], [0.0, 0.0]], "L-Elb": [[0.0546875, -0.2064814814814815], [0.024479166666666666, -0.16574074074074074], [-0.09114583333333333, -0.14166666666666666], [-0.25, -0.09814814814814815], [0.0, 0.0], [0.0, 0.0], [0.0, 0.0], [0.0, 0.0], [0.0, 0.0], [0.0, 0.0]], "L-Wr": [[0.05520833333333333, -0.18425925925925926], [0.03854166666666667, -0.13333333333333333], [-0.11614583333333334, -0.14166666666666666], [-0.27447916666666666, -0.07685185185185185], [0.0, 0.0], [0.0, 0.0], [0.0, 0.0], [0.0, 0.0], [0.0, 0.0], [0.0, 0.0]], "R-Hip": [[0.017708333333333333, -0.14166666666666666], [-0.0010416666666666667, -0.08333333333333333], [-0.128125, -0.03333333333333333], [-0.2625, 0.03148148148148148], [0.0, 0.0], [0.0, 0.0], [0.0, 0.0], [0.0, 0.0], [0.0, 0.0], [0.0, 0.0]], "R-Knee": [[-0.00625, -0.07685185185185185], [-0.013020833333333334, -0.05185185185185185], [-0.11614583333333334, 0.010185185185185186], [-0.2671875, 0.04814814814814815], [0.0, 0.0], [0.0, 0.0], [0.0, 0.0], [0.0, 0.0], [0.0, 0.0], [0.0, 0.0]], "R-Ank": [[-0.030729166666666665, -0.011111111111111112], [0.00625, 0.010185185185185186], [-0.05572916666666667, 0.019444444444444445], [-0.24010416666666667, 0.04351851851851852], [0.0, 0.0], [0.0, 0.0], [0.0, 0.0], [0.0, 0.0], [0.0, 0.0], [0.0, 0.0]], "L-Hip": [[0.044270833333333336, -0.14444444444444443], [0.0171875, -0.09814814814814815], [-0.09895833333333333, -0.05462962962962963], [-0.2515625, -0.008333333333333333], [0.0, 0.0], [0.0, 0.0], [0.0, 0.0], [0.0, 0.0], [0.0, 0.0], [0.0, 0.0]], "L-Knee": [[0.06666666666666667, -0.07685185185185185], [0.042708333333333334, -0.05462962962962963], [-0.0734375, -0.04259259259259259], [-0.2390625, -0.06759259259259259], [0.0, 0.0], [0.0, 0.0], [0.0, 0.0], [0.0, 0.0], [0.0, 0.0], [0.0, 0.0]], "L-Ank": [[0.0796875, -0.011111111111111112], [0.07916666666666666, 0.009259259259259259], [-0.04114583333333333, -0.025925925925925925], [-0.20052083333333334, -0.03888888888888889], [0.0, 0.0], [0.0, 0.0], [0.0, 0.0], [0.0, 0.0], [0.0, 0.0], [0.0, 0.0]]}