{"Head": [[0.15572916666666667, -0.12129629629629629], [-0.016666666666666666, -0.09537037037037037], [-0.0067708333333333336, -0.09814814814814815], [0.11979166666666667, -0.028703703703703703], [0.0, 0.0], [0.0, 0.0], [0.0, 0.0], [0.0, 0.0], [0.0, 0.0], [0.0, 0.0]], "R-Sho": [[0.15729166666666666, -0.09259259259259259], [-0.030729166666666665, -0.07592592592592592], [-0.030729166666666665, -0.07685185185185185], [0.1015625, -0.02962962962962963], [0.0, 0.0], [0.0, 0.0], [0.0, 0.0], [0.0, 0.0], [0.0, 0.0], [0.0, 0.0]], "R-Elb": [[0.16197916666666667, -0.07314814814814814], [-0.05416666666666667, -0.05462962962962963], [-0.05520833333333333, -0.05462962962962963], [0.08072916666666667, -0.025], [0.0, 0.0], [0.0, 0.0], [0.0, 0.0], [0.0, 0.0], [0.0, 0.0], [0.0, 0.0]], "R-Wr": [[0.16197916666666667, -0.05185185185185185], [-0.07864583333333333, -0.04351851851851852], [-0.0796875, -0.03333333333333333], [0.10208333333333333, 0.022222222222222223], [0.0, 0.0], [0.0, 0.0], [0.0, 0.0], [0.0, 0.0], [0.0, 0.0], [0.0, 0.0]], "L-Sho": [[0.1390625, -0.08796296296296297], [-0.005729166666666666, -0.075], [0.009895833333333333, -0.07407407407407407], [0.12135416666666667, -0.009259259259259259], [0.0, 0.0], [0.0, 0.0], [0.0, 0.0], [0.0, 0.0], [0.0, 0.0], [0.0, 0.0]], "L-Elb": [[0.13125, -0.058333333333333334], [0.017708333333333333, -0.03333333333333333], [0.030208333333333334, -0.05462962962962963], [0.15104166666666666, 0.046296296296296294], [0.0, 0.0], [0.0, 0.0], [0.0, 0.0], [0.0, 0.0], [0.0, 0.0], [0.0, 0.0]], "L-Wr": [[0.13229166666666667, -0.040740740740740744], [0.0484375, 0.002777777777777778], [0.05416666666666667, -0.03333333333333333], [0.1640625, 0.09537037037037037], [0.0, 0.0], [0.0, 0.0], [0.0, 0.0], [0.0, 0.0], [0.0, 0.0], [0.0, 0.0]], "R-Hip": [[0.15260416666666668, -0.04259259259259259], [-0.030208333333333334, -0.008333333333333333], [-0.0203125, -0.010185185185185186], [0.050520833333333334, 0.037037037037037035], [0.0, 0.0], [0.0, 0.0], [0.0, 0.0], [0.0, 0.0], [0.0, 0.0], [0.0, 0.0]], "R-Knee": [[0.16197916666666667, -0.021296296296296296], [-0.05520833333333333, 0.032407407407407406], [-0.05416666666666667, 0.03333333333333333], [0.018229166666666668, 0.053703703703703705], [0.0, 0.0], [0.0, 0.0], [0.0, 0.0], [0.0, 0.0], [0.0, 0.0], [0.0, 0.0]], "R-Ank": [[0.159375, 0.008333333333333333], [-0.0671875, 0.09814814814814815], [-0.0671875, 0.1175925925925926], [-0.018229166666666668, 0.07592592592592592], [0.0, 0.0], [0.0, 0.0], [0.0, 0.0], [0.0, 0.0], [0.0, 0.0], [0.0, 0.0]], "L-Hip": [[0.14427083333333332, -0.025], [-0.00625, -0.010185185185185186], [0.0036458333333333334, -0.010185185185185186], [0.07447916666666667, 0.08333333333333333], [0.0, 0.0], [0.0, 0.0], [0.0, 0.0], [0.0, 0.0], [0.0, 0.0], [0.0, 0.0]], "L-Knee": [[0.14479166666666668, 0.001851851851851852], [0.00625, 0.03148148148148148], [0.017708333333333333, 0.05277777777777778], [0.07291666666666667, 0.12037037037037036], [0.0, 0.0], [0.0, 0.0], [0.0, 0.0], [0.0, 0.0], [0.0, 0.0], [0.0, 0.0]], "L-Ank": [[0.1265625, 0.01574074074074074], [0.0296875, 0.09814814814814815], [0.030208333333333334, 0.11851851851851852], [0.026041666666666668, 0.12407407407407407], [0.0, 0.0], [0.0, 0.0], [0.0, 0.0], [0.0, 0.0], [0.0, 0.0], [0.0, 0.0]]}