{"Head": [[0.0296875, -0.03333333333333333], [0.16979166666666667, 0.07962962962962963], [0.4578125, 0.23055555555555557], [0.0, 0.0], [0.0, 0.0], [0.0, 0.0], [0.0, 0.0], [0.0, 0.0], [0.0, 0.0], [0.0, 0.0]], "R-Sho": [[0.005729166666666666, -0.032407407407407406], [0.15208333333333332, 0.09722222222222222], [0.4317708333333333, 0.22592592592592592], [0.0, 0.0], [0.0, 0.0], [0.0, 0.0], [0.0, 0.0], [0.0, 0.0], [0.0, 0.0], [0.0, 0.0]], "R-Elb": [[-0.00625, 0.011111111111111112], [0.12760416666666666, 0.09722222222222222], [0.4083333333333333, 0.20555555555555555], [0.0, 0.0], [0.0, 0.0], [0.0, 0.0], [0.0, 0.0], [0.0, 0.0], [0.0, 0.0], [0.0, 0.0]], "R-Wr": [[-0.01875, 0.05462962962962963], [0.13958333333333334, 0.09722222222222222], [0.4328125, 0.2064814814814815], [0.0, 0.0], [0.0, 0.0], [0.0, 0.0], [0.0, 0.0], [0.0, 0.0], [0.0, 0.0], [0.0, 0.0]], "L-Sho": [[0.0421875, -0.032407407407407406], [0.1765625, 0.11944444444444445], [0.44479166666666664, 0.27037037037037037], [0.0, 0.0], [0.0, 0.0], [0.0, 0.0], [0.0, 0.0], [0.0, 0.0], [0.0, 0.0], [0.0, 0.0]], "L-Elb": [[0.0546875, 0.010185185185185186], [0.20052083333333334, 0.16203703703703703], [0.41822916666666665, 0.3055555555555556], [0.0, 0.0], [0.0, 0.0], [0.0, 0.0], [0.0, 0.0], [0.0, 0.0], [0.0, 0.0], [0.0, 0.0]], "L-Wr": [[0.05520833333333333, 0.053703703703703705], [0.2125, 0.18425925925925926], [0.4015625, 0.27870370370370373], [0.0, 0.0], [0.0, 0.0], [0.0, 0.0], [0.0, 0.0], [0.0, 0.0], [0.0, 0.0], [0.0, 0.0]], "R-Hip": [[0.0171875, 0.03333333333333333], [0.115625, 0.16203703703703703], [0.3802083333333333, 0.23796296296296296], [0.0, 0.0], [0.0, 0.0], [0.0, 0.0], [0.0, 0.0], [0.0, 0.0], [0.0, 0.0], [0.0, 0.0]], "R-Knee": [[-0.0067708333333333336, 0.09722222222222222], [0.0671875, 0.16296296296296298], [0.3375, 0.2074074074074074], [0.0, 0.0], [0.0, 0.0], [0.0, 0.0], [0.0, 0.0], [0.0, 0.0], [0.0, 0.0], [0.0, 0.0]], "R-Ank": [[-0.0421875, 0.16296296296296298], [0.027604166666666666, 0.18518518518518517], [0.2864583333333333, 0.20555555555555555], [0.0, 0.0], [0.0, 0.0], [0.0, 0.0], [0.0, 0.0], [0.0, 0.0], [0.0, 0.0], [0.0, 0.0]], "L-Hip": [[0.04114583333333333, 0.04351851851851852], [0.128125, 0.18425925925925926], [0.384375, 0.2712962962962963], [0.0, 0.0], [0.0, 0.0], [0.0, 0.0], [0.0, 0.0], [0.0, 0.0], [0.0, 0.0], [0.0, 0.0]], "L-Knee": [[0.0546875, 0.07592592592592592], [0.11510416666666666, 0.20555555555555555], [0.3546875, 0.28888888888888886], [0.0, 0.0], [0.0, 0.0], [0.0, 0.0], [0.0, 0.0], [0.0, 0.0], [0.0, 0.0], [0.0, 0.0]], "L-Ank": [[0.042708333333333334, 0.14166666666666666], [0.05625, 0.20925925925925926], [0.29739583333333336, 0.29814814814814816], [0.0, 0.0], [0.0, 0.0], [0.0, 0.0], [0.0, 0.0], [0.0, 0.0], [0.0, 0.0], [0.0, 0.0]]}