{"Head": [[-0.0067708333333333336, -0.14074074074074075], [-0.09166666666666666, -0.03333333333333333], [-0.21666666666666667, 0.12037037037037036], [0.0, 0.0], [0.0, 0.0], [0.0, 0.0], [0.0, 0.0], [0.0, 0.0], [0.0, 0.0], [0.0, 0.0]], "R-Sho": [[-0.030729166666666665, -0.07777777777777778], [-0.1046875, 0.010185185185185186], [-0.203125, 0.13796296296296295], [0.0, 0.0], [0.0, 0.0], [0.0, 0.0], [0.0, 0.0], [0.0, 0.0], [0.0, 0.0], [0.0, 0.0]], "R-Elb": [[-0.042708333333333334, -0.03333333333333333], [-0.128125, 0.053703703703703705], [-0.2140625, 0.1527777777777778], [0.0, 0.0], [0.0, 0.0], [0.0, 0.0], [0.0, 0.0], [0.0, 0.0], [0.0, 0.0], [0.0, 0.0]], "R-Wr": [[-0.0546875, 0.009259259259259259], [-0.140625, 0.053703703703703705], [-0.20260416666666667, 0.10555555555555556], [0.0, 0.0], [0.0, 0.0], [0.0, 0.0], [0.0, 0.0], [0.0, 0.0], [0.0, 0.0], [0.0, 0.0]], "L-Sho": [[0.017708333333333333, -0.09814814814814815], [-0.06458333333333334, -0.001851851851851852], [-0.19791666666666666, 0.11203703703703703], [0.0, 0.0], [0.0, 0.0], [0.0, 0.0], [0.0, 0.0], [0.0, 0.0], [0.0, 0.0], [0.0, 0.0]], "L-Elb": [[0.030729166666666665, -0.03425925925925926], [-0.04895833333333333, 0.02962962962962963], [-0.190625, 0.09166666666666666], [0.0, 0.0], [0.0, 0.0], [0.0, 0.0], [0.0, 0.0], [0.0, 0.0], [0.0, 0.0], [0.0, 0.0]], "L-Wr": [[0.05416666666666667, -0.011111111111111112], [-0.07760416666666667, 0.03888888888888889], [-0.2015625, 0.09074074074074075], [0.0, 0.0], [0.0, 0.0], [0.0, 0.0], [0.0, 0.0], [0.0, 0.0], [0.0, 0.0], [0.0, 0.0]], "R-Hip": [[-0.017708333333333333, 0.010185185185185186], [-0.049479166666666664, 0.10092592592592593], [-0.16822916666666668, 0.1574074074074074], [0.0, 0.0], [0.0, 0.0], [0.0, 0.0], [0.0, 0.0], [0.0, 0.0], [0.0, 0.0], [0.0, 0.0]], "R-Knee": [[-0.030729166666666665, 0.07592592592592592], [-0.042708333333333334, 0.14074074074074075], [-0.19895833333333332, 0.17037037037037037], [0.0, 0.0], [0.0, 0.0], [0.0, 0.0], [0.0, 0.0], [0.0, 0.0], [0.0, 0.0], [0.0, 0.0]], "R-Ank": [[-0.0421875, 0.16203703703703703], [0.005729166666666666, 0.18333333333333332], [-0.22447916666666667, 0.17592592592592593], [0.0, 0.0], [0.0, 0.0], [0.0, 0.0], [0.0, 0.0], [0.0, 0.0], [0.0, 0.0], [0.0, 0.0]], "L-Hip": [[0.017708333333333333, 0.009259259259259259], [-0.028645833333333332, 0.06759259259259259], [-0.16822916666666668, 0.1259259259259259], [0.0, 0.0], [0.0, 0.0], [0.0, 0.0], [0.0, 0.0], [0.0, 0.0], [0.0, 0.0], [0.0, 0.0]], "L-Knee": [[0.030729166666666665, 0.075], [0.005729166666666666, 0.09814814814814815], [-0.1859375, 0.10277777777777777], [0.0, 0.0], [0.0, 0.0], [0.0, 0.0], [0.0, 0.0], [0.0, 0.0], [0.0, 0.0], [0.0, 0.0]], "L-Ank": [[0.0421875, 0.16111111111111112], [0.0546875, 0.16203703703703703], [-0.20208333333333334, 0.06296296296296296], [0.0, 0.0], [0.0, 0.0], [0.0, 0.0], [0.0, 0.0], [0.0, 0.0], [0.0, 0.0], [0.0, 0.0]]}