{"Head": [[0.005729166666666666, -0.14074074074074075], [0.005729166666666666, -0.14074074074074075], [0.005208333333333333, -0.14166666666666666], [-0.00625, -0.11944444444444445], [-0.058333333333333334, -0.10648148148148148], [-0.15677083333333333, -0.0787037037037037], [-0.26666666666666666, 0.046296296296296294], [-0.303125, 0.06944444444444445], [0.0, 0.0], [0.0, 0.0]], "R-Sho": [[-0.018229166666666668, -0.12037037037037036], [-0.018229166666666668, -0.12037037037037036], [-0.01875, -0.12037037037037036], [-0.030208333333333334, -0.09907407407407408], [-0.06875, -0.058333333333333334], [-0.16510416666666666, -0.03333333333333333], [-0.25625, 0.06944444444444445], [-0.2953125, 0.09351851851851851], [0.0, 0.0], [0.0, 0.0]], "R-Elb": [[-0.043229166666666666, -0.09814814814814815], [-0.043229166666666666, -0.09907407407407408], [-0.04375, -0.09907407407407408], [-0.05520833333333333, -0.07685185185185185], [-0.07552083333333333, -0.03518518518518519], [-0.17760416666666667, 0.03148148148148148], [-0.2755208333333333, 0.09259259259259259], [-0.290625, 0.11851851851851852], [0.0, 0.0], [0.0, 0.0]], "R-Wr": [[-0.07916666666666666, -0.09814814814814815], [-0.07916666666666666, -0.09814814814814815], [-0.0796875, -0.09814814814814815], [-0.07916666666666666, -0.03333333333333333], [-0.0671875, 0.027777777777777776], [-0.19479166666666667, -0.025925925925925925], [-0.30416666666666664, 0.11296296296296296], [-0.3234375, 0.09814814814814815], [0.0, 0.0], [0.0, 0.0]], "L-Sho": [[0.030729166666666665, -0.11666666666666667], [0.025520833333333333, -0.11851851851851852], [0.027083333333333334, -0.12777777777777777], [0.0234375, -0.08703703703703704], [-0.0359375, -0.08148148148148149], [-0.14114583333333333, -0.07314814814814814], [-0.228125, 0.009259259259259259], [-0.2833333333333333, 0.05277777777777778], [0.0, 0.0], [0.0, 0.0]], "L-Elb": [[0.05520833333333333, -0.10277777777777777], [0.042708333333333334, -0.11944444444444445], [0.05416666666666667, -0.12037037037037036], [0.0421875, -0.07685185185185185], [0.0020833333333333333, -0.07037037037037037], [-0.109375, -0.05740740740740741], [-0.20520833333333333, 0.001851851851851852], [-0.2838541666666667, 0.03518518518518519], [0.0, 0.0], [0.0, 0.0]], "L-Wr": [[0.08697916666666666, -0.11018518518518519], [0.07864583333333333, -0.12037037037037036], [0.07864583333333333, -0.12037037037037036], [0.06458333333333334, -0.058333333333333334], [-0.0046875, -0.03425925925925926], [-0.11354166666666667, -0.07777777777777778], [-0.19375, -0.03518518518518519], [-0.30416666666666664, 0.046296296296296294], [0.0, 0.0], [0.0, 0.0]], "R-Hip": [[-0.011979166666666667, -0.053703703703703705], [-0.015104166666666667, -0.044444444444444446], [-0.013541666666666667, -0.03796296296296296], [-0.0171875, -0.022222222222222223], [-0.042708333333333334, 0.011111111111111112], [-0.090625, 0.032407407407407406], [-0.165625, 0.05555555555555555], [-0.23489583333333333, 0.11296296296296296], [0.0, 0.0], [0.0, 0.0]], "R-Knee": [[-0.042708333333333334, -0.011111111111111112], [-0.043229166666666666, -0.011111111111111112], [-0.042708333333333334, -0.011111111111111112], [-0.0421875, 0.03148148148148148], [-0.030729166666666665, 0.07407407407407407], [-0.0390625, 0.08333333333333333], [-0.1125, 0.06111111111111111], [-0.1875, 0.1287037037037037], [0.0, 0.0], [0.0, 0.0]], "R-Ank": [[-0.04375, 0.07592592592592592], [-0.04635416666666667, 0.08981481481481482], [-0.0546875, 0.0962962962962963], [-0.00625, 0.05462962962962963], [0.0067708333333333336, 0.09722222222222222], [0.0, 0.1111111111111111], [-0.07239583333333334, 0.06574074074074074], [-0.1421875, 0.13148148148148148], [0.0, 0.0], [0.0, 0.0]], "L-Hip": [[0.018229166666666668, -0.05462962962962963], [0.018229166666666668, -0.05462962962962963], [0.018229166666666668, -0.05462962962962963], [0.00625, -0.03333333333333333], [-0.018229166666666668, -0.011111111111111112], [-0.07395833333333333, -0.014814814814814815], [-0.15729166666666666, 0.010185185185185186], [-0.22395833333333334, 0.06296296296296296], [0.0, 0.0], [0.0, 0.0]], "L-Knee": [[0.05416666666666667, -0.011111111111111112], [0.05416666666666667, -0.011111111111111112], [0.042708333333333334, -0.011111111111111112], [0.0421875, 0.010185185185185186], [0.018229166666666668, 0.032407407407407406], [-0.0359375, -0.003703703703703704], [-0.1171875, 0.008333333333333333], [-0.18489583333333334, 0.062037037037037036], [0.0, 0.0], [0.0, 0.0]], "L-Ank": [[0.0546875, 0.0962962962962963], [0.0546875, 0.07685185185185185], [0.0546875, 0.0962962962962963], [0.0546875, 0.0962962962962963], [0.0546875, 0.09722222222222222], [-0.003125, 0.05185185185185185], [-0.07864583333333333, 0.012962962962962963], [-0.13854166666666667, 0.05185185185185185], [0.0, 0.0], [0.0, 0.0]]}