{"Head": [[0.010416666666666666, -0.1712962962962963], [-0.04635416666666667, -0.12962962962962962], [-0.15104166666666666, -0.0962962962962963], [-0.21770833333333334, -0.04537037037037037], [0.0, 0.0], [0.0, 0.0], [0.0, 0.0], [0.0, 0.0], [0.0, 0.0], [0.0, 0.0]], "R-Sho": [[0.0005208333333333333, -0.1574074074074074], [-0.05625, -0.09907407407407408], [-0.15833333333333333, -0.075], [-0.2015625, -0.013888888888888888], [0.0, 0.0], [0.0, 0.0], [0.0, 0.0], [0.0, 0.0], [0.0, 0.0], [0.0, 0.0]], "R-Elb": [[-0.013541666666666667, -0.12685185185185185], [-0.07135416666666666, -0.07592592592592592], [-0.1640625, -0.03425925925925926], [-0.20104166666666667, 0.002777777777777778], [0.0, 0.0], [0.0, 0.0], [0.0, 0.0], [0.0, 0.0], [0.0, 0.0], [0.0, 0.0]], "R-Wr": [[-0.0171875, -0.0787037037037037], [-0.07864583333333333, -0.07314814814814814], [-0.17604166666666668, -0.007407407407407408], [-0.2125, 0.003703703703703704], [0.0, 0.0], [0.0, 0.0], [0.0, 0.0], [0.0, 0.0], [0.0, 0.0], [0.0, 0.0]], "L-Sho": [[0.027083333333333334, -0.1537037037037037], [-0.04479166666666667, -0.09537037037037037], [-0.13177083333333334, -0.08981481481481482], [-0.19479166666666667, -0.03518518518518519], [0.0, 0.0], [0.0, 0.0], [0.0, 0.0], [0.0, 0.0], [0.0, 0.0], [0.0, 0.0]], "L-Elb": [[0.035416666666666666, -0.12314814814814815], [-0.023958333333333335, -0.08425925925925926], [-0.11041666666666666, -0.09907407407407408], [-0.18489583333333334, -0.04259259259259259], [0.0, 0.0], [0.0, 0.0], [0.0, 0.0], [0.0, 0.0], [0.0, 0.0], [0.0, 0.0]], "L-Wr": [[0.0375, -0.07685185185185185], [-0.013541666666666667, -0.062037037037037036], [-0.07604166666666666, -0.1361111111111111], [-0.20052083333333334, -0.06296296296296296], [0.0, 0.0], [0.0, 0.0], [0.0, 0.0], [0.0, 0.0], [0.0, 0.0], [0.0, 0.0]], "R-Hip": [[0.0, -0.09444444444444444], [-0.0421875, -0.06111111111111111], [-0.1171875, -0.03148148148148148], [-0.16875, 0.007407407407407408], [0.0, 0.0], [0.0, 0.0], [0.0, 0.0], [0.0, 0.0], [0.0, 0.0], [0.0, 0.0]], "R-Knee": [[-0.015104166666666667, -0.05462962962962963], [-0.05677083333333333, -0.05740740740740741], [-0.1046875, 0.012037037037037037], [-0.13802083333333334, 0.01574074074074074], [0.0, 0.0], [0.0, 0.0], [0.0, 0.0], [0.0, 0.0], [0.0, 0.0], [0.0, 0.0]], "R-Ank": [[-0.028125, -0.01574074074074074], [-0.03697916666666667, -0.03333333333333333], [-0.06197916666666667, 0.012037037037037037], [-0.09791666666666667, 0.006481481481481481], [0.0, 0.0], [0.0, 0.0], [0.0, 0.0], [0.0, 0.0], [0.0, 0.0], [0.0, 0.0]], "L-Hip": [[0.022395833333333334, -0.09166666666666666], [-0.030729166666666665, -0.062037037037037036], [-0.1109375, -0.05462962962962963], [-0.16197916666666667, -0.025], [0.0, 0.0], [0.0, 0.0], [0.0, 0.0], [0.0, 0.0], [0.0, 0.0], [0.0, 0.0]], "L-Knee": [[0.035416666666666666, -0.05185185185185185], [-0.013020833333333334, -0.026851851851851852], [-0.09270833333333334, -0.041666666666666664], [-0.16510416666666666, -0.05925925925925926], [0.0, 0.0], [0.0, 0.0], [0.0, 0.0], [0.0, 0.0], [0.0, 0.0], [0.0, 0.0]], "L-Ank": [[0.05572916666666667, -0.006481481481481481], [0.015104166666666667, -0.007407407407407408], [-0.0640625, -0.0712962962962963], [-0.18125, -0.09166666666666666], [0.0, 0.0], [0.0, 0.0], [0.0, 0.0], [0.0, 0.0], [0.0, 0.0], [0.0, 0.0]]}