{"Head": [[-0.059375, -0.13518518518518519], [-0.05364583333333333, -0.08055555555555556], [0.0296875, -0.021296296296296296], [0.1046875, 0.001851851851851852], [0.20104166666666667, -0.011111111111111112], [0.0, 0.0], [0.0, 0.0], [0.0, 0.0], [0.0, 0.0], [0.0, 0.0]], "R-Sho": [[-0.06770833333333333, -0.09814814814814815], [-0.06770833333333333, -0.05462962962962963], [0.0140625, -0.002777777777777778], [0.0890625, 0.019444444444444445], [0.18854166666666666, 0.009259259259259259], [0.0, 0.0], [0.0, 0.0], [0.0, 0.0], [0.0, 0.0], [0.0, 0.0]], "R-Elb": [[-0.0796875, -0.05462962962962963], [-0.0796875, -0.032407407407407406], [0.005729166666666666, 0.03148148148148148], [0.0859375, 0.058333333333333334], [0.18854166666666666, 0.03148148148148148], [0.0, 0.0], [0.0, 0.0], [0.0, 0.0], [0.0, 0.0], [0.0, 0.0]], "R-Wr": [[-0.0796875, -0.012037037037037037], [-0.08020833333333334, -0.011111111111111112], [0.017708333333333333, 0.03148148148148148], [0.09895833333333333, 0.07037037037037037], [0.1890625, 0.03148148148148148], [0.0, 0.0], [0.0, 0.0], [0.0, 0.0], [0.0, 0.0], [0.0, 0.0]], "L-Sho": [[-0.043229166666666666, -0.09814814814814815], [-0.042708333333333334, -0.05462962962962963], [0.0421875, 0.010185185185185186], [0.1140625, 0.03333333333333333], [0.1890625, 0.009259259259259259], [0.0, 0.0], [0.0, 0.0], [0.0, 0.0], [0.0, 0.0], [0.0, 0.0]], "L-Elb": [[-0.042708333333333334, -0.05462962962962963], [-0.03125, -0.012037037037037037], [0.042708333333333334, 0.03333333333333333], [0.115625, 0.06759259259259259], [0.20104166666666667, 0.032407407407407406], [0.0, 0.0], [0.0, 0.0], [0.0, 0.0], [0.0, 0.0], [0.0, 0.0]], "L-Wr": [[-0.042708333333333334, -0.03333333333333333], [-0.030729166666666665, 0.010185185185185186], [0.0546875, 0.07592592592592592], [0.10729166666666666, 0.07962962962962963], [0.18958333333333333, 0.053703703703703705], [0.0, 0.0], [0.0, 0.0], [0.0, 0.0], [0.0, 0.0], [0.0, 0.0]], "R-Hip": [[-0.0671875, -0.012962962962962963], [-0.06770833333333333, 0.010185185185185186], [-0.0046875, 0.044444444444444446], [0.08020833333333334, 0.08518518518518518], [0.1640625, 0.053703703703703705], [0.0, 0.0], [0.0, 0.0], [0.0, 0.0], [0.0, 0.0], [0.0, 0.0]], "R-Knee": [[-0.07916666666666666, 0.032407407407407406], [-0.0796875, 0.053703703703703705], [-0.028645833333333332, 0.05092592592592592], [0.07291666666666667, 0.05185185185185185], [0.17239583333333333, 0.08518518518518518], [0.0, 0.0], [0.0, 0.0], [0.0, 0.0], [0.0, 0.0], [0.0, 0.0]], "R-Ank": [[-0.0796875, 0.07592592592592592], [-0.10052083333333334, 0.08796296296296297], [-0.05520833333333333, 0.06018518518518518], [0.044270833333333336, 0.0824074074074074], [0.15833333333333333, 0.08796296296296297], [0.0, 0.0], [0.0, 0.0], [0.0, 0.0], [0.0, 0.0], [0.0, 0.0]], "L-Hip": [[-0.051041666666666666, -0.018518518518518517], [-0.049479166666666664, 0.014814814814814815], [0.007291666666666667, 0.062037037037037036], [0.09322916666666667, 0.08611111111111111], [0.171875, 0.05185185185185185], [0.0, 0.0], [0.0, 0.0], [0.0, 0.0], [0.0, 0.0], [0.0, 0.0]], "L-Knee": [[-0.042708333333333334, 0.03148148148148148], [-0.030729166666666665, 0.030555555555555555], [0.005729166666666666, 0.08981481481481482], [0.11302083333333333, 0.08611111111111111], [0.18125, 0.07777777777777778], [0.0, 0.0], [0.0, 0.0], [0.0, 0.0], [0.0, 0.0], [0.0, 0.0]], "L-Ank": [[-0.03125, 0.09722222222222222], [-0.042708333333333334, 0.07685185185185185], [-0.0296875, 0.09814814814814815], [0.08854166666666667, 0.1], [0.159375, 0.08888888888888889], [0.0, 0.0], [0.0, 0.0], [0.0, 0.0], [0.0, 0.0], [0.0, 0.0]]}