{"Head": [[0.00625, -0.12129629629629629], [0.0026041666666666665, -0.08425925925925926], [-0.057291666666666664, -0.037037037037037035], [0.0, 0.0], [0.0, 0.0], [0.0, 0.0], [0.0, 0.0], [0.0, 0.0], [0.0, 0.0], [0.0, 0.0]], "R-Sho": [[-0.00625, -0.09907407407407408], [-0.018229166666666668, -0.05462962962962963], [-0.07135416666666666, -0.014814814814814815], [0.0, 0.0], [0.0, 0.0], [0.0, 0.0], [0.0, 0.0], [0.0, 0.0], [0.0, 0.0], [0.0, 0.0]], "R-Elb": [[-0.0067708333333333336, -0.05555555555555555], [-0.01875, -0.012037037037037037], [-0.08333333333333333, 0.019444444444444445], [0.0, 0.0], [0.0, 0.0], [0.0, 0.0], [0.0, 0.0], [0.0, 0.0], [0.0, 0.0], [0.0, 0.0]], "R-Wr": [[-0.018229166666666668, -0.012037037037037037], [-0.03333333333333333, 0.008333333333333333], [-0.1078125, 0.040740740740740744], [0.0, 0.0], [0.0, 0.0], [0.0, 0.0], [0.0, 0.0], [0.0, 0.0], [0.0, 0.0], [0.0, 0.0]], "L-Sho": [[0.01875, -0.09907407407407408], [0.017708333333333333, -0.05], [-0.044270833333333336, -0.024074074074074074], [0.0, 0.0], [0.0, 0.0], [0.0, 0.0], [0.0, 0.0], [0.0, 0.0], [0.0, 0.0], [0.0, 0.0]], "L-Elb": [[0.030208333333333334, -0.07592592592592592], [0.03229166666666667, -0.026851851851851852], [-0.024479166666666666, -0.01574074074074074], [0.0, 0.0], [0.0, 0.0], [0.0, 0.0], [0.0, 0.0], [0.0, 0.0], [0.0, 0.0], [0.0, 0.0]], "L-Wr": [[0.030208333333333334, -0.03425925925925926], [0.049479166666666664, 0.009259259259259259], [-0.0046875, -0.004629629629629629], [0.0, 0.0], [0.0, 0.0], [0.0, 0.0], [0.0, 0.0], [0.0, 0.0], [0.0, 0.0], [0.0, 0.0]], "R-Hip": [[-0.005729166666666666, -0.03333333333333333], [-0.00625, 0.010185185185185186], [-0.0484375, 0.03611111111111111], [0.0, 0.0], [0.0, 0.0], [0.0, 0.0], [0.0, 0.0], [0.0, 0.0], [0.0, 0.0], [0.0, 0.0]], "R-Knee": [[-0.018229166666666668, 0.03148148148148148], [-0.04114583333333333, 0.03518518518518519], [-0.0375, 0.07407407407407407], [0.0, 0.0], [0.0, 0.0], [0.0, 0.0], [0.0, 0.0], [0.0, 0.0], [0.0, 0.0], [0.0, 0.0]], "R-Ank": [[-0.018229166666666668, 0.0962962962962963], [-0.0067708333333333336, 0.07685185185185185], [0.009895833333333333, 0.10925925925925926], [0.0, 0.0], [0.0, 0.0], [0.0, 0.0], [0.0, 0.0], [0.0, 0.0], [0.0, 0.0], [0.0, 0.0]], "L-Hip": [[0.018229166666666668, -0.027777777777777776], [0.00625, 0.009259259259259259], [-0.025520833333333333, 0.027777777777777776], [0.0, 0.0], [0.0, 0.0], [0.0, 0.0], [0.0, 0.0], [0.0, 0.0], [0.0, 0.0], [0.0, 0.0]], "L-Knee": [[0.030208333333333334, 0.03148148148148148], [0.030208333333333334, 0.03333333333333333], [0.008854166666666666, 0.04814814814814815], [0.0, 0.0], [0.0, 0.0], [0.0, 0.0], [0.0, 0.0], [0.0, 0.0], [0.0, 0.0], [0.0, 0.0]], "L-Ank": [[0.0421875, 0.0962962962962963], [0.0546875, 0.09722222222222222], [0.05520833333333333, 0.09444444444444444], [0.0, 0.0], [0.0, 0.0], [0.0, 0.0], [0.0, 0.0], [0.0, 0.0], [0.0, 0.0], [0.0, 0.0]]}