{"Head": [[-0.005729166666666666, -0.2074074074074074], [0.005208333333333333, -0.22870370370370371], [0.005208333333333333, -0.2037037037037037], [-0.0067708333333333336, -0.18518518518518517], [-0.10572916666666667, -0.11481481481481481], [-0.20989583333333334, -0.06296296296296296], [-0.2630208333333333, -0.000925925925925926], [0.0, 0.0], [0.0, 0.0], [0.0, 0.0]], "R-Sho": [[-0.030208333333333334, -0.18425925925925926], [-0.01875, -0.18611111111111112], [-0.01875, -0.1638888888888889], [-0.030729166666666665, -0.1425925925925926], [-0.109375, -0.0712962962962963], [-0.1984375, -0.017592592592592594], [-0.253125, 0.044444444444444446], [0.0, 0.0], [0.0, 0.0], [0.0, 0.0]], "R-Elb": [[-0.030729166666666665, -0.12037037037037036], [-0.030729166666666665, -0.14166666666666666], [-0.03125, -0.12037037037037036], [-0.0546875, -0.11851851851851852], [-0.13541666666666666, -0.037037037037037035], [-0.23645833333333333, 0.010185185185185186], [-0.26875, 0.08981481481481482], [0.0, 0.0], [0.0, 0.0], [0.0, 0.0]], "R-Wr": [[-0.03125, -0.07592592592592592], [-0.030729166666666665, -0.09722222222222222], [-0.0421875, -0.07685185185185185], [-0.06666666666666667, -0.05648148148148148], [-0.15677083333333333, -0.07407407407407407], [-0.2828125, 0.013888888888888888], [-0.31302083333333336, 0.09166666666666666], [0.0, 0.0], [0.0, 0.0], [0.0, 0.0]], "L-Sho": [[0.017708333333333333, -0.18425925925925926], [0.018229166666666668, -0.2064814814814815], [0.025, -0.16296296296296298], [0.009375, -0.1398148148148148], [-0.08229166666666667, -0.1111111111111111], [-0.18541666666666667, -0.058333333333333334], [-0.2390625, -0.009259259259259259], [0.0, 0.0], [0.0, 0.0], [0.0, 0.0]], "L-Elb": [[0.030208333333333334, -0.12129629629629629], [0.030208333333333334, -0.14351851851851852], [0.030208333333333334, -0.14074074074074075], [0.030208333333333334, -0.11944444444444445], [-0.052083333333333336, -0.09166666666666666], [-0.153125, -0.08703703703703704], [-0.21458333333333332, -0.03611111111111111], [0.0, 0.0], [0.0, 0.0], [0.0, 0.0]], "L-Wr": [[0.030208333333333334, -0.07685185185185185], [0.030208333333333334, -0.09907407407407408], [0.0421875, -0.09907407407407408], [0.030208333333333334, -0.07592592592592592], [-0.08854166666666667, -0.0824074074074074], [-0.125, -0.125], [-0.19375, -0.07407407407407407], [0.0, 0.0], [0.0, 0.0], [0.0, 0.0]], "R-Hip": [[-0.01875, -0.07777777777777778], [-0.018229166666666668, -0.09814814814814815], [-0.018229166666666668, -0.07685185185185185], [-0.019270833333333334, -0.05555555555555555], [-0.065625, -0.005555555555555556], [-0.13958333333333334, 0.016666666666666666], [-0.184375, 0.06944444444444445], [0.0, 0.0], [0.0, 0.0], [0.0, 0.0]], "R-Knee": [[-0.030729166666666665, -0.011111111111111112], [-0.01875, -0.012037037037037037], [-0.030729166666666665, -0.011111111111111112], [-0.043229166666666666, 0.009259259259259259], [-0.051041666666666666, 0.046296296296296294], [-0.0828125, 0.03796296296296296], [-0.1484375, 0.06851851851851852], [0.0, 0.0], [0.0, 0.0], [0.0, 0.0]], "R-Ank": [[-0.030729166666666665, 0.05555555555555555], [-0.030729166666666665, 0.075], [-0.042708333333333334, 0.05555555555555555], [-0.042708333333333334, 0.075], [0.0109375, 0.07685185185185185], [-0.027604166666666666, 0.06481481481481481], [-0.10104166666666667, 0.049074074074074076], [0.0, 0.0], [0.0, 0.0], [0.0, 0.0]], "L-Hip": [[0.005729166666666666, -0.07777777777777778], [0.0109375, -0.09074074074074075], [0.008854166666666666, -0.07685185185185185], [-0.0026041666666666665, -0.06759259259259259], [-0.0359375, -0.02962962962962963], [-0.12864583333333332, -0.023148148148148147], [-0.1765625, 0.011111111111111112], [0.0, 0.0], [0.0, 0.0], [0.0, 0.0]], "L-Knee": [[0.005729166666666666, -0.011111111111111112], [0.00625, -0.012037037037037037], [0.018229166666666668, -0.011111111111111112], [0.01875, -0.010185185185185186], [-0.009895833333333333, 0.024074074074074074], [-0.08697916666666666, 0.000925925925925926], [-0.1375, 0.009259259259259259], [0.0, 0.0], [0.0, 0.0], [0.0, 0.0]], "L-Ank": [[0.005729166666666666, 0.075], [0.00625, 0.075], [0.0421875, 0.07592592592592592], [0.030729166666666665, 0.075], [0.058854166666666666, 0.09074074074074075], [-0.023958333333333335, 0.03518518518518519], [-0.1, 0.005555555555555556], [0.0, 0.0], [0.0, 0.0], [0.0, 0.0]]}