{"Head": [[0.018229166666666668, -0.09722222222222222], [0.017708333333333333, -0.032407407407407406], [-0.030729166666666665, 0.009259259259259259], [-0.10260416666666666, 0.019444444444444445], [-0.1734375, 0.04351851851851852], [-0.24114583333333334, 0.10277777777777777], [-0.2994791666666667, 0.18425925925925926], [-0.321875, 0.1685185185185185], [-0.3375, 0.1648148148148148], [0.0, 0.0]], "R-Sho": [[-0.005729166666666666, -0.07685185185185185], [-0.00625, -0.011111111111111112], [-0.04583333333333333, 0.023148148148148147], [-0.08333333333333333, 0.05277777777777778], [-0.1765625, 0.07592592592592592], [-0.24583333333333332, 0.1425925925925926], [-0.27708333333333335, 0.2064814814814815], [-0.3020833333333333, 0.21574074074074073], [-0.32135416666666666, 0.2324074074074074], [0.0, 0.0]], "R-Elb": [[-0.01875, -0.03333333333333333], [-0.018229166666666668, 0.032407407407407406], [-0.05260416666666667, 0.05740740740740741], [-0.109375, 0.06574074074074074], [-0.20833333333333334, 0.06666666666666667], [-0.2859375, 0.1398148148148148], [-0.31145833333333334, 0.21944444444444444], [-0.346875, 0.23703703703703705], [-0.3671875, 0.23703703703703705], [0.0, 0.0]], "R-Wr": [[-0.01875, 0.010185185185185186], [-0.0296875, 0.05925925925925926], [-0.057291666666666664, 0.10185185185185185], [-0.15104166666666666, 0.08611111111111111], [-0.23802083333333332, 0.032407407407407406], [-0.3109375, 0.11851851851851852], [-0.3484375, 0.23055555555555557], [-0.37604166666666666, 0.1962962962962963], [-0.37864583333333335, 0.18981481481481483], [0.0, 0.0]], "L-Sho": [[0.030729166666666665, -0.07592592592592592], [0.030208333333333334, -0.011111111111111112], [-0.00625, 0.012962962962962963], [-0.0703125, 0.03148148148148148], [-0.14114583333333333, 0.05462962962962963], [-0.2140625, 0.1175925925925926], [-0.2703125, 0.1685185185185185], [-0.2947916666666667, 0.15185185185185185], [-0.3109375, 0.15925925925925927], [0.0, 0.0]], "L-Elb": [[0.05364583333333333, -0.03333333333333333], [0.05416666666666667, 0.03148148148148148], [0.0171875, 0.03611111111111111], [-0.09947916666666666, 0.06111111111111111], [-0.153125, 0.08611111111111111], [-0.1890625, 0.14074074074074075], [-0.23333333333333334, 0.16296296296296298], [-0.26510416666666664, 0.14722222222222223], [-0.28125, 0.1685185185185185], [0.0, 0.0]], "L-Wr": [[0.042708333333333334, -0.011111111111111112], [0.06666666666666667, 0.075], [0.018229166666666668, 0.0962962962962963], [-0.13802083333333334, 0.07962962962962963], [-0.17447916666666666, 0.13148148148148148], [-0.1890625, 0.18425925925925926], [-0.20989583333333334, 0.18425925925925926], [-0.26510416666666664, 0.21574074074074073], [-0.29583333333333334, 0.23796296296296296], [0.0, 0.0]], "R-Hip": [[0.005208333333333333, 0.010185185185185186], [-0.00625, 0.053703703703703705], [-0.01875, 0.07592592592592592], [-0.041666666666666664, 0.10740740740740741], [-0.11041666666666666, 0.1425925925925926], [-0.1609375, 0.19537037037037036], [-0.184375, 0.20462962962962963], [-0.2203125, 0.2175925925925926], [-0.24270833333333333, 0.22870370370370371], [0.0, 0.0]], "R-Knee": [[-0.0067708333333333336, 0.075], [-0.018229166666666668, 0.075], [-0.030729166666666665, 0.11944444444444445], [-0.03958333333333333, 0.175], [-0.06302083333333333, 0.1824074074074074], [-0.10052083333333334, 0.19722222222222222], [-0.128125, 0.17222222222222222], [-0.1703125, 0.20185185185185187], [-0.1921875, 0.23148148148148148], [0.0, 0.0]], "R-Ank": [[-0.00625, 0.14074074074074075], [0.005729166666666666, 0.1398148148148148], [0.015625, 0.15555555555555556], [0.008854166666666666, 0.15462962962962962], [-0.0125, 0.1675925925925926], [-0.04114583333333333, 0.19814814814814816], [-0.09375, 0.15648148148148147], [-0.12552083333333333, 0.19166666666666668], [-0.1484375, 0.2324074074074074], [0.0, 0.0]], "L-Hip": [[0.030208333333333334, 0.010185185185185186], [0.01875, 0.053703703703703705], [0.00625, 0.075], [-0.025520833333333333, 0.0824074074074074], [-0.09739583333333333, 0.08981481481481482], [-0.1515625, 0.14074074074074075], [-0.18489583333333334, 0.11481481481481481], [-0.22395833333333334, 0.1537037037037037], [-0.24583333333333332, 0.16296296296296298], [0.0, 0.0]], "L-Knee": [[0.042708333333333334, 0.075], [0.0546875, 0.09722222222222222], [0.0453125, 0.10740740740740741], [0.0026041666666666665, 0.10648148148148148], [-0.06302083333333333, 0.10740740740740741], [-0.11979166666666667, 0.10740740740740741], [-0.153125, 0.08333333333333333], [-0.19010416666666666, 0.10092592592592593], [-0.21197916666666666, 0.13240740740740742], [0.0, 0.0]], "L-Ank": [[0.05416666666666667, 0.12037037037037036], [0.07916666666666666, 0.14166666666666666], [0.09791666666666667, 0.15925925925925927], [0.0625, 0.14074074074074075], [-0.004166666666666667, 0.09537037037037037], [-0.07708333333333334, 0.0712962962962963], [-0.1125, 0.04351851851851852], [-0.153125, 0.044444444444444446], [-0.15885416666666666, 0.07314814814814814], [0.0, 0.0]]}