{"Head": [[-0.01875, -0.18518518518518517], [-0.018229166666666668, -0.18425925925925926], [0.0546875, -0.16296296296296298], [0.2015625, -0.03333333333333333], [0.0, 0.0], [0.0, 0.0], [0.0, 0.0], [0.0, 0.0], [0.0, 0.0], [0.0, 0.0]], "R-Sho": [[-0.03125, -0.18425925925925926], [-0.030208333333333334, -0.1638888888888889], [0.042708333333333334, -0.14166666666666666], [0.18802083333333333, -0.032407407407407406], [0.0, 0.0], [0.0, 0.0], [0.0, 0.0], [0.0, 0.0], [0.0, 0.0], [0.0, 0.0]], "R-Elb": [[-0.042708333333333334, -0.1425925925925926], [-0.044270833333333336, -0.16666666666666666], [0.030208333333333334, -0.12037037037037036], [0.17604166666666668, -0.05555555555555555], [0.0, 0.0], [0.0, 0.0], [0.0, 0.0], [0.0, 0.0], [0.0, 0.0], [0.0, 0.0]], "R-Wr": [[-0.043229166666666666, -0.11944444444444445], [-0.0578125, -0.16018518518518518], [0.021354166666666667, -0.08333333333333333], [0.17447916666666666, -0.09722222222222222], [0.0, 0.0], [0.0, 0.0], [0.0, 0.0], [0.0, 0.0], [0.0, 0.0], [0.0, 0.0]], "L-Sho": [[-0.00625, -0.18518518518518517], [-0.0005208333333333333, -0.16574074074074074], [0.0671875, -0.12037037037037036], [0.2125, 0.010185185185185186], [0.0, 0.0], [0.0, 0.0], [0.0, 0.0], [0.0, 0.0], [0.0, 0.0], [0.0, 0.0]], "L-Elb": [[0.00625, -0.16296296296296298], [0.0203125, -0.1574074074074074], [0.07916666666666666, -0.09814814814814815], [0.21354166666666666, 0.053703703703703705], [0.0, 0.0], [0.0, 0.0], [0.0, 0.0], [0.0, 0.0], [0.0, 0.0], [0.0, 0.0]], "L-Wr": [[0.0067708333333333336, -0.11851851851851852], [0.022916666666666665, -0.13240740740740742], [0.0671875, -0.07685185185185185], [0.225, 0.05555555555555555], [0.0, 0.0], [0.0, 0.0], [0.0, 0.0], [0.0, 0.0], [0.0, 0.0], [0.0, 0.0]], "R-Hip": [[-0.030208333333333334, -0.12129629629629629], [-0.015625, -0.1111111111111111], [0.0296875, -0.07777777777777778], [0.15260416666666668, 0.012037037037037037], [0.0, 0.0], [0.0, 0.0], [0.0, 0.0], [0.0, 0.0], [0.0, 0.0], [0.0, 0.0]], "R-Knee": [[-0.030729166666666665, -0.07777777777777778], [-0.026041666666666668, -0.08981481481481482], [-0.00625, -0.05462962962962963], [0.12291666666666666, -0.012962962962962963], [0.0, 0.0], [0.0, 0.0], [0.0, 0.0], [0.0, 0.0], [0.0, 0.0], [0.0, 0.0]], "R-Ank": [[-0.03125, -0.032407407407407406], [-0.04114583333333333, -0.04814814814814815], [-0.0546875, -0.012037037037037037], [0.08697916666666666, -0.013888888888888888], [0.0, 0.0], [0.0, 0.0], [0.0, 0.0], [0.0, 0.0], [0.0, 0.0], [0.0, 0.0]], "L-Hip": [[-0.00625, -0.14166666666666666], [0.005729166666666666, -0.11944444444444445], [0.0421875, -0.07592592592592592], [0.1578125, 0.037037037037037035], [0.0, 0.0], [0.0, 0.0], [0.0, 0.0], [0.0, 0.0], [0.0, 0.0], [0.0, 0.0]], "L-Knee": [[-0.005729166666666666, -0.09722222222222222], [0.00625, -0.07685185185185185], [0.041666666666666664, -0.032407407407407406], [0.14010416666666667, 0.05462962962962963], [0.0, 0.0], [0.0, 0.0], [0.0, 0.0], [0.0, 0.0], [0.0, 0.0], [0.0, 0.0]], "L-Ank": [[0.005208333333333333, -0.032407407407407406], [0.005208333333333333, -0.032407407407407406], [0.005729166666666666, 0.010185185185185186], [0.09166666666666666, 0.075], [0.0, 0.0], [0.0, 0.0], [0.0, 0.0], [0.0, 0.0], [0.0, 0.0], [0.0, 0.0]]}