{"Head": [[0.0203125, -0.2], [0.017708333333333333, -0.1648148148148148], [-0.018229166666666668, -0.11944444444444445], [-0.0796875, -0.09814814814814815], [-0.13072916666666667, -0.07314814814814814], [-0.18072916666666666, -0.028703703703703703], [0.0, 0.0], [0.0, 0.0], [0.0, 0.0], [0.0, 0.0]], "R-Sho": [[0.00625, -0.1675925925925926], [0.005208333333333333, -0.14166666666666666], [-0.0328125, -0.08611111111111111], [-0.0859375, -0.06944444444444445], [-0.13333333333333333, -0.041666666666666664], [-0.17708333333333334, 0.003703703703703704], [0.0, 0.0], [0.0, 0.0], [0.0, 0.0], [0.0, 0.0]], "R-Elb": [[-0.005208333333333333, -0.1287037037037037], [-0.00625, -0.11944444444444445], [-0.034895833333333334, -0.06666666666666667], [-0.10625, -0.046296296296296294], [-0.14270833333333333, -0.018518518518518517], [-0.178125, 0.040740740740740744], [0.0, 0.0], [0.0, 0.0], [0.0, 0.0], [0.0, 0.0]], "R-Wr": [[-0.004166666666666667, -0.08518518518518518], [-0.0067708333333333336, -0.07685185185185185], [-0.035416666666666666, -0.044444444444444446], [-0.115625, -0.05185185185185185], [-0.16510416666666666, 0.009259259259259259], [-0.18958333333333333, 0.049074074074074076], [0.0, 0.0], [0.0, 0.0], [0.0, 0.0], [0.0, 0.0]], "L-Sho": [[0.03697916666666667, -0.17037037037037037], [0.0296875, -0.1425925925925926], [0.0046875, -0.09537037037037037], [-0.058333333333333334, -0.0824074074074074], [-0.11875, -0.062037037037037036], [-0.15885416666666666, -0.013888888888888888], [0.0, 0.0], [0.0, 0.0], [0.0, 0.0], [0.0, 0.0]], "L-Elb": [[0.04479166666666667, -0.13148148148148148], [0.030208333333333334, -0.12037037037037036], [0.013541666666666667, -0.06574074074074074], [-0.04583333333333333, -0.07314814814814814], [-0.10885416666666667, -0.044444444444444446], [-0.153125, 0.011111111111111112], [0.0, 0.0], [0.0, 0.0], [0.0, 0.0], [0.0, 0.0]], "L-Wr": [[0.04583333333333333, -0.10277777777777777], [0.030208333333333334, -0.09814814814814815], [0.013541666666666667, -0.030555555555555555], [-0.07395833333333333, -0.075], [-0.11354166666666667, -0.07685185185185185], [-0.1671875, 0.044444444444444446], [0.0, 0.0], [0.0, 0.0], [0.0, 0.0], [0.0, 0.0]], "R-Hip": [[0.015625, -0.0962962962962963], [0.005729166666666666, -0.07685185185185185], [-0.0078125, -0.04351851851851852], [-0.05625, -0.026851851851851852], [-0.09427083333333333, 0.006481481481481481], [-0.13802083333333334, 0.040740740740740744], [0.0, 0.0], [0.0, 0.0], [0.0, 0.0], [0.0, 0.0]], "R-Knee": [[0.005729166666666666, -0.05462962962962963], [0.005729166666666666, -0.03333333333333333], [-0.015104166666666667, -0.023148148148148147], [-0.028125, 0.007407407407407408], [-0.06770833333333333, 0.014814814814814815], [-0.11302083333333333, 0.04537037037037037], [0.0, 0.0], [0.0, 0.0], [0.0, 0.0], [0.0, 0.0]], "R-Ank": [[0.005729166666666666, 0.010185185185185186], [0.005729166666666666, 0.010185185185185186], [0.0026041666666666665, 0.013888888888888888], [-0.0036458333333333334, 0.018518518518518517], [-0.03333333333333333, 0.014814814814814815], [-0.08697916666666666, 0.03981481481481482], [0.0, 0.0], [0.0, 0.0], [0.0, 0.0], [0.0, 0.0]], "L-Hip": [[0.030208333333333334, -0.09907407407407408], [0.01875, -0.07685185185185185], [0.004166666666666667, -0.049074074074074076], [-0.03802083333333333, -0.049074074074074076], [-0.08177083333333333, -0.03333333333333333], [-0.13020833333333334, 0.004629629629629629], [0.0, 0.0], [0.0, 0.0], [0.0, 0.0], [0.0, 0.0]], "L-Knee": [[0.030729166666666665, -0.05462962962962963], [0.030208333333333334, -0.03333333333333333], [0.021354166666666667, -0.018518518518518517], [-0.011979166666666667, -0.024074074074074074], [-0.053125, -0.030555555555555555], [-0.11354166666666667, 0.006481481481481481], [0.0, 0.0], [0.0, 0.0], [0.0, 0.0], [0.0, 0.0]], "L-Ank": [[0.0421875, 0.010185185185185186], [0.042708333333333334, 0.011111111111111112], [0.05260416666666667, 0.020370370370370372], [0.029166666666666667, -0.01574074074074074], [-0.021354166666666667, -0.03611111111111111], [-0.0859375, -0.012962962962962963], [0.0, 0.0], [0.0, 0.0], [0.0, 0.0], [0.0, 0.0]]}