{"Head": [[-0.00625, -0.25], [-0.018229166666666668, -0.2074074074074074], [-0.228125, -0.06851851851851852], [-0.309375, -0.027777777777777776], [0.0, 0.0], [0.0, 0.0], [0.0, 0.0], [0.0, 0.0], [0.0, 0.0], [0.0, 0.0]], "R-Sho": [[-0.01875, -0.2074074074074074], [-0.030729166666666665, -0.18425925925925926], [-0.22083333333333333, -0.019444444444444445], [-0.31979166666666664, -0.01574074074074074], [0.0, 0.0], [0.0, 0.0], [0.0, 0.0], [0.0, 0.0], [0.0, 0.0], [0.0, 0.0]], "R-Elb": [[-0.030729166666666665, -0.16296296296296298], [-0.043229166666666666, -0.14166666666666666], [-0.24479166666666666, 0.010185185185185186], [-0.3390625, -0.004629629629629629], [0.0, 0.0], [0.0, 0.0], [0.0, 0.0], [0.0, 0.0], [0.0, 0.0], [0.0, 0.0]], "R-Wr": [[-0.030729166666666665, -0.11944444444444445], [-0.04375, -0.09814814814814815], [-0.26979166666666665, 0.025925925925925925], [-0.34791666666666665, 0.008333333333333333], [0.0, 0.0], [0.0, 0.0], [0.0, 0.0], [0.0, 0.0], [0.0, 0.0], [0.0, 0.0]], "L-Sho": [[0.017708333333333333, -0.2074074074074074], [0.005729166666666666, -0.18518518518518517], [-0.2, -0.05277777777777778], [-0.2947916666666667, -0.017592592592592594], [0.0, 0.0], [0.0, 0.0], [0.0, 0.0], [0.0, 0.0], [0.0, 0.0], [0.0, 0.0]], "L-Elb": [[0.018229166666666668, -0.16296296296296298], [0.017708333333333333, -0.14166666666666666], [-0.18020833333333333, -0.05462962962962963], [-0.278125, -0.006481481481481481], [0.0, 0.0], [0.0, 0.0], [0.0, 0.0], [0.0, 0.0], [0.0, 0.0], [0.0, 0.0]], "L-Wr": [[0.018229166666666668, -0.12037037037037036], [0.00625, -0.11944444444444445], [-0.19114583333333332, -0.0787037037037037], [-0.2630208333333333, -0.003703703703703704], [0.0, 0.0], [0.0, 0.0], [0.0, 0.0], [0.0, 0.0], [0.0, 0.0], [0.0, 0.0]], "R-Hip": [[-0.018229166666666668, -0.1], [-0.030208333333333334, -0.09722222222222222], [-0.175, 0.03148148148148148], [-0.3171875, -0.001851851851851852], [0.0, 0.0], [0.0, 0.0], [0.0, 0.0], [0.0, 0.0], [0.0, 0.0], [0.0, 0.0]], "R-Knee": [[-0.01875, -0.03333333333333333], [-0.030729166666666665, -0.032407407407407406], [-0.1421875, 0.04722222222222222], [-0.3171875, -0.001851851851851852], [0.0, 0.0], [0.0, 0.0], [0.0, 0.0], [0.0, 0.0], [0.0, 0.0], [0.0, 0.0]], "R-Ank": [[-0.030729166666666665, 0.032407407407407406], [-0.019270833333333334, 0.03148148148148148], [-0.09427083333333333, 0.04814814814814815], [-0.3182291666666667, 0.0], [0.0, 0.0], [0.0, 0.0], [0.0, 0.0], [0.0, 0.0], [0.0, 0.0], [0.0, 0.0]], "L-Hip": [[0.005729166666666666, -0.11851851851851852], [-0.00625, -0.09722222222222222], [-0.17135416666666667, -0.016666666666666666], [-0.303125, -0.003703703703703704], [0.0, 0.0], [0.0, 0.0], [0.0, 0.0], [0.0, 0.0], [0.0, 0.0], [0.0, 0.0]], "L-Knee": [[0.017708333333333333, -0.03333333333333333], [0.00625, -0.03333333333333333], [-0.1421875, -0.026851851851851852], [-0.303125, -0.003703703703703704], [0.0, 0.0], [0.0, 0.0], [0.0, 0.0], [0.0, 0.0], [0.0, 0.0], [0.0, 0.0]], "L-Ank": [[0.018229166666666668, 0.032407407407407406], [0.030208333333333334, 0.032407407407407406], [-0.10208333333333333, -0.03611111111111111], [-0.303125, -0.003703703703703704], [0.0, 0.0], [0.0, 0.0], [0.0, 0.0], [0.0, 0.0], [0.0, 0.0], [0.0, 0.0]]}