{"Head": [[-0.0328125, -0.2564814814814815], [-0.03333333333333333, -0.2574074074074074], [-0.0359375, -0.2518518518518518], [-0.0390625, -0.24444444444444444], [-0.03854166666666667, -0.22870370370370371], [-0.0625, -0.21296296296296297], [-0.08125, -0.17222222222222222], [-0.10677083333333333, -0.15092592592592594], [-0.1546875, -0.1425925925925926], [0.0, 0.0]], "R-Sho": [[-0.03958333333333333, -0.24722222222222223], [-0.03697916666666667, -0.24537037037037038], [-0.044270833333333336, -0.2351851851851852], [-0.04479166666666667, -0.2324074074074074], [-0.04375, -0.21203703703703702], [-0.06614583333333333, -0.19074074074074074], [-0.08489583333333334, -0.15833333333333333], [-0.10208333333333333, -0.1361111111111111], [-0.15260416666666668, -0.10833333333333334], [0.0, 0.0]], "R-Elb": [[-0.044270833333333336, -0.23333333333333334], [-0.04479166666666667, -0.23981481481481481], [-0.04635416666666667, -0.2324074074074074], [-0.049479166666666664, -0.22037037037037038], [-0.0484375, -0.19444444444444445], [-0.071875, -0.1824074074074074], [-0.08541666666666667, -0.14444444444444443], [-0.10260416666666666, -0.1111111111111111], [-0.15520833333333334, -0.09814814814814815], [0.0, 0.0]], "R-Wr": [[-0.04739583333333333, -0.22592592592592592], [-0.04895833333333333, -0.23703703703703705], [-0.051041666666666666, -0.225], [-0.0546875, -0.21203703703703702], [-0.0484375, -0.18333333333333332], [-0.07916666666666666, -0.1685185185185185], [-0.09427083333333333, -0.13333333333333333], [-0.115625, -0.11296296296296296], [-0.16197916666666667, -0.1], [0.0, 0.0]], "L-Sho": [[-0.028645833333333332, -0.24722222222222223], [-0.028645833333333332, -0.24444444444444444], [-0.030729166666666665, -0.24166666666666667], [-0.034895833333333334, -0.23425925925925925], [-0.033854166666666664, -0.2111111111111111], [-0.05416666666666667, -0.2064814814814815], [-0.07760416666666667, -0.16574074074074074], [-0.09375, -0.14814814814814814], [-0.14427083333333332, -0.13240740740740742], [0.0, 0.0]], "L-Elb": [[-0.026041666666666668, -0.24074074074074073], [-0.0234375, -0.24074074074074073], [-0.0296875, -0.22870370370370371], [-0.030729166666666665, -0.2222222222222222], [-0.028125, -0.2], [-0.04635416666666667, -0.2074074074074074], [-0.0671875, -0.17037037037037037], [-0.08854166666666667, -0.14351851851851852], [-0.13385416666666666, -0.13425925925925927], [0.0, 0.0]], "L-Wr": [[-0.020833333333333332, -0.23055555555555557], [-0.017708333333333333, -0.23333333333333334], [-0.027604166666666666, -0.2175925925925926], [-0.0234375, -0.20462962962962963], [-0.021354166666666667, -0.1935185185185185], [-0.03958333333333333, -0.2064814814814815], [-0.065625, -0.1935185185185185], [-0.11666666666666667, -0.12685185185185185], [-0.14635416666666667, -0.1527777777777778], [0.0, 0.0]], "R-Hip": [[-0.035416666666666666, -0.22407407407407406], [-0.03697916666666667, -0.21574074074074073], [-0.040625, -0.21481481481481482], [-0.04114583333333333, -0.2064814814814815], [-0.03854166666666667, -0.18888888888888888], [-0.04739583333333333, -0.17314814814814813], [-0.06614583333333333, -0.13148148148148148], [-0.08385416666666666, -0.12129629629629629], [-0.14166666666666666, -0.10648148148148148], [0.0, 0.0]], "R-Knee": [[-0.0390625, -0.2037037037037037], [-0.03958333333333333, -0.2], [-0.0421875, -0.18703703703703703], [-0.046875, -0.18796296296296297], [-0.042708333333333334, -0.17592592592592593], [-0.034375, -0.16296296296296298], [-0.04895833333333333, -0.125], [-0.06770833333333333, -0.11574074074074074], [-0.13333333333333333, -0.0962962962962963], [0.0, 0.0]], "R-Ank": [[-0.040625, -0.19166666666666668], [-0.04375, -0.17592592592592593], [-0.04635416666666667, -0.17685185185185184], [-0.046875, -0.16574074074074074], [-0.035416666666666666, -0.1638888888888889], [-0.0171875, -0.15], [-0.0296875, -0.1287037037037037], [-0.053125, -0.11388888888888889], [-0.12395833333333334, -0.09259259259259259], [0.0, 0.0]], "L-Hip": [[-0.0265625, -0.2222222222222222], [-0.0296875, -0.21574074074074073], [-0.03177083333333333, -0.21203703703703702], [-0.03333333333333333, -0.2064814814814815], [-0.03177083333333333, -0.18703703703703703], [-0.04375, -0.18888888888888888], [-0.06145833333333333, -0.1527777777777778], [-0.078125, -0.1388888888888889], [-0.1359375, -0.11203703703703703], [0.0, 0.0]], "L-Knee": [[-0.026041666666666668, -0.2101851851851852], [-0.027083333333333334, -0.2], [-0.028125, -0.18796296296296297], [-0.030208333333333334, -0.19444444444444445], [-0.022916666666666665, -0.17685185185185184], [-0.0296875, -0.18333333333333332], [-0.052083333333333336, -0.15925925925925927], [-0.06197916666666667, -0.1361111111111111], [-0.12760416666666666, -0.10833333333333334], [0.0, 0.0]], "L-Ank": [[-0.0234375, -0.18518518518518517], [-0.023958333333333335, -0.1814814814814815], [-0.0265625, -0.16574074074074074], [-0.027083333333333334, -0.1638888888888889], [-0.007291666666666667, -0.16018518518518518], [-0.0036458333333333334, -0.16944444444444445], [-0.035416666666666666, -0.17685185185185184], [-0.050520833333333334, -0.13333333333333333], [-0.12083333333333333, -0.10092592592592593], [0.0, 0.0]]}