{"Head": [[-0.00625, -0.13518518518518519], [0.0026041666666666665, -0.1388888888888889], [0.005208333333333333, -0.12037037037037036], [-0.00625, -0.07592592592592592], [-0.11875, -0.005555555555555556], [0.0, 0.0], [0.0, 0.0], [0.0, 0.0], [0.0, 0.0], [0.0, 0.0]], "R-Sho": [[-0.01875, -0.11944444444444445], [-0.018229166666666668, -0.09814814814814815], [-0.018229166666666668, -0.09814814814814815], [-0.030208333333333334, -0.05462962962962963], [-0.128125, 0.012037037037037037], [0.0, 0.0], [0.0, 0.0], [0.0, 0.0], [0.0, 0.0], [0.0, 0.0]], "R-Elb": [[-0.0328125, -0.09351851851851851], [-0.030208333333333334, -0.05555555555555555], [-0.019270833333333334, -0.05462962962962963], [-0.042708333333333334, -0.03333333333333333], [-0.11666666666666667, 0.07407407407407407], [0.0, 0.0], [0.0, 0.0], [0.0, 0.0], [0.0, 0.0], [0.0, 0.0]], "R-Wr": [[-0.04739583333333333, -0.08055555555555556], [-0.03125, -0.03148148148148148], [-0.030729166666666665, -0.011111111111111112], [-0.043229166666666666, 0.010185185185185186], [-0.11614583333333334, 0.053703703703703705], [0.0, 0.0], [0.0, 0.0], [0.0, 0.0], [0.0, 0.0], [0.0, 0.0]], "L-Sho": [[0.017708333333333333, -0.11944444444444445], [0.017708333333333333, -0.09907407407407408], [0.018229166666666668, -0.09814814814814815], [0.005729166666666666, -0.05462962962962963], [-0.0921875, -0.011111111111111112], [0.0, 0.0], [0.0, 0.0], [0.0, 0.0], [0.0, 0.0], [0.0, 0.0]], "L-Elb": [[0.030729166666666665, -0.09814814814814815], [0.0296875, -0.05555555555555555], [0.030208333333333334, -0.05462962962962963], [0.018229166666666668, -0.012037037037037037], [-0.07864583333333333, 0.009259259259259259], [0.0, 0.0], [0.0, 0.0], [0.0, 0.0], [0.0, 0.0], [0.0, 0.0]], "L-Wr": [[0.05416666666666667, -0.07685185185185185], [0.030208333333333334, -0.032407407407407406], [0.030729166666666665, -0.011111111111111112], [0.030208333333333334, 0.011111111111111112], [-0.09114583333333333, 0.010185185185185186], [0.0, 0.0], [0.0, 0.0], [0.0, 0.0], [0.0, 0.0], [0.0, 0.0]], "R-Hip": [[-0.017708333333333333, -0.032407407407407406], [-0.007291666666666667, -0.011111111111111112], [-0.0067708333333333336, -0.010185185185185186], [-0.01875, 0.03148148148148148], [-0.07916666666666666, 0.06851851851851852], [0.0, 0.0], [0.0, 0.0], [0.0, 0.0], [0.0, 0.0], [0.0, 0.0]], "R-Knee": [[-0.01875, 0.03333333333333333], [-0.01875, 0.053703703703703705], [-0.01875, 0.05462962962962963], [-0.03125, 0.07592592592592592], [-0.05625, 0.11481481481481481], [0.0, 0.0], [0.0, 0.0], [0.0, 0.0], [0.0, 0.0], [0.0, 0.0]], "R-Ank": [[-0.030729166666666665, 0.11944444444444445], [-0.030729166666666665, 0.11944444444444445], [-0.030729166666666665, 0.12037037037037036], [-0.042708333333333334, 0.14074074074074075], [-0.023958333333333335, 0.1527777777777778], [0.0, 0.0], [0.0, 0.0], [0.0, 0.0], [0.0, 0.0], [0.0, 0.0]], "L-Hip": [[0.00625, -0.032407407407407406], [0.00625, -0.011111111111111112], [0.00625, -0.010185185185185186], [-0.005729166666666666, 0.03148148148148148], [-0.06770833333333333, 0.028703703703703703], [0.0, 0.0], [0.0, 0.0], [0.0, 0.0], [0.0, 0.0], [0.0, 0.0]], "L-Knee": [[0.018229166666666668, 0.03333333333333333], [0.018229166666666668, 0.053703703703703705], [0.018229166666666668, 0.05462962962962963], [0.018229166666666668, 0.075], [-0.0453125, 0.05555555555555555], [0.0, 0.0], [0.0, 0.0], [0.0, 0.0], [0.0, 0.0], [0.0, 0.0]], "L-Ank": [[0.0296875, 0.11944444444444445], [0.030208333333333334, 0.11944444444444445], [0.030208333333333334, 0.11944444444444445], [0.01875, 0.1398148148148148], [-0.005729166666666666, 0.10185185185185185], [0.0, 0.0], [0.0, 0.0], [0.0, 0.0], [0.0, 0.0], [0.0, 0.0]]}