{"Head": [[0.0421875, -0.22777777777777777], [0.030208333333333334, -0.16296296296296298], [-0.06354166666666666, -0.12685185185185185], [-0.17291666666666666, -0.032407407407407406], [-0.24791666666666667, 0.012962962962962963], [0.0, 0.0], [0.0, 0.0], [0.0, 0.0], [0.0, 0.0], [0.0, 0.0]], "R-Sho": [[0.0296875, -0.2064814814814815], [0.017708333333333333, -0.14166666666666666], [-0.06145833333333333, -0.10462962962962963], [-0.17760416666666667, -0.011111111111111112], [-0.24322916666666666, 0.03518518518518519], [0.0, 0.0], [0.0, 0.0], [0.0, 0.0], [0.0, 0.0], [0.0, 0.0]], "R-Elb": [[0.00625, -0.18518518518518517], [0.005729166666666666, -0.11944444444444445], [-0.07916666666666666, -0.07685185185185185], [-0.1890625, 0.032407407407407406], [-0.23489583333333333, 0.058333333333333334], [0.0, 0.0], [0.0, 0.0], [0.0, 0.0], [0.0, 0.0], [0.0, 0.0]], "R-Wr": [[0.00625, -0.14166666666666666], [-0.005729166666666666, -0.07685185185185185], [-0.0796875, -0.07777777777777778], [-0.1765625, 0.053703703703703705], [-0.21875, 0.037037037037037035], [0.0, 0.0], [0.0, 0.0], [0.0, 0.0], [0.0, 0.0], [0.0, 0.0]], "L-Sho": [[0.0546875, -0.2064814814814815], [0.042708333333333334, -0.14166666666666666], [-0.041666666666666664, -0.13333333333333333], [-0.153125, -0.03333333333333333], [-0.23229166666666667, -0.010185185185185186], [0.0, 0.0], [0.0, 0.0], [0.0, 0.0], [0.0, 0.0], [0.0, 0.0]], "L-Elb": [[0.0671875, -0.18518518518518517], [0.0546875, -0.12037037037037036], [-0.0203125, -0.12407407407407407], [-0.128125, -0.03333333333333333], [-0.21510416666666668, -0.040740740740740744], [0.0, 0.0], [0.0, 0.0], [0.0, 0.0], [0.0, 0.0], [0.0, 0.0]], "L-Wr": [[0.06666666666666667, -0.14166666666666666], [0.06666666666666667, -0.07685185185185185], [-0.019791666666666666, -0.09722222222222222], [-0.15833333333333333, -0.017592592592592594], [-0.221875, 0.002777777777777778], [0.0, 0.0], [0.0, 0.0], [0.0, 0.0], [0.0, 0.0], [0.0, 0.0]], "R-Hip": [[0.030208333333333334, -0.14074074074074075], [0.018229166666666668, -0.09814814814814815], [-0.019791666666666666, -0.06574074074074074], [-0.1203125, 0.027777777777777776], [-0.2078125, 0.025925925925925925], [0.0, 0.0], [0.0, 0.0], [0.0, 0.0], [0.0, 0.0], [0.0, 0.0]], "R-Knee": [[0.018229166666666668, -0.07685185185185185], [0.017708333333333333, -0.05462962962962963], [0.009375, -0.006481481481481481], [-0.09479166666666666, 0.03888888888888889], [-0.21145833333333333, 0.05740740740740741], [0.0, 0.0], [0.0, 0.0], [0.0, 0.0], [0.0, 0.0], [0.0, 0.0]], "R-Ank": [[0.017708333333333333, -0.012037037037037037], [0.018229166666666668, -0.011111111111111112], [0.0453125, 0.003703703703703704], [-0.043229166666666666, -0.002777777777777778], [-0.15885416666666666, 0.027777777777777776], [0.0, 0.0], [0.0, 0.0], [0.0, 0.0], [0.0, 0.0], [0.0, 0.0]], "L-Hip": [[0.043229166666666666, -0.14074074074074075], [0.0421875, -0.09814814814814815], [-0.00625, -0.09814814814814815], [-0.1203125, -0.014814814814814815], [-0.19791666666666666, 0.000925925925925926], [0.0, 0.0], [0.0, 0.0], [0.0, 0.0], [0.0, 0.0], [0.0, 0.0]], "L-Knee": [[0.0546875, -0.07685185185185185], [0.06614583333333333, -0.05462962962962963], [0.01875, -0.05555555555555555], [-0.09114583333333333, -0.044444444444444446], [-0.1765625, -0.000925925925925926], [0.0, 0.0], [0.0, 0.0], [0.0, 0.0], [0.0, 0.0], [0.0, 0.0]], "L-Ank": [[0.0546875, -0.012037037037037037], [0.07864583333333333, -0.011111111111111112], [0.05416666666666667, -0.09814814814814815], [-0.05, -0.08796296296296297], [-0.13333333333333333, -0.01574074074074074], [0.0, 0.0], [0.0, 0.0], [0.0, 0.0], [0.0, 0.0], [0.0, 0.0]]}