{"Head": [[0.010416666666666666, -0.25925925925925924], [0.017708333333333333, -0.22962962962962963], [0.027604166666666666, -0.1935185185185185], [0.07916666666666666, -0.1638888888888889], [0.128125, -0.11944444444444445], [0.0, 0.0], [0.0, 0.0], [0.0, 0.0], [0.0, 0.0], [0.0, 0.0]], "R-Sho": [[-0.00625, -0.25], [0.005729166666666666, -0.22777777777777777], [0.017708333333333333, -0.18425925925925926], [0.06666666666666667, -0.16296296296296298], [0.128125, -0.09814814814814815], [0.0, 0.0], [0.0, 0.0], [0.0, 0.0], [0.0, 0.0], [0.0, 0.0]], "R-Elb": [[-0.0067708333333333336, -0.2074074074074074], [-0.005729166666666666, -0.18518518518518517], [0.005729166666666666, -0.16296296296296298], [0.0546875, -0.14166666666666666], [0.11666666666666667, -0.12129629629629629], [0.0, 0.0], [0.0, 0.0], [0.0, 0.0], [0.0, 0.0], [0.0, 0.0]], "R-Wr": [[-0.0067708333333333336, -0.18611111111111112], [-0.005729166666666666, -0.16296296296296298], [-0.00625, -0.14074074074074075], [0.0671875, -0.1638888888888889], [0.10416666666666667, -0.15185185185185185], [0.0, 0.0], [0.0, 0.0], [0.0, 0.0], [0.0, 0.0], [0.0, 0.0]], "L-Sho": [[0.018229166666666668, -0.25], [0.0296875, -0.22777777777777777], [0.030729166666666665, -0.1638888888888889], [0.07864583333333333, -0.14166666666666666], [0.14166666666666666, -0.09259259259259259], [0.0, 0.0], [0.0, 0.0], [0.0, 0.0], [0.0, 0.0], [0.0, 0.0]], "L-Elb": [[0.030208333333333334, -0.2074074074074074], [0.030208333333333334, -0.18518518518518517], [0.0421875, -0.14166666666666666], [0.07916666666666666, -0.12037037037037036], [0.14791666666666667, -0.07407407407407407], [0.0, 0.0], [0.0, 0.0], [0.0, 0.0], [0.0, 0.0], [0.0, 0.0]], "L-Wr": [[0.030208333333333334, -0.18518518518518517], [0.030208333333333334, -0.1638888888888889], [0.0421875, -0.12037037037037036], [0.09114583333333333, -0.16203703703703703], [0.15572916666666667, -0.05740740740740741], [0.0, 0.0], [0.0, 0.0], [0.0, 0.0], [0.0, 0.0], [0.0, 0.0]], "R-Hip": [[0.005208333333333333, -0.18518518518518517], [0.005729166666666666, -0.16296296296296298], [0.00625, -0.14074074074074075], [0.042708333333333334, -0.11944444444444445], [0.1109375, -0.08425925925925926], [0.0, 0.0], [0.0, 0.0], [0.0, 0.0], [0.0, 0.0], [0.0, 0.0]], "R-Knee": [[-0.00625, -0.14166666666666666], [-0.005729166666666666, -0.11944444444444445], [-0.00625, -0.09907407407407408], [0.030208333333333334, -0.09814814814814815], [0.0953125, -0.09907407407407408], [0.0, 0.0], [0.0, 0.0], [0.0, 0.0], [0.0, 0.0], [0.0, 0.0]], "R-Ank": [[-0.00625, -0.09814814814814815], [-0.00625, -0.07685185185185185], [-0.018229166666666668, -0.07685185185185185], [0.017708333333333333, -0.07777777777777778], [0.08385416666666666, -0.1175925925925926], [0.0, 0.0], [0.0, 0.0], [0.0, 0.0], [0.0, 0.0], [0.0, 0.0]], "L-Hip": [[0.017708333333333333, -0.18518518518518517], [0.018229166666666668, -0.16296296296296298], [0.0296875, -0.12129629629629629], [0.0546875, -0.09814814814814815], [0.11145833333333334, -0.05277777777777778], [0.0, 0.0], [0.0, 0.0], [0.0, 0.0], [0.0, 0.0], [0.0, 0.0]], "L-Knee": [[0.018229166666666668, -0.14166666666666666], [0.0296875, -0.12037037037037036], [0.030208333333333334, -0.09907407407407408], [0.043229166666666666, -0.07777777777777778], [0.090625, -0.05277777777777778], [0.0, 0.0], [0.0, 0.0], [0.0, 0.0], [0.0, 0.0], [0.0, 0.0]], "L-Ank": [[0.018229166666666668, -0.09722222222222222], [0.018229166666666668, -0.07685185185185185], [0.0296875, -0.07592592592592592], [0.017708333333333333, -0.07685185185185185], [0.05572916666666667, -0.05925925925925926], [0.0, 0.0], [0.0, 0.0], [0.0, 0.0], [0.0, 0.0], [0.0, 0.0]]}