{"Head": [[0.005208333333333333, -0.1425925925925926], [0.0036458333333333334, -0.17314814814814813], [-0.021875, -0.08611111111111111], [-0.14791666666666667, 0.04351851851851852], [0.0, 0.0], [0.0, 0.0], [0.0, 0.0], [0.0, 0.0], [0.0, 0.0], [0.0, 0.0]], "R-Sho": [[-0.007291666666666667, -0.14166666666666666], [-0.011458333333333333, -0.15092592592592594], [-0.03125, -0.05462962962962963], [-0.15364583333333334, 0.075], [0.0, 0.0], [0.0, 0.0], [0.0, 0.0], [0.0, 0.0], [0.0, 0.0], [0.0, 0.0]], "R-Elb": [[-0.01875, -0.09907407407407408], [-0.027604166666666666, -0.11296296296296296], [-0.042708333333333334, -0.012037037037037037], [-0.17083333333333334, 0.09444444444444444], [0.0, 0.0], [0.0, 0.0], [0.0, 0.0], [0.0, 0.0], [0.0, 0.0], [0.0, 0.0]], "R-Wr": [[-0.019270833333333334, -0.09722222222222222], [-0.0328125, -0.06574074074074074], [-0.043229166666666666, 0.011111111111111112], [-0.18385416666666668, 0.13518518518518519], [0.0, 0.0], [0.0, 0.0], [0.0, 0.0], [0.0, 0.0], [0.0, 0.0], [0.0, 0.0]], "L-Sho": [[0.017708333333333333, -0.14166666666666666], [0.01875, -0.14722222222222223], [-0.0026041666666666665, -0.058333333333333334], [-0.1296875, 0.05092592592592592], [0.0, 0.0], [0.0, 0.0], [0.0, 0.0], [0.0, 0.0], [0.0, 0.0], [0.0, 0.0]], "L-Elb": [[0.0296875, -0.11944444444444445], [0.027604166666666666, -0.12129629629629629], [0.007291666666666667, -0.03148148148148148], [-0.11510416666666666, 0.03518518518518519], [0.0, 0.0], [0.0, 0.0], [0.0, 0.0], [0.0, 0.0], [0.0, 0.0], [0.0, 0.0]], "L-Wr": [[0.01875, -0.07685185185185185], [0.033854166666666664, -0.08518518518518518], [0.013541666666666667, 0.004629629629629629], [-0.090625, 0.018518518518518517], [0.0, 0.0], [0.0, 0.0], [0.0, 0.0], [0.0, 0.0], [0.0, 0.0], [0.0, 0.0]], "R-Hip": [[-0.00625, -0.07685185185185185], [-0.00625, -0.07685185185185185], [-0.01875, -0.011111111111111112], [-0.1203125, 0.125], [0.0, 0.0], [0.0, 0.0], [0.0, 0.0], [0.0, 0.0], [0.0, 0.0], [0.0, 0.0]], "R-Knee": [[-0.018229166666666668, -0.03333333333333333], [-0.018229166666666668, -0.03333333333333333], [-0.01875, 0.011111111111111112], [-0.09375, 0.14537037037037037], [0.0, 0.0], [0.0, 0.0], [0.0, 0.0], [0.0, 0.0], [0.0, 0.0], [0.0, 0.0]], "R-Ank": [[-0.01875, 0.010185185185185186], [-0.01875, 0.03148148148148148], [-0.00625, 0.05462962962962963], [-0.0578125, 0.1425925925925926], [0.0, 0.0], [0.0, 0.0], [0.0, 0.0], [0.0, 0.0], [0.0, 0.0], [0.0, 0.0]], "L-Hip": [[0.00625, -0.07685185185185185], [0.0171875, -0.07685185185185185], [-0.00625, -0.012037037037037037], [-0.103125, 0.08611111111111111], [0.0, 0.0], [0.0, 0.0], [0.0, 0.0], [0.0, 0.0], [0.0, 0.0], [0.0, 0.0]], "L-Knee": [[0.018229166666666668, -0.03425925925925926], [0.018229166666666668, -0.03333333333333333], [0.00625, 0.010185185185185186], [-0.075, 0.08333333333333333], [0.0, 0.0], [0.0, 0.0], [0.0, 0.0], [0.0, 0.0], [0.0, 0.0], [0.0, 0.0]], "L-Ank": [[0.030208333333333334, 0.010185185185185186], [0.030208333333333334, 0.03148148148148148], [0.0421875, 0.053703703703703705], [-0.03697916666666667, 0.0824074074074074], [0.0, 0.0], [0.0, 0.0], [0.0, 0.0], [0.0, 0.0], [0.0, 0.0], [0.0, 0.0]]}