{"Head": [[0.0109375, -0.25555555555555554], [0.011458333333333333, -0.25555555555555554], [0.00625, -0.22962962962962963], [0.005729166666666666, -0.2064814814814815], [0.005729166666666666, -0.20555555555555555], [0.007291666666666667, -0.18888888888888888], [0.005729166666666666, -0.18425925925925926], [0.022916666666666665, -0.15185185185185185], [0.11041666666666666, -0.10462962962962963], [0.20625, -0.04259259259259259]], "R-Sho": [[-0.003125, -0.225], [-0.004166666666666667, -0.23981481481481481], [-0.00625, -0.22777777777777777], [-0.00625, -0.18518518518518517], [-0.00625, -0.18425925925925926], [-0.00625, -0.1638888888888889], [-0.00625, -0.16296296296296298], [0.014583333333333334, -0.13518518518518519], [0.10052083333333334, -0.10092592592592593], [0.18802083333333333, -0.02962962962962963]], "R-Elb": [[-0.009895833333333333, -0.21203703703703702], [-0.010416666666666666, -0.21666666666666667], [-0.0067708333333333336, -0.18518518518518517], [-0.0067708333333333336, -0.16296296296296298], [-0.014583333333333334, -0.14351851851851852], [-0.018229166666666668, -0.1388888888888889], [-0.015625, -0.14166666666666666], [0.0015625, -0.12129629629629629], [0.084375, -0.10185185185185185], [0.17760416666666667, -0.037037037037037035]], "R-Wr": [[-0.008854166666666666, -0.18518518518518517], [-0.008854166666666666, -0.17685185185185184], [-0.00625, -0.16296296296296298], [-0.0067708333333333336, -0.14166666666666666], [-0.022395833333333334, -0.12314814814814815], [-0.0203125, -0.10740740740740741], [-0.01875, -0.1175925925925926], [-0.011458333333333333, -0.10555555555555556], [0.10625, -0.09074074074074075], [0.16510416666666666, -0.03425925925925926]], "L-Sho": [[0.023958333333333335, -0.22777777777777777], [0.024479166666666666, -0.24537037037037038], [0.018229166666666668, -0.22777777777777777], [0.017708333333333333, -0.18518518518518517], [0.0171875, -0.18425925925925926], [0.020833333333333332, -0.16666666666666666], [0.017708333333333333, -0.16296296296296298], [0.0359375, -0.1388888888888889], [0.11875, -0.08796296296296297], [0.20989583333333334, -0.013888888888888888]], "L-Elb": [[0.028645833333333332, -0.2064814814814815], [0.03229166666666667, -0.2101851851851852], [0.0296875, -0.18518518518518517], [0.018229166666666668, -0.16296296296296298], [0.028645833333333332, -0.15462962962962962], [0.026041666666666668, -0.13796296296296295], [0.03229166666666667, -0.13425925925925927], [0.04375, -0.11666666666666667], [0.11145833333333334, -0.07962962962962963], [0.20520833333333333, 0.000925925925925926]], "L-Wr": [[0.025520833333333333, -0.17314814814814813], [0.025, -0.1648148148148148], [0.018229166666666668, -0.1638888888888889], [0.0171875, -0.1425925925925926], [0.03125, -0.11481481481481481], [0.029166666666666667, -0.1], [0.033854166666666664, -0.10648148148148148], [0.043229166666666666, -0.0962962962962963], [0.1328125, -0.0712962962962963], [0.21875, 0.011111111111111112]], "R-Hip": [[0.0026041666666666665, -0.1675925925925926], [-0.005208333333333333, -0.1574074074074074], [0.005208333333333333, -0.1638888888888889], [-0.005729166666666666, -0.14166666666666666], [-0.00625, -0.12129629629629629], [-0.003125, -0.12222222222222222], [0.0010416666666666667, -0.11481481481481481], [0.019270833333333334, -0.08611111111111111], [0.0796875, -0.06574074074074074], [0.17760416666666667, -0.022222222222222223]], "R-Knee": [[-0.0078125, -0.1259259259259259], [-0.010416666666666666, -0.11666666666666667], [-0.00625, -0.14074074074074075], [-0.00625, -0.11944444444444445], [-0.0067708333333333336, -0.1], [-0.011458333333333333, -0.09074074074074075], [-0.0171875, -0.0712962962962963], [-0.0036458333333333334, -0.04814814814814815], [0.042708333333333334, -0.04814814814814815], [0.14114583333333333, -0.019444444444444445]], "R-Ank": [[-0.00625, -0.08333333333333333], [-0.009895833333333333, -0.07314814814814814], [-0.018229166666666668, -0.07685185185185185], [-0.018229166666666668, -0.05555555555555555], [-0.018229166666666668, -0.05462962962962963], [-0.015104166666666667, -0.044444444444444446], [-0.018229166666666668, -0.03518518518518519], [-0.013541666666666667, -0.020370370370370372], [0.008333333333333333, -0.03333333333333333], [0.12239583333333333, 0.0]], "L-Hip": [[0.016145833333333335, -0.16666666666666666], [0.016145833333333335, -0.16203703703703703], [0.017708333333333333, -0.1638888888888889], [0.0067708333333333336, -0.14166666666666666], [0.00625, -0.12129629629629629], [0.015625, -0.12777777777777777], [0.0171875, -0.11574074074074074], [0.03333333333333333, -0.08148148148148149], [0.09010416666666667, -0.04814814814814815], [0.1765625, 0.005555555555555556]], "L-Knee": [[0.0265625, -0.13055555555555556], [0.03333333333333333, -0.11018518518518519], [0.0296875, -0.14074074074074075], [0.017708333333333333, -0.11944444444444445], [0.018229166666666668, -0.1], [0.0234375, -0.08611111111111111], [0.025, -0.08981481481481482], [0.0390625, -0.06296296296296296], [0.07083333333333333, -0.01574074074074074], [0.15729166666666666, 0.005555555555555556]], "L-Ank": [[0.03125, -0.0824074074074074], [0.034375, -0.06574074074074074], [0.030208333333333334, -0.07685185185185185], [0.0296875, -0.07685185185185185], [0.030208333333333334, -0.05555555555555555], [0.0359375, -0.044444444444444446], [0.027604166666666666, -0.044444444444444446], [0.027604166666666666, -0.03425925925925926], [0.03229166666666667, -0.004629629629629629], [0.1328125, 0.005555555555555556]]}