{"Head": [[0.0010416666666666667, -0.1824074074074074], [-0.01875, -0.18518518518518517], [-0.13020833333333334, -0.19722222222222222], [0.0, 0.0], [0.0, 0.0], [0.0, 0.0], [0.0, 0.0], [0.0, 0.0], [0.0, 0.0], [0.0, 0.0]], "R-Sho": [[-0.018229166666666668, -0.1638888888888889], [-0.042708333333333334, -0.16296296296296298], [-0.14114583333333333, -0.1638888888888889], [0.0, 0.0], [0.0, 0.0], [0.0, 0.0], [0.0, 0.0], [0.0, 0.0], [0.0, 0.0], [0.0, 0.0]], "R-Elb": [[-0.01875, -0.14074074074074075], [-0.05520833333333333, -0.12129629629629629], [-0.153125, -0.12129629629629629], [0.0, 0.0], [0.0, 0.0], [0.0, 0.0], [0.0, 0.0], [0.0, 0.0], [0.0, 0.0], [0.0, 0.0]], "R-Wr": [[-0.01875, -0.09166666666666666], [-0.06979166666666667, -0.08611111111111111], [-0.15260416666666668, -0.09814814814814815], [0.0, 0.0], [0.0, 0.0], [0.0, 0.0], [0.0, 0.0], [0.0, 0.0], [0.0, 0.0], [0.0, 0.0]], "L-Sho": [[0.017708333333333333, -0.1638888888888889], [-0.0067708333333333336, -0.15925925925925927], [-0.11458333333333333, -0.17222222222222222], [0.0, 0.0], [0.0, 0.0], [0.0, 0.0], [0.0, 0.0], [0.0, 0.0], [0.0, 0.0], [0.0, 0.0]], "L-Elb": [[0.017708333333333333, -0.14074074074074075], [0.005729166666666666, -0.12037037037037036], [-0.10364583333333334, -0.14074074074074075], [0.0, 0.0], [0.0, 0.0], [0.0, 0.0], [0.0, 0.0], [0.0, 0.0], [0.0, 0.0], [0.0, 0.0]], "L-Wr": [[0.018229166666666668, -0.08518518518518518], [0.005208333333333333, -0.09814814814814815], [-0.10364583333333334, -0.07685185185185185], [0.0, 0.0], [0.0, 0.0], [0.0, 0.0], [0.0, 0.0], [0.0, 0.0], [0.0, 0.0], [0.0, 0.0]], "R-Hip": [[-0.0067708333333333336, -0.11944444444444445], [-0.030729166666666665, -0.09907407407407408], [-0.14010416666666667, -0.09814814814814815], [0.0, 0.0], [0.0, 0.0], [0.0, 0.0], [0.0, 0.0], [0.0, 0.0], [0.0, 0.0], [0.0, 0.0]], "R-Knee": [[-0.030208333333333334, -0.07777777777777778], [-0.050520833333333334, -0.06851851851851852], [-0.125, -0.049074074074074076], [0.0, 0.0], [0.0, 0.0], [0.0, 0.0], [0.0, 0.0], [0.0, 0.0], [0.0, 0.0], [0.0, 0.0]], "R-Ank": [[-0.030729166666666665, -0.012037037037037037], [-0.05677083333333333, -0.009259259259259259], [-0.1171875, 0.004629629629629629], [0.0, 0.0], [0.0, 0.0], [0.0, 0.0], [0.0, 0.0], [0.0, 0.0], [0.0, 0.0], [0.0, 0.0]], "L-Hip": [[0.00625, -0.11944444444444445], [-0.010416666666666666, -0.09259259259259259], [-0.11302083333333333, -0.10833333333333334], [0.0, 0.0], [0.0, 0.0], [0.0, 0.0], [0.0, 0.0], [0.0, 0.0], [0.0, 0.0], [0.0, 0.0]], "L-Knee": [[0.017708333333333333, -0.07685185185185185], [0.0036458333333333334, -0.046296296296296294], [-0.08854166666666667, -0.05648148148148148], [0.0, 0.0], [0.0, 0.0], [0.0, 0.0], [0.0, 0.0], [0.0, 0.0], [0.0, 0.0], [0.0, 0.0]], "L-Ank": [[0.018229166666666668, -0.012037037037037037], [0.019791666666666666, -0.001851851851851852], [-0.075, 0.012037037037037037], [0.0, 0.0], [0.0, 0.0], [0.0, 0.0], [0.0, 0.0], [0.0, 0.0], [0.0, 0.0], [0.0, 0.0]]}