{"Head": [[0.0, 0.0], [-0.04375, -0.02359882005899705], [-0.05, -0.011799410029498525], [-0.065625, 0.004424778761061947], [-0.10859375, 0.017699115044247787], [-0.15703125, 0.06342182890855458], [-0.18671875, 0.08259587020648967], [0.0, 0.0], [0.0, 0.0], [0.0, 0.0]], "R-Sho": [[-0.040625, -0.035398230088495575], [-0.046875, -0.017699115044247787], [-0.053125, -0.007374631268436578], [-0.06953125, 0.019174041297935103], [-0.10859375, 0.03392330383480826], [-0.15, 0.07669616519174041], [-0.18203125, 0.08997050147492626], [0.0, 0.0], [0.0, 0.0], [0.0, 0.0]], "R-Elb": [[-0.04375, -0.02359882005899705], [-0.05234375, -0.0058997050147492625], [-0.059375, -0.004424778761061947], [-0.071875, 0.028023598820058997], [-0.121875, 0.038348082595870206], [-0.1515625, 0.09144542772861357], [-0.17109375, 0.09882005899705015], [0.0, 0.0], [0.0, 0.0], [0.0, 0.0]], "R-Wr": [[-0.0484375, -0.022123893805309734], [-0.0578125, 0.008849557522123894], [-0.0625, -0.004424778761061947], [-0.075, 0.038348082595870206], [-0.12734375, 0.04129793510324484], [-0.14609375, 0.10619469026548672], [-0.17890625, 0.10914454277286136], [0.0, 0.0], [0.0, 0.0], [0.0, 0.0]], "L-Sho": [[-0.05546875, -0.019174041297935103], [-0.0375, -0.02064896755162242], [-0.046875, -0.007374631268436578], [-0.06015625, 0.011799410029498525], [-0.10625, 0.022123893805309734], [-0.146875, 0.06489675516224189], [-0.17734375, 0.0752212389380531], [0.0, 0.0], [0.0, 0.0], [0.0, 0.0]], "L-Elb": [[-0.03359375, -0.029498525073746312], [-0.034375, -0.007374631268436578], [-0.04296875, -0.0014749262536873156], [-0.05625, 0.011799410029498525], [-0.096875, 0.017699115044247787], [-0.14140625, 0.06489675516224189], [-0.17734375, 0.0752212389380531], [0.0, 0.0], [0.0, 0.0], [0.0, 0.0]], "L-Wr": [[-0.0296875, -0.025073746312684365], [-0.02890625, 0.0058997050147492625], [-0.03515625, 0.007374631268436578], [-0.046875, 0.011799410029498525], [-0.1015625, 0.03392330383480826], [-0.1375, 0.07374631268436578], [-0.1796875, 0.05752212389380531], [0.0, 0.0], [0.0, 0.0], [0.0, 0.0]], "R-Hip": [[-0.0234375, -0.02359882005899705], [-0.0484375, 0.0029498525073746312], [-0.053125, 0.014749262536873156], [-0.0625, 0.03982300884955752], [-0.09765625, 0.06342182890855458], [-0.1375, 0.08702064896755163], [-0.1609375, 0.09292035398230089], [0.0, 0.0], [0.0, 0.0], [0.0, 0.0]], "R-Knee": [[-0.04140625, -0.0029498525073746312], [-0.04765625, 0.029498525073746312], [-0.05625, 0.030973451327433628], [-0.06796875, 0.058997050147492625], [-0.09375, 0.08997050147492626], [-0.13359375, 0.09734513274336283], [-0.15703125, 0.11356932153392331], [0.0, 0.0], [0.0, 0.0], [0.0, 0.0]], "R-Ank": [[-0.0421875, 0.01032448377581121], [-0.04765625, 0.04277286135693215], [-0.05703125, 0.05014749262536873], [-0.06015625, 0.07817109144542773], [-0.07890625, 0.09882005899705015], [-0.1296875, 0.10324483775811209], [-0.13359375, 0.11356932153392331], [0.0, 0.0], [0.0, 0.0], [0.0, 0.0]], "L-Hip": [[-0.04296875, 0.022123893805309734], [-0.0390625, 0.0058997050147492625], [-0.04765625, 0.01327433628318584], [-0.05859375, 0.03687315634218289], [-0.09140625, 0.058997050147492625], [-0.13515625, 0.07669616519174041], [-0.159375, 0.07817109144542773], [0.0, 0.0], [0.0, 0.0], [0.0, 0.0]], "L-Knee": [[-0.0328125, -0.0058997050147492625], [-0.0390625, 0.02654867256637168], [-0.046875, 0.03687315634218289], [-0.05078125, 0.05604719764011799], [-0.08046875, 0.07079646017699115], [-0.12734375, 0.08112094395280237], [-0.15234375, 0.0471976401179941], [0.0, 0.0], [0.0, 0.0], [0.0, 0.0]], "L-Ank": [[-0.0328125, 0.008849557522123894], [-0.0390625, 0.05014749262536873], [-0.04609375, 0.05309734513274336], [-0.0359375, 0.06784660766961652], [-0.0625, 0.08702064896755163], [-0.109375, 0.09587020648967552], [-0.16875, 0.05014749262536873], [0.0, 0.0], [0.0, 0.0], [0.0, 0.0]]}