{"Head": [[-0.0046875, -0.2875], [0.01796875, -0.2388888888888889], [0.0625, -0.16944444444444445], [0.109375, -0.13055555555555556], [0.0, 0.0], [0.0, 0.0], [0.0, 0.0], [0.0, 0.0], [0.0, 0.0], [0.0, 0.0]], "R-Sho": [[-0.00859375, -0.2763888888888889], [0.0109375, -0.23194444444444445], [0.0625, -0.16944444444444445], [0.1015625, -0.13055555555555556], [0.0, 0.0], [0.0, 0.0], [0.0, 0.0], [0.0, 0.0], [0.0, 0.0], [0.0, 0.0]], "R-Elb": [[-0.0171875, -0.275], [0.01328125, -0.2513888888888889], [0.05390625, -0.1625], [0.10078125, -0.14722222222222223], [0.0, 0.0], [0.0, 0.0], [0.0, 0.0], [0.0, 0.0], [0.0, 0.0], [0.0, 0.0]], "R-Wr": [[-0.02265625, -0.2638888888888889], [0.01875, -0.2611111111111111], [0.05, -0.18055555555555555], [0.11015625, -0.14722222222222223], [0.0, 0.0], [0.0, 0.0], [0.0, 0.0], [0.0, 0.0], [0.0, 0.0], [0.0, 0.0]], "L-Sho": [[0.0015625, -0.28055555555555556], [0.01875, -0.23194444444444445], [0.06015625, -0.16111111111111112], [0.1015625, -0.12638888888888888], [0.0, 0.0], [0.0, 0.0], [0.0, 0.0], [0.0, 0.0], [0.0, 0.0], [0.0, 0.0]], "L-Elb": [[0.00546875, -0.275], [0.025, -0.24305555555555555], [0.06796875, -0.14305555555555555], [0.09765625, -0.11805555555555555], [0.0, 0.0], [0.0, 0.0], [0.0, 0.0], [0.0, 0.0], [0.0, 0.0], [0.0, 0.0]], "L-Wr": [[0.01015625, -0.25416666666666665], [0.028125, -0.25277777777777777], [0.05859375, -0.1361111111111111], [0.1078125, -0.11527777777777778], [0.0, 0.0], [0.0, 0.0], [0.0, 0.0], [0.0, 0.0], [0.0, 0.0], [0.0, 0.0]], "R-Hip": [[-0.00703125, -0.2638888888888889], [0.00390625, -0.23055555555555557], [0.04765625, -0.1527777777777778], [0.09140625, -0.1375], [0.0, 0.0], [0.0, 0.0], [0.0, 0.0], [0.0, 0.0], [0.0, 0.0], [0.0, 0.0]], "R-Knee": [[-0.0109375, -0.24444444444444444], [-0.0109375, -0.2152777777777778], [0.0390625, -0.15694444444444444], [0.0796875, -0.14444444444444443], [0.0, 0.0], [0.0, 0.0], [0.0, 0.0], [0.0, 0.0], [0.0, 0.0], [0.0, 0.0]], "R-Ank": [[-0.0140625, -0.22361111111111112], [-0.02109375, -0.1986111111111111], [0.0265625, -0.1597222222222222], [0.06953125, -0.1597222222222222], [0.0, 0.0], [0.0, 0.0], [0.0, 0.0], [0.0, 0.0], [0.0, 0.0], [0.0, 0.0]], "L-Hip": [[-0.003125, -0.26666666666666666], [0.00859375, -0.225], [0.0484375, -0.14583333333333334], [0.084375, -0.12083333333333333], [0.0, 0.0], [0.0, 0.0], [0.0, 0.0], [0.0, 0.0], [0.0, 0.0], [0.0, 0.0]], "L-Knee": [[0.0, -0.24722222222222223], [0.015625, -0.2111111111111111], [0.034375, -0.1388888888888889], [0.0765625, -0.11805555555555555], [0.0, 0.0], [0.0, 0.0], [0.0, 0.0], [0.0, 0.0], [0.0, 0.0], [0.0, 0.0]], "L-Ank": [[0.0, -0.22916666666666666], [0.0015625, -0.20416666666666666], [0.0265625, -0.14027777777777778], [0.0609375, -0.13472222222222222], [0.0, 0.0], [0.0, 0.0], [0.0, 0.0], [0.0, 0.0], [0.0, 0.0], [0.0, 0.0]]}