{"Head": [[-0.08782201405152225, -0.23125], [-0.059718969555035126, -0.22083333333333333], [-0.02224824355971897, -0.2], [0.0351288056206089, -0.17916666666666667], [0.11358313817330211, -0.15416666666666667], [0.16744730679156908, -0.12708333333333333], [0.0, 0.0], [0.0, 0.0], [0.0, 0.0], [0.0, 0.0]], "R-Sho": [[-0.09601873536299765, -0.21041666666666667], [-0.07142857142857142, -0.19791666666666666], [-0.0351288056206089, -0.17916666666666667], [0.03981264637002342, -0.1875], [0.09836065573770492, -0.14791666666666667], [0.16978922716627634, -0.14375], [0.0, 0.0], [0.0, 0.0], [0.0, 0.0], [0.0, 0.0]], "R-Elb": [[-0.10187353629976581, -0.20625], [-0.07611241217798595, -0.17916666666666667], [-0.03864168618266979, -0.17916666666666667], [0.04449648711943794, -0.19375], [0.09953161592505855, -0.16666666666666666], [0.16978922716627634, -0.14375], [0.0, 0.0], [0.0, 0.0], [0.0, 0.0], [0.0, 0.0]], "R-Wr": [[-0.1053864168618267, -0.18125], [-0.08196721311475409, -0.17291666666666666], [-0.0468384074941452, -0.17916666666666667], [0.0585480093676815, -0.21041666666666667], [0.10070257611241218, -0.2], [0.18969555035128804, -0.15], [0.0, 0.0], [0.0, 0.0], [0.0, 0.0], [0.0, 0.0]], "L-Sho": [[-0.07962529274004684, -0.22291666666666668], [-0.0585480093676815, -0.19583333333333333], [-0.01990632318501171, -0.175], [0.04566744730679157, -0.15625], [0.10070257611241218, -0.14791666666666667], [0.17447306791569087, -0.12083333333333333], [0.0, 0.0], [0.0, 0.0], [0.0, 0.0], [0.0, 0.0]], "L-Elb": [[-0.07377049180327869, -0.19375], [-0.04800936768149883, -0.18125], [-0.01639344262295082, -0.1625], [0.05503512880562061, -0.17291666666666666], [0.12177985948477751, -0.14166666666666666], [0.18501170960187355, -0.11875], [0.0, 0.0], [0.0, 0.0], [0.0, 0.0], [0.0, 0.0]], "L-Wr": [[-0.07259953161592506, -0.16458333333333333], [-0.040983606557377046, -0.16666666666666666], [-0.01288056206088993, -0.12916666666666668], [0.06440281030444965, -0.19375], [0.1405152224824356, -0.14375], [0.19320843091334894, -0.11875], [0.0, 0.0], [0.0, 0.0], [0.0, 0.0], [0.0, 0.0]], "R-Hip": [[-0.10070257611241218, -0.16458333333333333], [-0.0702576112412178, -0.16041666666666668], [-0.04800936768149883, -0.14583333333333334], [0.00936768149882904, -0.16041666666666668], [0.07142857142857142, -0.13333333333333333], [0.14637002341920374, -0.13541666666666666], [0.0, 0.0], [0.0, 0.0], [0.0, 0.0], [0.0, 0.0]], "R-Knee": [[-0.10070257611241218, -0.13125], [-0.07494145199063232, -0.14375], [-0.059718969555035126, -0.12708333333333333], [-0.01288056206088993, -0.15], [0.053864168618266976, -0.13541666666666666], [0.11592505854800937, -0.12708333333333333], [0.0, 0.0], [0.0, 0.0], [0.0, 0.0], [0.0, 0.0]], "R-Ank": [[-0.1053864168618267, -0.09375], [-0.07728337236533958, -0.11458333333333333], [-0.07611241217798595, -0.1125], [-0.040983606557377046, -0.12916666666666668], [0.03278688524590164, -0.14166666666666666], [0.09836065573770492, -0.15208333333333332], [0.0, 0.0], [0.0, 0.0], [0.0, 0.0], [0.0, 0.0]], "L-Hip": [[-0.07962529274004684, -0.17083333333333334], [-0.05503512880562061, -0.15833333333333333], [-0.0351288056206089, -0.15208333333333332], [0.02810304449648712, -0.15208333333333332], [0.07611241217798595, -0.12083333333333333], [0.14402810304449648, -0.11041666666666666], [0.0, 0.0], [0.0, 0.0], [0.0, 0.0], [0.0, 0.0]], "L-Knee": [[-0.07611241217798595, -0.14375], [-0.05503512880562061, -0.14583333333333334], [-0.02224824355971897, -0.12916666666666668], [0.00117096018735363, -0.12708333333333333], [0.05269320843091335, -0.11041666666666666], [0.11475409836065574, -0.09791666666666667], [0.0, 0.0], [0.0, 0.0], [0.0, 0.0], [0.0, 0.0]], "L-Ank": [[-0.06674473067915691, -0.0875], [-0.05269320843091335, -0.10833333333333334], [-0.03981264637002342, -0.10833333333333334], [-0.02224824355971897, -0.10625], [0.02927400468384075, -0.11666666666666667], [0.09718969555035128, -0.09375], [0.0, 0.0], [0.0, 0.0], [0.0, 0.0], [0.0, 0.0]]}