{"Head": [[-0.00702576112412178, -0.27291666666666664], [-0.04215456674473068, -0.2520833333333333], [-0.05620608899297424, -0.22916666666666666], [-0.01873536299765808, -0.27291666666666664], [-0.00702576112412178, -0.2520833333333333], [-0.03044496487119438, -0.16458333333333333], [-0.14754098360655737, -0.08958333333333333], [-0.265807962529274, 0.0020833333333333333], [-0.34894613583138173, 0.05], [0.0, 0.0]], "R-Sho": [[-0.03044496487119438, -0.22916666666666666], [-0.05503512880562061, -0.22916666666666666], [-0.07962529274004684, -0.18958333333333333], [-0.04215456674473068, -0.23125], [-0.03044496487119438, -0.22708333333333333], [-0.04332552693208431, -0.13958333333333334], [-0.15456674473067916, -0.05], [-0.2810304449648712, 0.05625], [-0.33489461358313816, 0.06041666666666667], [0.0, 0.0]], "R-Elb": [[-0.03161592505854801, -0.18541666666666667], [-0.09016393442622951, -0.25], [-0.1053864168618267, -0.20625], [-0.04449648711943794, -0.18541666666666667], [-0.03161592505854801, -0.16458333333333333], [-0.05503512880562061, -0.1], [-0.18266978922716628, -0.025], [-0.25878220140515223, 0.08541666666666667], [-0.33840749414519905, 0.08333333333333333], [0.0, 0.0]], "R-Wr": [[-0.03161592505854801, -0.14166666666666666], [-0.10304449648711944, -0.2708333333333333], [-0.1288056206088993, -0.20833333333333334], [-0.053864168618266976, -0.14375], [-0.03278688524590164, -0.12083333333333333], [-0.05620608899297424, -0.075], [-0.202576112412178, -0.0125], [-0.24121779859484777, 0.08958333333333333], [-0.32669789227166274, 0.0875], [0.0, 0.0]], "L-Sho": [[0.00702576112412178, -0.22916666666666666], [-0.01873536299765808, -0.21041666666666667], [-0.04332552693208431, -0.18541666666666667], [-0.00468384074941452, -0.23125], [0.00702576112412178, -0.22916666666666666], [-0.00819672131147541, -0.14166666666666666], [-0.12997658079625293, -0.08958333333333333], [-0.24121779859484777, 0.020833333333333332], [-0.3325526932084309, 0.029166666666666667], [0.0, 0.0]], "L-Elb": [[0.01756440281030445, -0.18541666666666667], [-0.00702576112412178, -0.16458333333333333], [-0.03044496487119438, -0.14166666666666666], [0.00585480093676815, -0.1875], [0.01873536299765808, -0.16666666666666666], [0.00351288056206089, -0.1], [-0.09718969555035128, -0.0875], [-0.2224824355971897, 0.03125], [-0.3149882903981265, 0.016666666666666666], [0.0, 0.0]], "L-Wr": [[0.01756440281030445, -0.14166666666666666], [-0.00585480093676815, -0.13958333333333334], [-0.03044496487119438, -0.09791666666666667], [0.01639344262295082, -0.1625], [0.01873536299765808, -0.13958333333333334], [0.01639344262295082, -0.09791666666666667], [-0.06440281030444965, -0.0875], [-0.21194379391100704, 0.03125], [-0.32084309133489464, 0.04375], [0.0, 0.0]], "R-Hip": [[-0.01990632318501171, -0.12291666666666666], [-0.05503512880562061, -0.12083333333333333], [-0.07962529274004684, -0.07916666666666666], [-0.03161592505854801, -0.12291666666666666], [-0.01873536299765808, -0.12083333333333333], [-0.03278688524590164, -0.05416666666666667], [-0.09250585480093677, 0.0], [-0.22014051522248243, 0.06458333333333334], [-0.31381733021077285, 0.06458333333333334], [0.0, 0.0]], "R-Knee": [[-0.03161592505854801, -0.035416666666666666], [-0.07962529274004684, -0.05416666666666667], [-0.10421545667447307, -0.03333333333333333], [-0.04332552693208431, -0.05416666666666667], [-0.03161592505854801, -0.03333333333333333], [-0.04332552693208431, -0.010416666666666666], [-0.06674473067915691, 0.029166666666666667], [-0.19086651053864168, 0.075], [-0.2892271662763466, 0.07291666666666667], [0.0, 0.0]], "R-Ank": [[-0.03161592505854801, 0.052083333333333336], [-0.1053864168618267, 0.03125], [-0.117096018735363, 0.052083333333333336], [-0.053864168618266976, 0.03333333333333333], [-0.04332552693208431, 0.052083333333333336], [-0.01990632318501171, 0.052083333333333336], [-0.02576112412177986, 0.06875], [-0.12646370023419204, 0.08333333333333333], [-0.28337236533957844, 0.1], [0.0, 0.0]], "L-Hip": [[0.00468384074941452, -0.12083333333333333], [-0.03044496487119438, -0.11875], [-0.04449648711943794, -0.07916666666666666], [-0.00702576112412178, -0.12291666666666666], [0.00585480093676815, -0.12083333333333333], [-0.01756440281030445, -0.05625], [-0.08079625292740047, -0.0375], [-0.20023419203747073, 0.025], [-0.29859484777517564, 0.03958333333333333], [0.0, 0.0]], "L-Knee": [[0.00585480093676815, -0.035416666666666666], [-0.00585480093676815, -0.03333333333333333], [-0.01873536299765808, -0.03333333333333333], [0.00585480093676815, -0.05416666666666667], [0.01756440281030445, -0.03333333333333333], [0.01873536299765808, -0.0125], [-0.03629976580796253, -0.00625], [-0.17330210772833723, 0.029166666666666667], [-0.27634660421545665, 0.04583333333333333], [0.0, 0.0]], "L-Ank": [[0.01756440281030445, 0.052083333333333336], [0.01756440281030445, 0.052083333333333336], [0.00585480093676815, 0.052083333333333336], [0.01756440281030445, 0.05], [0.03044496487119438, 0.052083333333333336], [0.03044496487119438, 0.05416666666666667], [0.01053864168618267, 0.014583333333333334], [-0.13348946135831383, 0.022916666666666665], [-0.2529274004683841, 0.058333333333333334], [0.0, 0.0]]}