{"Head": [[0.08046875, -0.20648967551622419], [0.0796875, -0.16371681415929204], [0.06875, -0.16224188790560473], [0.06796875, -0.07669616519174041], [0.103125, -0.032448377581120944], [0.184375, 0.011799410029498525], [0.39921875, 0.10176991150442478], [0.0, 0.0], [0.0, 0.0], [0.0, 0.0]], "R-Sho": [[0.034375, -0.11946902654867257], [0.04453125, -0.08849557522123894], [0.04609375, -0.09882005899705015], [0.0453125, -0.03392330383480826], [0.07890625, 0.01032448377581121], [0.171875, 0.05457227138643068], [0.3671875, 0.140117994100295], [0.0, 0.0], [0.0, 0.0], [0.0, 0.0]], "R-Elb": [[0.05703125, -0.032448377581120944], [0.0375, -0.022123893805309734], [0.02265625, 0.008849557522123894], [0.034375, 0.05309734513274336], [0.04609375, 0.0752212389380531], [0.13671875, 0.07374631268436578], [0.35546875, 0.18436578171091444], [0.0, 0.0], [0.0, 0.0], [0.0, 0.0]], "R-Wr": [[0.03359375, 0.008849557522123894], [0.0265625, 0.07817109144542773], [0.034375, 0.05457227138643068], [0.021875, 0.11799410029498525], [0.0234375, 0.11799410029498525], [0.1375, 0.01032448377581121], [0.425, 0.20058997050147492], [0.0, 0.0], [0.0, 0.0], [0.0, 0.0]], "L-Sho": [[0.13203125, -0.11356932153392331], [0.1171875, -0.10766961651917405], [0.1140625, -0.09882005899705015], [0.10390625, -0.03392330383480826], [0.1375, 0.030973451327433628], [0.2296875, 0.09734513274336283], [0.43046875, 0.17551622418879056], [0.0, 0.0], [0.0, 0.0], [0.0, 0.0]], "L-Elb": [[0.13671875, -0.03392330383480826], [0.13671875, -0.032448377581120944], [0.1375, -0.032448377581120944], [0.1265625, 0.05309734513274336], [0.16015625, 0.09734513274336283], [0.26484375, 0.16224188790560473], [0.4484375, 0.2920353982300885], [0.0, 0.0], [0.0, 0.0], [0.0, 0.0]], "L-Wr": [[0.1484375, 0.032448377581120944], [0.1484375, 0.051622418879056046], [0.13828125, 0.03392330383480826], [0.1375, 0.11946902654867257], [0.17265625, 0.16224188790560473], [0.309375, 0.16224188790560473], [0.4703125, 0.3584070796460177], [0.0, 0.0], [0.0, 0.0], [0.0, 0.0]], "R-Hip": [[0.05703125, 0.07374631268436578], [0.06796875, 0.0752212389380531], [0.06796875, 0.0752212389380531], [0.06796875, 0.11946902654867257], [0.06875, 0.18289085545722714], [0.1484375, 0.20648967551622419], [0.32109375, 0.2728613569321534], [0.0, 0.0], [0.0, 0.0], [0.0, 0.0]], "R-Knee": [[0.05703125, 0.20648967551622419], [0.06796875, 0.20648967551622419], [0.03515625, 0.20648967551622419], [0.01171875, 0.22713864306784662], [0.01171875, 0.2713864306784661], [0.07890625, 0.2920353982300885], [0.24140625, 0.31268436578171094], [0.0, 0.0], [0.0, 0.0], [0.0, 0.0]], "R-Ank": [[0.05703125, 0.35693215339233036], [0.05703125, 0.35693215339233036], [0.0453125, 0.31563421828908556], [-0.0234375, 0.33775811209439527], [-0.03359375, 0.3584070796460177], [0.0, 0.3584070796460177], [0.2203125, 0.35103244837758113], [0.0, 0.0], [0.0, 0.0], [0.0, 0.0]], "L-Hip": [[0.1140625, 0.07374631268436578], [0.10390625, 0.0752212389380531], [0.103125, 0.0752212389380531], [0.11171875, 0.11061946902654868], [0.10546875, 0.1710914454277286], [0.184375, 0.22861356932153393], [0.35546875, 0.33480825958702065], [0.0, 0.0], [0.0, 0.0], [0.0, 0.0]], "L-Knee": [[0.12578125, 0.20501474926253688], [0.1265625, 0.20648967551622419], [0.1265625, 0.20648967551622419], [0.1484375, 0.18289085545722714], [0.1375, 0.22713864306784662], [0.19765625, 0.28466076696165193], [0.3609375, 0.34365781710914456], [0.0, 0.0], [0.0, 0.0], [0.0, 0.0]], "L-Ank": [[0.14921875, 0.35693215339233036], [0.159375, 0.35693215339233036], [0.16015625, 0.33480825958702065], [0.12578125, 0.31268436578171094], [0.09140625, 0.336283185840708], [0.125, 0.3775811209439528], [0.27578125, 0.3805309734513274], [0.0, 0.0], [0.0, 0.0], [0.0, 0.0]]}