{"Head": [[-0.0351288056206089, -0.27708333333333335], [0.00468384074941452, -0.2875], [0.03278688524590164, -0.25625], [0.00585480093676815, -0.20625], [-0.03161592505854801, -0.14166666666666666], [0.0, 0.0], [0.0, 0.0], [0.0, 0.0], [0.0, 0.0], [0.0, 0.0]], "R-Sho": [[-0.04566744730679157, -0.24791666666666667], [-0.00585480093676815, -0.25416666666666665], [0.026932084309133488, -0.24166666666666667], [0.01756440281030445, -0.1875], [-0.04449648711943794, -0.14583333333333334], [0.0, 0.0], [0.0, 0.0], [0.0, 0.0], [0.0, 0.0], [0.0, 0.0]], "R-Elb": [[-0.05152224824355972, -0.2375], [-0.00936768149882904, -0.23958333333333334], [0.01873536299765808, -0.21666666666666667], [0.00585480093676815, -0.17083333333333334], [-0.04918032786885246, -0.14791666666666667], [0.0, 0.0], [0.0, 0.0], [0.0, 0.0], [0.0, 0.0], [0.0, 0.0]], "R-Wr": [[-0.05620608899297424, -0.23125], [-0.0117096018735363, -0.23125], [0.01522248243559719, -0.20625], [0.0, -0.16875], [-0.053864168618266976, -0.14791666666666667], [0.0, 0.0], [0.0, 0.0], [0.0, 0.0], [0.0, 0.0], [0.0, 0.0]], "L-Sho": [[-0.03278688524590164, -0.2520833333333333], [0.00585480093676815, -0.25416666666666665], [0.03864168618266979, -0.24166666666666667], [0.02224824355971897, -0.18541666666666667], [-0.03161592505854801, -0.1625], [0.0, 0.0], [0.0, 0.0], [0.0, 0.0], [0.0, 0.0], [0.0, 0.0]], "L-Elb": [[-0.026932084309133488, -0.23958333333333334], [0.0117096018735363, -0.23125], [0.04566744730679157, -0.21875], [0.01522248243559719, -0.17916666666666667], [-0.04215456674473068, -0.16875], [0.0, 0.0], [0.0, 0.0], [0.0, 0.0], [0.0, 0.0], [0.0, 0.0]], "L-Wr": [[-0.01639344262295082, -0.225], [0.01990632318501171, -0.22291666666666668], [0.05035128805620609, -0.20833333333333334], [0.00936768149882904, -0.17916666666666667], [-0.04800936768149883, -0.17291666666666666], [0.0, 0.0], [0.0, 0.0], [0.0, 0.0], [0.0, 0.0], [0.0, 0.0]], "R-Hip": [[-0.04449648711943794, -0.225], [-0.00117096018735363, -0.22083333333333333], [0.03395784543325527, -0.20416666666666666], [0.03044496487119438, -0.16458333333333333], [-0.03395784543325527, -0.14166666666666666], [0.0, 0.0], [0.0, 0.0], [0.0, 0.0], [0.0, 0.0], [0.0, 0.0]], "R-Knee": [[-0.0468384074941452, -0.20416666666666666], [-0.00468384074941452, -0.19583333333333333], [0.03395784543325527, -0.20416666666666666], [0.03864168618266979, -0.14791666666666667], [-0.02224824355971897, -0.13541666666666666], [0.0, 0.0], [0.0, 0.0], [0.0, 0.0], [0.0, 0.0], [0.0, 0.0]], "R-Ank": [[-0.05152224824355972, -0.17916666666666667], [-0.00936768149882904, -0.15833333333333333], [0.02927400468384075, -0.16041666666666668], [0.04449648711943794, -0.13333333333333333], [-0.00936768149882904, -0.125], [0.0, 0.0], [0.0, 0.0], [0.0, 0.0], [0.0, 0.0], [0.0, 0.0]], "L-Hip": [[-0.03278688524590164, -0.225], [0.00702576112412178, -0.21458333333333332], [0.04332552693208431, -0.2], [0.03981264637002342, -0.175], [-0.02576112412177986, -0.15208333333333332], [0.0, 0.0], [0.0, 0.0], [0.0, 0.0], [0.0, 0.0], [0.0, 0.0]], "L-Knee": [[-0.02810304449648712, -0.20416666666666666], [0.00936768149882904, -0.18958333333333333], [0.04332552693208431, -0.19583333333333333], [0.05503512880562061, -0.16666666666666666], [-0.01288056206088993, -0.14791666666666667], [0.0, 0.0], [0.0, 0.0], [0.0, 0.0], [0.0, 0.0], [0.0, 0.0]], "L-Ank": [[-0.02459016393442623, -0.18125], [0.0117096018735363, -0.16041666666666668], [0.04800936768149883, -0.16666666666666666], [0.07962529274004684, -0.14791666666666667], [-0.00117096018735363, -0.14583333333333334], [0.0, 0.0], [0.0, 0.0], [0.0, 0.0], [0.0, 0.0], [0.0, 0.0]]}