{"Head": [[0.0, 0.0], [-0.01796875, -0.13194444444444445], [-0.01640625, -0.12777777777777777], [-0.01484375, -0.1125], [0.0, -0.09583333333333334], [0.01328125, -0.09583333333333334], [0.0265625, -0.0763888888888889], [0.0, 0.0], [0.0, 0.0], [0.0, 0.0]], "R-Sho": [[-0.01796875, -0.12638888888888888], [-0.02109375, -0.12638888888888888], [-0.0203125, -0.11388888888888889], [-0.02109375, -0.10555555555555556], [-0.009375, -0.08888888888888889], [0.00859375, -0.09166666666666666], [0.01953125, -0.07361111111111111], [0.0, 0.0], [0.0, 0.0], [0.0, 0.0]], "R-Elb": [[-0.02421875, -0.11944444444444445], [-0.0234375, -0.12361111111111112], [-0.0265625, -0.10972222222222222], [-0.0265625, -0.10277777777777777], [-0.01328125, -0.09027777777777778], [0.003125, -0.09305555555555556], [0.01484375, -0.08472222222222223], [0.0, 0.0], [0.0, 0.0], [0.0, 0.0]], "R-Wr": [[-0.0296875, -0.10972222222222222], [-0.02578125, -0.11527777777777778], [-0.028125, -0.09722222222222222], [-0.0328125, -0.09722222222222222], [-0.01796875, -0.09444444444444444], [-0.00390625, -0.09722222222222222], [0.01171875, -0.08611111111111111], [0.0, 0.0], [0.0, 0.0], [0.0, 0.0]], "L-Sho": [[-0.0296875, -0.09305555555555556], [-0.01171875, -0.13055555555555556], [-0.01484375, -0.11388888888888889], [-0.01171875, -0.10416666666666667], [-0.003125, -0.09027777777777778], [0.0140625, -0.08888888888888889], [0.0234375, -0.06666666666666667], [0.0, 0.0], [0.0, 0.0], [0.0, 0.0]], "L-Elb": [[-0.015625, -0.11666666666666667], [-0.009375, -0.12083333333333333], [-0.01015625, -0.10277777777777777], [-0.0078125, -0.10138888888888889], [-0.0015625, -0.08472222222222223], [0.0140625, -0.08472222222222223], [0.0296875, -0.05555555555555555], [0.0, 0.0], [0.0, 0.0], [0.0, 0.0]], "L-Wr": [[-0.0109375, -0.10416666666666667], [-0.00703125, -0.1125], [-0.00625, -0.09305555555555556], [-0.003125, -0.09444444444444444], [0.00703125, -0.08472222222222223], [0.0234375, -0.08333333333333333], [0.028125, -0.04583333333333333], [0.0, 0.0], [0.0, 0.0], [0.0, 0.0]], "R-Hip": [[-0.0078125, -0.09583333333333334], [-0.0203125, -0.10277777777777777], [-0.01953125, -0.09583333333333334], [-0.021875, -0.09166666666666666], [-0.01328125, -0.08472222222222223], [0.00390625, -0.0763888888888889], [0.01484375, -0.06527777777777778], [0.0, 0.0], [0.0, 0.0], [0.0, 0.0]], "R-Knee": [[-0.01875, -0.09305555555555556], [-0.02109375, -0.09027777777777778], [-0.021875, -0.08611111111111111], [-0.02421875, -0.08472222222222223], [-0.0203125, -0.08194444444444444], [-0.00859375, -0.06805555555555555], [0.00703125, -0.06666666666666667], [0.0, 0.0], [0.0, 0.0], [0.0, 0.0]], "R-Ank": [[-0.02109375, -0.075], [-0.02265625, -0.075], [-0.02421875, -0.06666666666666667], [-0.028125, -0.0763888888888889], [-0.02734375, -0.07222222222222222], [-0.02265625, -0.06805555555555555], [0.0, -0.07083333333333333], [0.0, 0.0], [0.0, 0.0], [0.0, 0.0]], "L-Hip": [[-0.021875, -0.05694444444444444], [-0.0125, -0.10833333333333334], [-0.0125, -0.10277777777777777], [-0.01796875, -0.08611111111111111], [-0.00859375, -0.08194444444444444], [0.00859375, -0.07083333333333333], [0.0140625, -0.058333333333333334], [0.0, 0.0], [0.0, 0.0], [0.0, 0.0]], "L-Knee": [[-0.0125, -0.09027777777777778], [-0.0125, -0.09583333333333334], [-0.0125, -0.08194444444444444], [-0.00859375, -0.0763888888888889], [-0.0046875, -0.07083333333333333], [-0.0015625, -0.058333333333333334], [0.0140625, -0.04722222222222222], [0.0, 0.0], [0.0, 0.0], [0.0, 0.0]], "L-Ank": [[-0.01171875, -0.08194444444444444], [-0.01171875, -0.07222222222222222], [-0.0109375, -0.06805555555555555], [-0.01484375, -0.06944444444444445], [-0.015625, -0.0625], [-0.01015625, -0.05694444444444444], [0.00625, -0.043055555555555555], [0.0, 0.0], [0.0, 0.0], [0.0, 0.0]]}