{"Head": [[0.06674473067915691, -0.2833333333333333], [0.02576112412177986, -0.2708333333333333], [-0.01990632318501171, -0.25416666666666665], [-0.07728337236533958, -0.2375], [-0.13817330210772832, -0.20625], [-0.2189695550351288, -0.18333333333333332], [0.0, 0.0], [0.0, 0.0], [0.0, 0.0], [0.0, 0.0]], "R-Sho": [[0.05503512880562061, -0.2604166666666667], [0.01873536299765808, -0.25], [-0.01873536299765808, -0.23958333333333334], [-0.07611241217798595, -0.2125], [-0.1405152224824356, -0.19583333333333333], [-0.21428571428571427, -0.17291666666666666], [0.0, 0.0], [0.0, 0.0], [0.0, 0.0], [0.0, 0.0]], "R-Elb": [[0.0468384074941452, -0.23541666666666666], [0.01053864168618267, -0.24375], [-0.02459016393442623, -0.20208333333333334], [-0.09016393442622951, -0.20833333333333334], [-0.14754098360655737, -0.18958333333333333], [-0.22365339578454332, -0.16041666666666668], [0.0, 0.0], [0.0, 0.0], [0.0, 0.0], [0.0, 0.0]], "R-Wr": [[0.040983606557377046, -0.21666666666666667], [0.00234192037470726, -0.23125], [-0.026932084309133488, -0.19375], [-0.10889929742388758, -0.20833333333333334], [-0.16393442622950818, -0.1875], [-0.23536299765807964, -0.16041666666666668], [0.0, 0.0], [0.0, 0.0], [0.0, 0.0], [0.0, 0.0]], "L-Sho": [[0.07142857142857142, -0.2604166666666667], [0.03278688524590164, -0.2520833333333333], [-0.00468384074941452, -0.23333333333333334], [-0.06791569086651054, -0.23958333333333334], [-0.1323185011709602, -0.22916666666666666], [-0.20843091334894615, -0.19166666666666668], [0.0, 0.0], [0.0, 0.0], [0.0, 0.0], [0.0, 0.0]], "L-Elb": [[0.08079625292740047, -0.23125], [0.03747072599531616, -0.2375], [0.00468384074941452, -0.225], [-0.04449648711943794, -0.22916666666666666], [-0.13817330210772832, -0.24791666666666667], [-0.2154566744730679, -0.21041666666666667], [0.0, 0.0], [0.0, 0.0], [0.0, 0.0], [0.0, 0.0]], "L-Wr": [[0.09016393442622951, -0.21041666666666667], [0.05269320843091335, -0.21458333333333332], [0.00468384074941452, -0.20208333333333334], [-0.07611241217798595, -0.22708333333333333], [-0.15105386416861827, -0.24791666666666667], [-0.22950819672131148, -0.21041666666666667], [0.0, 0.0], [0.0, 0.0], [0.0, 0.0], [0.0, 0.0]], "R-Hip": [[0.0585480093676815, -0.20625], [0.01639344262295082, -0.20625], [-0.01053864168618267, -0.1875], [-0.04449648711943794, -0.19791666666666666], [-0.10772833723653395, -0.18125], [-0.18032786885245902, -0.16666666666666666], [0.0, 0.0], [0.0, 0.0], [0.0, 0.0], [0.0, 0.0]], "R-Knee": [[0.04918032786885246, -0.175], [0.01522248243559719, -0.18125], [-0.01053864168618267, -0.17916666666666667], [-0.03395784543325527, -0.16041666666666668], [-0.06908665105386416, -0.16875], [-0.15690866510538642, -0.15833333333333333], [0.0, 0.0], [0.0, 0.0], [0.0, 0.0], [0.0, 0.0]], "R-Ank": [[0.05035128805620609, -0.15208333333333332], [0.01639344262295082, -0.14791666666666667], [0.00819672131147541, -0.16041666666666668], [0.01288056206088993, -0.16041666666666668], [-0.03278688524590164, -0.15416666666666667], [-0.12177985948477751, -0.17291666666666666], [0.0, 0.0], [0.0, 0.0], [0.0, 0.0], [0.0, 0.0]], "L-Hip": [[0.06791569086651054, -0.20416666666666666], [0.02927400468384075, -0.20833333333333334], [-0.00585480093676815, -0.20625], [-0.0351288056206089, -0.20625], [-0.10187353629976581, -0.2125], [-0.18384074941451992, -0.19166666666666668], [0.0, 0.0], [0.0, 0.0], [0.0, 0.0], [0.0, 0.0]], "L-Knee": [[0.07494145199063232, -0.17916666666666667], [0.04566744730679157, -0.175], [0.01756440281030445, -0.18541666666666667], [-0.01639344262295082, -0.19166666666666668], [-0.07494145199063232, -0.21041666666666667], [-0.15690866510538642, -0.18541666666666667], [0.0, 0.0], [0.0, 0.0], [0.0, 0.0], [0.0, 0.0]], "L-Ank": [[0.08548009367681499, -0.14166666666666666], [0.0585480093676815, -0.15208333333333332], [0.03864168618266979, -0.1625], [0.01405152224824356, -0.18125], [-0.03864168618266979, -0.22916666666666666], [-0.12295081967213115, -0.20208333333333334], [0.0, 0.0], [0.0, 0.0], [0.0, 0.0], [0.0, 0.0]]}