{"Head": [[-0.028125, -0.22566371681415928], [-0.02578125, -0.22861356932153393], [-0.028125, -0.21976401179941002], [-0.0328125, -0.19321533923303835], [-0.05859375, -0.13569321533923304], [-0.0859375, -0.030973451327433628], [-0.128125, 0.028023598820058997], [-0.16328125, 0.05014749262536873], [-0.165625, 0.028023598820058997], [-0.14765625, 0.02654867256637168]], "R-Sho": [[-0.03359375, -0.2168141592920354], [-0.03203125, -0.21976401179941002], [-0.03828125, -0.20206489675516223], [-0.0390625, -0.18584070796460178], [-0.05703125, -0.1224188790560472], [-0.08671875, -0.0014749262536873156], [-0.12265625, 0.045722713864306784], [-0.15, 0.05752212389380531], [-0.1671875, 0.04424778761061947], [-0.1515625, 0.030973451327433628]], "R-Elb": [[-0.0375, -0.21386430678466076], [-0.0359375, -0.21976401179941002], [-0.04296875, -0.19911504424778761], [-0.0390625, -0.18584070796460178], [-0.05703125, -0.10766961651917405], [-0.0875, 0.014749262536873156], [-0.13125, 0.05752212389380531], [-0.15, 0.0752212389380531], [-0.16796875, 0.048672566371681415], [-0.1546875, 0.030973451327433628]], "R-Wr": [[-0.040625, -0.19911504424778761], [-0.03984375, -0.21386430678466076], [-0.04453125, -0.19616519174041297], [-0.04609375, -0.18141592920353983], [-0.05859375, -0.09292035398230089], [-0.09765625, 0.014749262536873156], [-0.13828125, 0.058997050147492625], [-0.1609375, 0.0752212389380531], [-0.17109375, 0.05752212389380531], [-0.15859375, 0.030973451327433628]], "L-Sho": [[-0.025, -0.22418879056047197], [-0.02265625, -0.22418879056047197], [-0.025, -0.20943952802359883], [-0.028125, -0.1873156342182891], [-0.0453125, -0.12979351032448377], [-0.07734375, -0.01327433628318584], [-0.1171875, 0.030973451327433628], [-0.1546875, 0.0471976401179941], [-0.159375, 0.028023598820058997], [-0.14609375, 0.029498525073746312]], "L-Elb": [[-0.01640625, -0.2182890855457227], [-0.01796875, -0.2182890855457227], [-0.01640625, -0.19616519174041297], [-0.02421875, -0.18289085545722714], [-0.0359375, -0.12684365781710916], [-0.0671875, -0.011799410029498525], [-0.1171875, 0.016224188790560472], [-0.13828125, 0.04277286135693215], [-0.15078125, 0.028023598820058997], [-0.1421875, 0.03687315634218289]], "L-Wr": [[-0.0125, -0.2079646017699115], [-0.01015625, -0.21091445427728614], [-0.01171875, -0.1887905604719764], [-0.0203125, -0.17846607669616518], [-0.0421875, -0.11356932153392331], [-0.07734375, 0.017699115044247787], [-0.11953125, 0.011799410029498525], [-0.1484375, 0.05457227138643068], [-0.140625, 0.028023598820058997], [-0.13828125, 0.05014749262536873]], "R-Hip": [[-0.03125, -0.2153392330383481], [-0.03125, -0.20501474926253688], [-0.0328125, -0.19174041297935104], [-0.03671875, -0.17846607669616518], [-0.04609375, -0.10471976401179942], [-0.06796875, 0.0014749262536873156], [-0.10390625, 0.05309734513274336], [-0.1328125, 0.06342182890855458], [-0.1546875, 0.038348082595870206], [-0.16875, 0.0471976401179941]], "R-Knee": [[-0.03125, -0.19911504424778761], [-0.0328125, -0.19321533923303835], [-0.03359375, -0.17699115044247787], [-0.04375, -0.16666666666666666], [-0.0484375, -0.09144542772861357], [-0.0703125, 0.016224188790560472], [-0.103125, 0.06489675516224189], [-0.12578125, 0.08259587020648967], [-0.15546875, 0.05457227138643068], [-0.16875, 0.07964601769911504]], "R-Ank": [[-0.03125, -0.1902654867256637], [-0.0328125, -0.18141592920353983], [-0.03359375, -0.168141592920354], [-0.03671875, -0.15486725663716813], [-0.03125, -0.084070796460177], [-0.05, 0.01032448377581121], [-0.08203125, 0.06637168141592921], [-0.09140625, 0.06342182890855458], [-0.1609375, 0.084070796460177], [-0.1828125, 0.08259587020648967]], "L-Hip": [[-0.02421875, -0.20943952802359883], [-0.02421875, -0.20943952802359883], [-0.02578125, -0.1902654867256637], [-0.0296875, -0.1710914454277286], [-0.03984375, -0.11651917404129794], [-0.0640625, -0.02064896755162242], [-0.1046875, 0.030973451327433628], [-0.12890625, 0.03982300884955752], [-0.14609375, 0.03687315634218289], [-0.15625, 0.051622418879056046]], "L-Knee": [[-0.0234375, -0.20206489675516223], [-0.02265625, -0.1976401179941003], [-0.02578125, -0.18436578171091444], [-0.02265625, -0.16371681415929204], [-0.028125, -0.10914454277286136], [-0.053125, -0.017699115044247787], [-0.09375, 0.04129793510324484], [-0.11953125, 0.05752212389380531], [-0.13125, 0.07817109144542773], [-0.15, 0.09882005899705015]], "L-Ank": [[-0.021875, -0.1873156342182891], [-0.02265625, -0.17846607669616518], [-0.02578125, -0.1696165191740413], [-0.0171875, -0.1504424778761062], [-0.015625, -0.10324483775811209], [-0.03046875, -0.022123893805309734], [-0.06640625, 0.028023598820058997], [-0.09296875, 0.045722713864306784], [-0.11328125, 0.07227138643067847], [-0.1484375, 0.11504424778761062]]}